name,title,date,video_url,view_num,likes_num,unlikes_num,comments
"""뭘 할지 모르는 사람"" 특징 (이종범 만화가)","""뭘 할지 모르는 사람"" 특징 (이종범 만화가)",2021. 3. 13.,http://www.youtube.com/watch?v=55osn87i7TQ,"조회수 169,399회","좋아요 5,955개",싫어요 57개,"우와 신사임당님과 나눴던 즐거운 대화가 올라왔네요. 감사드립니다 신사임당님도 정말 좋은 말씀 많이 해주셨는데 게스트를 위하신다고 제 이야기 외에는 많이 편집해버리셨군요 ㅠㅠ 초대해주셔서 감사했습니다!|난 초딩땐 과학자가 꿈이였고
중딩땐 다큐멘터리를 보고 감동먹어서 흉부외과의사가 꿈이였으며
고딩땐 친척중 마음이 아픈 사람과 그에 동시에 고통받는 그의 가족들을 보며 정신과의사를 꿈꿨고
의대를 못간 이후 공부한게 아까워 약대편입해서 가늘고 얇게, 취미생활에서 삶의 보람을 보내는걸 목표로 삼았고
약대에서 과외강사를 해보면서 이제서야 수학선생이 진짜 내 적성에 맞는 직업이라 느꼈습니다 진짜 천직이야

지금 제 계획은 보험으로 페이약사를 하며 과외강사로 투잡을 뛰면서 열심히 뛰어 전업 수학강사로 사는게 꿈입니다
그러니 삶을 열심히 충실히 사십쇼
애매하개 공부하고 애매하게 놀고 하기보단 뭘 하든 열심히 사시면 당신의 길이 보입니다(애매하게 살면 평생 꿈도 못꾸고 평생 헤멥니다)
남들보다 늦은것도 빠른것도 아무문제 없습니다
걱정마십쇼|사람을 만나면 오해가 생겨서 만나지 않는다는거 저도 그래요... 누군가를 만나고 얘기를 하고 오면 상대에게 나를 “증명”을 해야 할 것만 같은 느낌에 너무 피곤해요 ㅠㅠ 굳이 증명해야 할 필요가 있나 싶어서 사람만나는걸 피하게 되네요|그냥 이순간을 즐기자 ㅋㅋ 멍때려도 괜찮아 꿈 없어도 괜찮아 이세상 사람들은 돈 많은 사람도 돈 없는 사람도 꿈 많았던 사람도 꿈 없던 사람도 결국 맨몸으로 왔다 맨몸으로 떠난다. 행복이 우선이 되는 삶을 살자 서로 사랑하는 삶을 살자|안좋은 댓글 지워주시는거 너무 좋은것 같아요 얼마전에 개인적으로 아주 좋게본 영상의 댓글에 그분에 대한 외모평가, 외모비하를 하는걸 보고 화가나더라구요 시간내셔서 좋은정보를 공유해주신분께 상처가 될거 같았어요 남 외모비하 하면서 자기들 정신승리 하는건지..댓글 지우시는것도 출연자분들에 대한 배려인것 같아요 신사임당님 늘 응원하고 좋은영상 잘보고있어요 감사합니다!^^|“가장 좋은 선택은 내 약점을 파악하는 데서 나온다. 자기 이해를 위해 한 턴을 보내보자.”  너무 유익한 인터뷰였어요☺️|정말 좋은 영상이네요
겁에 질려있어 급하게 선택하는 것보다 내가 하고 싶은걸 늦더라도 올바르게 선택하는게 중요하다는걸|1. 첫사랑이랑 반드시 결혼해야한다고 생각하나?
2. 조건부 행복에 목메지 마라.
= 너의 불행 모먼트를 정확히 많이 아는건 인생에 엄청난 무기가 된다.|내가 골드버튼일리 없어 ㅋㅋㅋㅋㅋㅋㅋㅋㅋㅋㅋㅋㅋㅋㅋㅋㅋ|상담사 수준으로 심리에 대한 통찰이 깊으시다고 생각했는데 심리학과 나오셨군요. 신사임당님도 물 만난 고기처럼 편하게 말씀하시는 모습 보기 좋았어요. 감사합니다|통찰력 갑! 처음보는 분이신데 비유가 장난 아님... 괜히 만화가가 아니시네|자신의 취약점을 파악하는 게 중요하다. 뭔가를 시도할 때 자기기만 없이 객관적으로 자신이 어떤 상태인지 봐야 한다. 인생은 현재의 나와 이상적인 나와 불화와 화해의 과정이다.|돈 얘기보다도 더 값진 영상|""안좋은 댓글은 지웁니다...."" 
시원하고 위로 받고 갑니다^^ 
듣기 싫은 소리 흘려 무시해 버리면 되는데 참 쉬운데... 맘속엔 상처가 남더라구요...|작가님...? 이미지가 많이 바뀌셨네요 ㅋㅋ머리올리시고 수염다듬으니 다른분인줄|이번 영상 보면서 거의 울뻔 했습니다. 꿈 없이 살면서 항상 제가 잘못된 사람인것처럼 생각했었는데 ㅠ|평가만큼 달콤한 불량식품이 없다는말 정말 공감되네요 ㅎㅎ 판단하지 말고 응원하는 커뮤니티가 되길 바랍니다!!|4:30 정말 깊이 공감합니다:)....초등학교 4학년 때부터 작가가 목표였는데, 어느 순간부터 회의감이 들 거나, 그닥 행복하다고 느끼지 못하더라도 '나는 작가가 될 것이다' 라고 스스로를 속이고 있었습니다. 특히 주변에서 끊이지 않던 만류가 제 아집을 공고히 하는데 한 몫을 한 것 같네요.|감정의 한계는 극복하리라 생각했다! 견뎌낼 수 있다고 -> 착각하지 말자
평가만큼 달콤한 불량식품은 없다 -> 불량식품 먹지 맙시다
칭찬커뮤니티는 없다-> 진짜 없나요? 신사임당엔 있답니다
신사임당님 안좋은 댓글 지워주셨군요  감사합니다! 지지합니다! 멋지십니다 ♡|어떤 길을 가고 있던 ‘내 캐릭터 파악’  ‘너 자신을 보고 있냐?’ 정말 중요한 것 같습니다. ! 좋은 말씀 감사합니다.|인생을 게임으로 치자면 지금 두분의 대화는 본섭 랭킹 최상위권자들이 바라보는 뉴비들의 실수들에 대한 이야기라고 볼수 있겠네요|오늘 대화 최고네요|고양이가 없는 사람은 어떡하죠...?ㅠㅇㅠ
ㅋㅋㅋㅋㅋㅋㅋ|재테크 영상 보다 이런 영상이 좋네요. 
영상 보면서 나를 한번 생각해 보고 갑니다.|꿈을 먼저 찾은사람도 찾아오는 문제 / 더 좋은 것을 만났을때 매몰비용을 생각하여 외면하는 것|종범님 살이 왜케 빠지셨어요,,,,, ㅜㅜ 
더지니어스때만 해도 통통하셨는데 ㄷㄷ|정말 저의 가장 큰 고민이었고 찾아봐도 어디서도 명확하게 설명을 해주는 곳이 없었는데 정말 감사합니다. 많은 걸 느끼고 삽니다|15:30 이거였구나. 자존감 자신감 토론할때마다 뭔가가 나사가 빠졌었지. 조건없는 자기애가 자존감이었구나.
15:53...아 그런거였어. 시대가 경쟁에 경쟁에 경쟁이니 어느정도 재능을 타고났거나 가정이 온화한 편이 아니면 아이가 인정에 목매는거구나..|아.. 이런 대화 너무 좋다..ㅎㅎ|두분 대화하는거 너무 귀엽고 ㅋㅋㅋㅋ그냥 듣기만해도 힐링되요|뼈가되고 살이되는말씀 감사합니다.|이 분은 만화가인가요?  심리 컨설던트 인가요? ㅎ 
인생과 사람에  대한 통찰력이 쩌네요 .
척말하면 딱 나오네  . 척척박사 st|자신감은 서브퀘스트고,
자존감은 근본적 퀘스트다 ㅠㅠ 너무좋아요.|종범이형 말 진짜 잘해...|우와 닥터 프로스트 최애 웹툰인데 !!!
작가님을 여기서 뵙다니 엄청 반갑네요 😆
꿈 때문에 많은 고민을 했고 방황했던 제게
듣기만 해도 정말 위로가 되는 조언이었어요.
한 타 열심히 가보겠습니다 ㅎㅎㅎ 감사합니다.|건강해지려고 운동하고 살뺀건데 다들 건강걱정을...ㅠ (아마 인생 최고로 몸이 좋은 시기인걸로 알고있습니다)|결국은 나혼자만 레벨업을 해야되겠군요|이런저런 돈 버는 법, 취업하는 방법보다 가장 도움이 되는 영상인 것 같아요 재밌게 봤습니다|요약 : 너 자신을 알라|저는 제가 자존감파가 된줄 알았는데 여전히 자신감파였나봐요.... 요즘 제가 되고 싶은 모습과 지금으 모습이 너무 간극이 커서 힘들어진것 같아요...|현재 30대 중반 꿈많던 어렸던 시절이야기 부터 계속 완전 공감되서 눈물이 찔끔 났습니다.... 저도 20대 초반 '아니야 난 ㅇㅇ를 할 사람이야!!!!' 가 내 길을 막는 고리타분한 생각의 틀을 깨는 시간이 꽤나 길었습니다. 그 틀을 깨고 나니 더 많은 폭을 수용하며 즐겁게 살수 있는 사람이 되어 옛날 꿈을 이루지 못했지만 더 즐겁습니다.ㅎㅎ 어렸을때 저를 회상하게 되네욯ㅎㅎㅎㅎㅎㅎㅎ|너무 좋은 얘기다.. 종범❤️|흐얼~~~ 닥터프로스트 썸네일 보고 놀라서 들어왔네요 ㄷㄷㄷㄷ 선댓글좋아요 후감상 들어갑니다!!! 대박대박♡|신사임당님 영상들의 묘미는 게스트분들과의 대화에서 신사임당님의 경험에서 나오는 의견들을 들을 수 있어서 그게 꿀팁 같아요~^^ ㅎㅎ|와 이런 내용을 언어화하기까지 얼마나 많은 경험과 통찰이 있었을까...|어릴 때 항상 영재소리 들으면서 수학 과학 선행 엄청 했는데 머리가 크고 보니 난 문과였다.|23분짜리 영상 아주 잘 다봤습니다!|유투브 해보면 알앜ㅋㅋㅋㅋㅋㅋㅋㅋㅋㅋㅋㅋㅋ|자기이해를위해서한턴을보내본다! 넘조으다요ㅜㅜ|이종범이라고???ㅎㅎㅎ 아예 다른사람 같아여!(존잘이라는얘기)|꺄 갓종범님! 해요마요에서 목소리만 듣다가 알굴 보며 목소리 들으니 신기하네요~~~ 근데 살이 다 어디로 갔나요;;;;;; 아프셨던 건 아니죵?|대학교 끝나가는데 이제 정말 찾았지만 갚아야할 돈이 최소 40년은 걸려서 여태 쌓은걸 포기는 못하는데요 은퇴하고 나서라도 내가 좋아하는거 해봐야겠네요|빵터지다가 정색하는 편집 너무 웃겨요.|와 어떤 선택을 많이할수록 해상도 높은 선택이 된다는 말 너무 좋네요|대화가 참 선명하고 좋네요 잘 봤습니다!|신사임당님 뭔가 대화하는게 힘들어보임 ㅋㅋㅋ|작가님! 더 멋있어 졌습니다|작가님 살 겁내 빠지셨네요. 독일 유학파 철학 교수님같애여|너무 재미있게 잘 들었습니다! 두분께서 마치 저 좀 들으라고 일부러 대화를 하시는 것만 같았어요😢🧡|해요마요 때부터 느꼈지만 통찰력이 대단하시네요... 상당히 심오한 이야기를 게임에 비유하시니 그맛이 색다르군욬ㅋㅋㅋㅋㅋ|와 인생영상이 될 거 같아요 감사합니다.|심리대화를 하는 두 분의 대화
좋았습니다 자기이해를 위해서
한 턴을 보냅니다  good|레젼드 영상 ~~~~~~""|지망생일때 웹툰스쿨보면서 힘을 얻었는데 다른일을 하기 시작하면서 이렇게 또 만나뵈니 너무 반갑고 좋아요!!! 살이 엄청 빠지셨네요!!|철학적인 부분에서 나는 아직도 미숙하다 느끼고 갑니다   이나이 먹도록 내삶에 정의도 못내렷구나|문제집 고르는 것 마저 어떤 결과를 초래할 지 불안해하는 약한 멘탈의 수험생입니다. 종범 작가님의 말씀이 너무나 큰 위로가 됩니다. ""이번 턴은 넘겨봐야지.""
한 번 내가 풀어보면 되지 여태 왜 혼자 끙끙 앓았나 싶네요.아니면 다른 문제집을 풀어도 좋구요.감사합니다 작가님. 이런 자리를 마련해주신 신사임당님에게도 너무 감사합니다!|털형이 왜 여기서 나왛ㅎㅎㅎ|배텐에서 월드컵 하시던 분 맞나 의심했습니다|이분 배텐에서랑 완전 다른 텐션이시네 지적여 보이심|서른 중반에 인생을 다시 배웠습니다 감사합니다|문철마삼형...어떻게 된거야 살이 왤케 마니 빠졌어...!!|자신감파로써 ㅋㅋㅋㅋㅋ너무 공감되네요|스스로를 돌아볼 수있는 진짜 좋은 컨텐츠였네요. 감사합니다|이번 영상 너무 좋아요ㅠㅠ 위로 격려 조언 다 돠네요으억 ㅠㅜ ♥︎ 힘이 생겨요|값진 인터뷰 영상 감사합니다~ 작가님 통찰력 있으시네용!|세상에 갓종범님을 여기서 뵐줄이야🥰
닥터 프로스트 너무 재미있게 보고있어요. 항상 멘탈관리에 도움되는 따뜻한 이야기 들려주셔서 감사합니다. 선이 엄청 날렵해지셔서 더 멋져요🤭|사임당 논리 정연~|종범님은 봐야해!|더짓에서 봤었는데 살이 엄청 빠지셨네 ㄷㄷㄷ|오늘 영상 보면서 참 많은 생각을 하게 되네요. 감사합니다.ㅋ"
[아는선배 클립] 드디어 집값 하락 신호 나오나...주택 거래량  급감! 부동산,[아는선배 클립] 드디어 집값 하락 신호 나오나...주택 거래량  급감! 부동산,2021. 3. 12.,http://www.youtube.com/watch?v=55osn87i7TQ,"조회수 200,555회","좋아요 3,196개",싫어요 209개,"그냥 한채는 무리하지안는선에서 사두고 잊고지내면됨. 사촌이부자되도 배아파하지말고 다음기회를 노려야됨. 기회는 반드시옴|서울 집값이 뉴욕 집값과 똑같다는 말을 들었습니다. 버블이 많이 껴서 주택 거래량이 급감한게 아닌가 싶네요.|일관적이시네요~ 실거주하면서 하락 파동을 감당할수 있다면 매수해도 된다.|떨어질 수도 있죠|오르면서 거래량 주는 거랑 내려오면서 거래량 주는 것이 다르죠 주식에서도 마찬가지인데|7:15 ㅋㅋㅋㅋ 서울시장 ㅋㅋㅋㅋ|늘 감사감사~|머리숱이 제일 부럽습니다. ㅎㅎ 항상 좋은 인터뷰 감사합니다.|비싼건 맞지만 고점은 모르겠다 가 맞는 말임.|코로나 상황이 금융위기보다 힘들다는데 집값은 고공행진이네....|상승론자 ㅋ|부동산은 신도 모르지|본인 판단하에 대출이 과하면 지금사지않는것이 맞다고봅니다|두분 조합 너무 편하게 시청하고 합도 좋으시고 정보도 알차네요 v v 귀여우심 ㅎㅎ|약간 위험한 발언같은데....뭐 일단 본인의 판단이 중요하지만...경기도 지역은 아직도 상승중이지만....단순히 거래량이나 공급과 수요적 측면만 보고 판다하시지마시고 금리나 유동성증감등 여러 경제지표도 고려하셔서 판단하셔야될듯....점점 고금리로 간다는것은 자명한 사실인데...아직도 영끌하시려는분들이나 갭투자하시려는분들은 자제하시는게 맞는듯...|요새 계속 본방사수하다 오늘만 늦었네요ㅠ 남천동 스웩~ 좋은컨텐츠 감사합니다👏|부동산은 심리도 중요한데 이곳저곳에서 꼭지다 지금사면 호구다 자전거래어 낚인거다..등 이러니 이미 매수타이밍 늦은거 다음 사이클 기다리자는 사람이 많은듯해요~ 학군지 중요하거나 아이있는 집들은 살 사람은 다 샀구요|예전에(2008) 비해 영끌한 사람들이 엄청나게 많은게 이번 상승장 특징임. 절대로 실질 LTV가 40-50%일거라고 생각하지 마... 당장 P2P나 카드론만 포함시켜도 실질적으로 70%-80%넘어가면서 영끌매수 한 사람들이 한둘이 아닌데.|며칠전에 본 영상 같은데 재방송인가요?|유익한 정보 감사합니다^^|집값 오른다고 영끌해서 사는게 문제지|웃긴다...기준금리 2 넘어가면 어떻게 될지 보면 안다...지금이야 눈치장이지만 투기 매물 쌓이는건 순식간이라 정작 때 되면 못팔지..|떨어질땐 더 떨어질까봐 못사고 오르면 비싸서 못사고 ㅠ 3년 안에 내집마련의 꿈을 이루고 싶어요❤️|거래량은 해석하기나름일수잇지만... 시장심리는 더이상 오르기는 힘들듯합니다. 금리리스크와 세금부담이 크니까요|이거 저번에 올라왔던 거 아닌가요?ㅎㅎ|떨어져야 정상|어디까지나 참고만 하세요~ 재작년 부동산 폭락한다는 유명 유튜버들 말 믿고 집 한채 팔았는데 팔자마자 급등함 ㅠ|이걸보고 영끌사면 또 몇억 버는건가?!|결론 : 모른다 :)|LH가 가지고있는 아파트분양당시 가격으로 100푸로 지금분양하면 아파트 절대 안정됩니다.
그래야 LH도살고 서민들도 살수 있다|종부세 폭탄 맞으면 매물 늘어날 듯.|집값 떨어지지 않을까요..세달 넘게 전월세 안나가요... 국민 소득이 올라야 집값 상승에 따른 전월세를 감당하죠. 사람들이 먹고 살기 힘들어 지는데 집값만 높아지는게 무슨 의미가 있나 싶네요. 분석을 요리조리 해도 들어올 임차인이나 매수자 없으면 집값 올라도 투자 수익내기 힘들어지겠죠....|국토부 관계자들이 이 영상을 봤으면,....앗 땅사러 가야하니 못 보겠군.|계약갱신 청구권 쓴다고 하니 자기네가 들어온다하고 집 알아보는데 사랑방에 전세를 9천올려 내놓았어요ᆢ 서러워요ㆍ|11년 19년 금리 스텐스..|감사합니다|다주택이 문제 ~금리변동|금리 상승 언론에 계속 나옵니다 조심하시길|감사합니다|아는선배님 너무 좋습니다!! 꼭 쳉겨듣는 유일한 콘텐츠 입니다|항상감사드립니다
잘듣고있어요|좋은자료 감사합니다.  항상  잘 보고있습니다.🤩🤩🤩|세금이기다려요|무주택자만 물량 받는 상황. 전세 10억이 옛날 월세 200과 같은 상황. 금리 하나로 모든 분위기가 바뀜니다. 조심할 시점.|너나위님 ㅜㅜ 진정성이 느껴져요|3억짜리 집이 불과 한달만에 5억이 됬는데 누가 사려들겠나요 . 그리고 이게 정상적인 오름은 아니죠 거품이지|집값 오르면 영끌
조금 조용하면 폭락
소신있게  투자하면 됩니다|좋은 말씀 감사합니다|사연 어디에 올리나요?|지금 이런 판에 부동산 살까를 고민 한다는게 다들 돈이 넘치나보네 ㅋㅋ 도대체 빛은 누가 다지고있는거야? 다들 이렇게 돈이 많은데 ㅋ|수도권 저희동네 찾아보니 매물 쌓였어요. 부동산 10몇 개 가보고 매물이 쌓였으면 그 중 좋은게 고를게 아닌라 관망이 맞는거같아요|서울시장~~ㅋㅋ|다주택자들에게 무슨 말을
듣고 싶어서 이런 동영상 보고 있냐?|25년째 임대중인 조정지역 아파트 1채를 2013년에 8년 준공공주택임대사업으로 등록했는데, 올해 2월에 임대의무기간이 만료되어 자동말소되었습니다. 팔고 싶은데, 재건축조합이 설립되어, 전매금지가 되어, 팔 수가 없어요. 종부세 합산배제도 더 이상 받을 수 없고요. 팔 수 있도록 해주든지, 완공 후 보존등기까지 종부세 합산배제 해주든지, 둘 중 하나는 해줘야 하지 않을까요? 참 답답하네요.|주식은 왜 오른지가 분명한데, 산업 패러다임이 바뀌는게 분명한 느낌이 들거든요.
그런데 집은 소득, 물가 등등 따졌을때 어느 정도는 오르는게 정상이지만 막바지에는 심리가 큰 작용을 한 느낌이네요.
물론 주식도 심리 영향 무시 못하지만요.
집도 좋은 입지면 장기적 우상향 맞을거 같고 우상향 속의 조정은 있겠죠. 그 타이밍은 누구도 모르겠고 지금 필요하다면 사는거고 아니면 적당할때 사는거구요.
내 집도 투자관점으로 보라고 하는데 투자관점이라면 지금은 아닌거 같고
당장 필요할때도 아닌거 같고
내려갈때 발바닥을 잡으려면 못 살테니 적당한 가격에 적당한 곳 사는게 맞을듯요. 지금은 적당한 가격은 아닌것 같구요|팩트 2012년도 2020년도 거래량에 감소는 확실하지만 매도물량 차이가 있다 라는 말은 맞지만  ~~~~ 가장 중요한 공통점 2012년 2020년 공통점은 매수세가 없다 이게 팩트|부동산 투자 하시는 분들 중 집값 떨어지길 바라는 사람이 누가 있겠어요.|유익한 내용이네요..|좋은 내용 공유해주셔서 감사합니다.|왜 매물이 없는지가 빠졌네요|2월말 기사인데, 이 영상 과거에 나왔던 거 아닌가요?|개인적으로는 부동산 가격이 아직 상승 여력이 있다고 보고 버티는 것 같습니다.|좋은 영상 감사합니다|다주택자, 비주거 주택 구매시 취득세
30% 때리면 집값 잡을수 있을듯 합니다|팩트를 확인하고 헤드라인이 휘둘리면 안된다! 너무 공감하고 갑니다. 집값은 거래량으로 좌지우지 되는것이아니다. 빙고!|주식으로 말하면 호가창이 얇아졌고
체결강도가 65%이하다|계절적 요인?|여기는 집값 오르를 바라는 사람들 많은데
계속 오르겠죠?
집값 폭등|쨘|매리트가 없음|이상 거래량이 떨어져도 집값이 오르길 바라는 아는선배의 마음이었습니다|좋은말씀 하시는데
근데~~ 뒷커튼이 쫌 ~~
모텔 같기도하고 영화관인줄~~
귀는 호사
눈은 어질어질~~|네이버 부동산 지도에 서울 아파트만 매매로 설정 하고 보면 어마어마하게 매물이 너무 많아요.사진을 캡쳐해서 보여주고 싶은데.... 거래량이 떨어지면 집 살 사람이 없다는건데.....이해를 못하겠네요.|지난해 부동산 오른 것은 코로나라서 유동성이 풀려서 주식마저 오른 것을 이상하게 포장하네|시장에 돈이 넘쳐 흐르고 금리가 싸고 나라에서 저금리로 보증대출을 팡팡 해저는데 올라가는게 당연한거지...  8년전 전세자금 8천받이서 이자내는거나 지금 2억받아서 이자내는거나 똑같은데 지금 전세가 전세인가 그냥 이자를 월세라 생각하고 사는거지|전월세를 잡는게 중요하다,,,
현실과의 제도로 잡는 차이가 크네요 ㅜㅜ|무조건이구나|캬 ~~~정말 좋은 강의 입니다ㆍ
박수  👏👏👏👏|부동산은 대중심리가 크게 작용하는데 많은 사람들이 식당에서 아줌마들이 그 정도 이야기하면 하락 전조 맞는것 아닐지?|나도 백억있고 싶다......"
5년차 직장인 걱정없이 퇴사한 이유,5년차 직장인 걱정없이 퇴사한 이유,2021. 3. 11.,http://www.youtube.com/watch?v=55osn87i7TQ,"조회수 102,197회","좋아요 1,560개",싫어요 44개,"신사임당님과 인생에서 직접 만나 인터뷰를 할 수 있어서 너무 영광이었습니다 🙏🏼|잘생기고 똑똑하고 다하는 션님👍🏻|신사임당님 채널 매일 즐겨보는데 션이형 나와서 깜짝쓰!!!??? 우앙굿❤️|클링크.해쉬업.미디언스|허허 인스타 안 하고 있어서 몰랐는데 릴스란 게 생겼군요.
유튜브 shorts도 생겼고, 숏폼도 기웃기웃 익숙해져야겠어요.
우선 릴스는 핫하다! 얻어갑니다! 🙋‍♀️|뭐야 왤케 잘생겼어|끼워팔기 해주셔서 아주 좋게 패키지로 잘 구매한 광고주 1인 여기 있습니다! ㅎ 실력도 실력이지만, 협업하기 죠은 션님! 쭉쭉 성장하세요 🥰 (저도 ㅎㅎ 끌어주세욤)|음.. 인스타그램을 해야하나요 ㅎㅎㅎ 유튜브보다 더 어려워요~^^;|신사임당님~! 유튜브 ""진오비 산부인과"" 원장님좀 출연시켜주세요~! 섭외해주세용~!|클링크 해쉬업 미디언스|이거슨 본격 사심 방송!!! ㅋㅋ 
SNS 시장을 장악하겠다는 신사임당님 예고편 같음 ㅎㅎ|항상 올려주시는 영상 귀로 들었는데 오늘은 눈으로 보고 있어여!!! 션님😍|진짜 좋은 얘기들을 가감없이 두 분이 해주시네요 ...|대박 멋지다|와우!|엇  션님이 신사임당에!!!??반가워요ㅋㅋㄱ|진짜... 션님을 신사임당에서 뵙다니! 자랑스럽고 더욱 응원합니다👏🏻👏🏻👏🏻|2등이다!|두분 그림체가 미묘하게 닮았어요|감사합니다★|클링크 앱 리뉴얼되고 쓰기 더편해짐 ㅎㅎㅎㅎㅎ|몰랐던부분이였네요. 감사합니다~|션님. 매력뿜뿜|신사임당님 채널에서 션형까지 보다니😆🙆🏻‍♂️|아이고 인스타 시작해야겠네요....... 슈주 동해인줄 알았다는|와~! 대박이다 정말~!!|인스타그램을 활용해봐도 좋을 것 같네요!
감사합니다 :)|형제샷 같아요ㅋㄱ|인스타에서 보던 분이네ㅎ|와 ㅈㄴ잘생겼다 가디건도이뻐보인다|와...훈남이시네요....좋은 정보 잘 배워갑니다 :)|썸네일 보고 들어왓어여|SNS 마케팅 잘하시는 분들 넘 신기하네요^^
같은 세상 다른 느낌 ㅋㅋ 잘 보고 갑니다!|오늘부터 인스타시작해야겠네요|블로그랑 비슷하네요 인스타그램은 앱이 따로 있었다니 신기하네요|인스타에서는 요즘 릴즈를 해야해요.. 인스타. 알고리즘도 배워야해유 ㅜㅜ|신사임당에서 션을 보다니🤩|감사해요^^|좋은정보감사합니다|존잘남이시네요 션님|I wished she was an English translator😅 
anyway good luck🌸|저는 8년차 직장인인데 하반기에 퇴사할 예정이에요! 지금 스마트스토어랑 아이디어스에 입점해있는데 회사에 다니는 것보다 주도적으로 내 일을 할 수 있어서 만족하고 있슴당ㅎㅎ 오늘도 유익한 영상 감사합니다!|크으 진짜 알짜내용 가득가득👍🏻👍🏻|3? 등이네|얼굴부터 천재야|우오오오오|ㅎㅎ|얼굴이 콘텐츠|남자분 연옌 인줄 ㅠ|호석이 채고채고!👍🏻👍🏻👍🏻더 흥하리라|이야 호석이 대단하네 항상 응원한다 화이팅!|인스타 계정 알려주세요~|연예인이니?|사실 저는 릴스나 틱톡같은 영상에는 약간의 거부감이 있는데 또 이런 새로운 시장이 있네요!!!|클링크, 헤시업, 미디언스|좋은 정보 감사해요 클링크, 미디언스 다 신기하네요|신사임당님 돈벌려고 한다~ 는 얘기는 많이 들어서 알겠는데 돈벌어서 뭐하시려고요? 갑자기 궁금해지네요. 100억 벌면 그걸로 뭐하고 싶으세요? 건물 산다고 하시려나.. 그럼 500억 벌면?|1등이닷ㅎ|저도 얼마전에 퇴사했어요. 37세라는 늦은나이에... 직장월급만으론 부족하다는 생각이 많이 들더라구요. 더 늦으면 도전도 못할거 같기도 하고, ㅎㅎ 채널 통해서 아이디어 많이 얻습니다. 전략, 전술 잘 짜서 호석님 처럼 잘 퇴사했다 라는 생각이 들도록 달려봐야겠습니다! 감사해요|1. 인스타 광고로 수입 창출 (공구로 월천 찍은 분 존재)
2. 일관성 있는 주제로 나아가야 한다 (해시태그 분석 등) 
3. 라이브 커머스 시장에도 시너지 효과 (여러 플랫폼 연계)

오늘 이야기 완전 프로 느낌이 확 났네요 ㅎㅎ
오늘부터 인스타를 새로 한번 도전해봐야겠습니다~!
어떤일이든 일단 시도해보는게 좋은거 같아요 ㅎ|대박5등|클링크 해쉬업 (맞나?) 미디언스 기타 등등 여러가지 어플
-
인스타그램 연동시켜 놓으면 밴더사와 같은 역할
인플루언서 모집해서 광고하고 싶다
Mcn처럼|열심히 배우고갑니다. 으샤으샤😗|30:02|이분 인스타 아이디 뭔가요?|션님은 인스타에선 이미 스타쥬👍😁|잘생기면서 지적인 션님의   인터뷰 잘보고 갑니다. 직장인의 꿈은 걱정없이 퇴사하는건데.. 멋지십니다. 얼굴까지 ㅎㅎ|정호석 짱짱맨🤗🤗🤗🤗🤗 자랑스럽다👍👍👍|👍🙃|산타클로젯 앱에서 아동복과 강아지옷을 무료로 드리고있습니다!|목소리가 너무 기어들어가서 잘 안들려요... 속이 답답...|션님 인스타계정을 구경해봤는데 굉장히 많은 좋아요, 팔로워 유저들이 비공개 외국인 계정이네요. 혹시 팔로워, 좋아요 구매를 진행하셨는지 궁금합니다. 팔로워, 좋아요 조작하는 인스타그래머들이 요즘은 너무나도 많은거 같아서요! 실례가 되었다면 죄송합니다."
'인플레 우려' 더 커진다…美 슈퍼부양안 유가 상승. 부동산은?  (재테크 좀 아는선배),'인플레 우려' 더 커진다…美 슈퍼부양안 유가 상승. 부동산은?  (재테크 좀 아는선배),실시간 스트리밍 시작일: 2021. 3. 11.,http://www.youtube.com/watch?v=55osn87i7TQ,"조회수 254,847회","좋아요 5,009개",싫어요 153개,"LH는 우선 조직을 없애고 대체재를 찾는게 맞다 봅니다.|맨날 이렇게 우시고, 저도 같이 울고 ㅠ   남편이 옆에서 부동산 공부한다면서, 왜 맨날 울고 있냐고 ㅋㅋㅋ|그럼에도 추적과 처벌은 해야합니다. 그냥 넘어가면 앞으로 계속할겁니다. LH 폭망이 답|매번 방송 보면서 두분 환상케미에
웃다 울다보면 시간이 너무 빨리 지나갑니다
너나위님은 부동산 지식뿐 아니라
삶에 대한 교훈까지 주셔서 매번
감동을 받고 있어요
이방송이 오래오래 가서 삶에
지치고 앞길이 막막한분들께
큰도움을 주시길 바라면서
멀리서 항상 응원하겠습니다^^|땅 매도를 추적하는게 맞다고 봅니다.
국토부. 기타 등등 더욱 관련있는 곳 많다고 봅니다.|부동산 많이 있으면 투기꾼이면...주식 많이 있음 주식 투기꾼..돈 많이 가지고 있으면 돈투기꾼...자본주의 나라에서 자산을 사서 이익보고 손해보는건 당연한 논리입니다..공부해서 바보 되지 마시길..|매주 목요일이 기다려 집니다. 정보도 훌륭하지만 너무 유쾌하고 재밌습니다^^|누가 나를 위해 울어주겠어요?
냉정한 자본주의를 이야기를 이렇게 마음 따뜻한 분들이 하시는데 왜 제가 울먹이죠
진정 경험과 마음에서 우러난 냉철한 지식! 멋지십니다|엄마 옆에 붙으려면 딱 붙어야 된다.... 이건 정말 경험자만 할수있는 말|파 떡상 칠천원 고점 찍어서 양파 먹으며 관망ㅋㅋㅋㅋㅋㅋㅋ|대파떡상ㅋ대파과열지구ㅋ양파먹으며관망ㅋ
파를팔고~고기를서비스로^^
맞아요~양파도낱개로사고있어요ㅠ|정말이지 따듯한 분들이십니다..|이번방송도 역대급감동이었어요ㅠㅠ 매주 이시간에 재미와 유익한 정보를 함께 주셔서 많이 배우고있습니다 이런걸 무료로 볼수있다니!!  두분 복받으실거에요~♡|사임당님이 울먹이시는데 저도 너무너무너무 마음이,,,  ㅠㅠㅠㅠ|너나위님 목소리도좋고 좋은 설명감사합니다.|취소는 안되고~~ 솔직히 lh 직원이면서 산 놈들은 크게 처벌해야죠|오늘은 파로 웃고 시작해서 아산분 사연으로 울었네요.
사연분 힘내세요. 신랑분이 믿음직하고 멋있네요.|양파 관망 ㅋㅋㅋ|이 영상 보고 베란다에 대파 하나 심어봤어요 대파테크ㅋㅋ|너나위님 인천 이야기 해주세요~~|다큐 볼 필요 있습니까..여기 사연이 다 다큐인데|매주 우시는거 같아요 ㅜㅜ..|악 포크 ㅋㅋㅋㅋㅋㅋㅋㅋㅋ|17:30 물가상승 와드|오늘도 임당님 너나위님 너무나 반갑습니다♡|아 진짜 ㅋㅋㅋ 파 떡상 ㅋㅋㅋ 대파과열지구 ㅋㅋㅋㅋㅋ 양파먹으면서 관망ㅋㅋㅋㅋ 미치겠다|파  과열지구 너무웃겨요..양파먹으며 관망ㅎㅎㅎㅎ|정말..마지막 사연 남얘기 같지 않아서 울었습니다..상황은 다르지만 저만큼 어려운 분들 많을 겁니다..차마 꺼내기도 부끄러운 상황에 놓인 사람들이요..그런분들에게 이렇게 힘이 되어 주시니 감사합니다.|ㅍㅎㅎ양파 먹으며 관망|K 양극화ㅋㅋㅋ|저는 할미인데요 매주 듣고 있습니다 감사합니다|쵝~~오
잘 듣고 있습니다|요즘 성공한 재테크 유튜버들 방송을 쭉 보니까, 사소한 공통점이 보여요.... 그게 뭐냐면 눈빛이에요.
농담하고 웃고 떠들때는 세상 착한 동생, 누나, 형들이다가... 자기 전문 분야나, 과거에 성장했던 이야기를 하면 눈빛이 변해요. 거의 맹수급입니다. 

'아~~! 저래서 성공했구나....'  무릎을 탁 칩니다.

오늘도 신사임당님과 너나위님의 따뜻한 마음을 보고 갑니다.  훈훈하네요... 앞으로도 좋은 방송 부탁드려요.|진짜 인생선배의 찐 조언... 손흥민 파이팅!!!💪|오늘도 잘 봤습니다
라디오시대로 돌아간듯....
저는 넘 좋다는~~  ㅎㅎㅎ
돈없는 청춘들이 걱정없이 결혼하고
자녀낳아 행복하게 살수 있는
그날이 오도록~~~화이팅입니다|두분의 진정성에 감동 받습니다~ 항상 응원합니다!!|수지 죽전은 버스로 강남 출퇴근 가능하며, 아파트도 택지지구라 훨씬 쾌적합니다
가격도 착하구요|좋은 상담내용 감사합니다. 당사자도 아닌 제가 진짜 아는 선배 처럼 얘기해주시는 두분께 감명받고 갑니다~ 방송을 보시는 모든 분들 실수를 줄이고 내 집 마련 하셨으면 좋겠습니다~|매주 너무 재미있게 보고 있어요..ㅎㅎ 드라마보다 잼있네요~ ㅎㅎ|부당한 이익은 아무리 달콤하다고해도 먹으면 안됩니다. 때가 되면 다 돌려받습니다.|몇번을봐도 웃기는
남천동ㅋㅋㅋ아는선배니까ㅋㅋㅋ|선택은 하고 싶은 것과 하기 싫은 것이 아니라 할 수 있는 것과 할 수 없는  곳을 선택해야 한다|네일샵 20대분 이야기...ㅠ ㅠ 앞으로 꽃길만 걷길 바래요|대파 떡상 ㅋㅋㅋㅋㅋㅋㅋㅋㅋ|오늘 정보도 너무 감사합니다|와~~~
오늘도  눈시울 뜨거워지면서 코가  찡~~했습니다.
사람사는 모습이 비슷한것 같지만 어찌이리도 각기 다른 모습인지~~
사임당님과 너나위님의 진심어린 상담과 조언~~
너무나  감사합니다.
머리숙여  감사드립니다.|월곶판교선 기대됩니다~|정말 든든한 아는 형님과 점심수다여서 너무 좋았습니다
든든한 빽이 생긴것 같습니다|고생하셨습니다 오늘도 도움되고,힐링되고,위로되는  좋은 방송 감사합니다|어유... 이쁜 두 분 
오늘도 반갑습니다^^~|두분의 진정성있는 모습에 저도 울컥했습니다.  열심히하시는 모습 참 좋은데, 제발 건강챙기면서 더욱더 행복해지셨으면좋겠습니다. 잘보고있습니다.|오늘 방송도 너무 좋았습니다!! 너나위님 머리에 힘 좀 주신듯ㅎㅎ|네일샵 하시는 분 건강 잘 챙기셔서 아기 순산하시길 바라요🙏🏻  행복하시고 잘 되셨으면 좋겠어요 💛|^^ 유익한 정보 감사합니다.|마법의 단어, 따박따박 .... ㅜㅜ 저희 부모님도 항상 월세 받아서 살아야한다 이러시더라구요 다들 마음이 비슷하신 것 같아서 마음이 많이 가네요. 항상 좋은 상담해 주셔서 감사해요🙏🏻💜|파만   비싼거 아닙니다  양파가 더 비싸요|오늘 너무 잘 들었습니다~ 곧 사연 보내려구요...ㅜ ㅜ 채택해 주실지 모르지만 😂 벌써부터 부탁드려요...|지방을 위한 조언 진심으로 감사드리고, 마지막사연 너무 눈물나네요..꼭 잘되셨음 좋겠어요 ㅠㅠ|진솔하고 재미있는 방송 감사합니다|부추먹읍시다..|사연자 남편 분 꼭 우리 남편 같다요 ㅠㅠ 대출 자체를 엄청 부담스러워하고 걱정이 많아요. 저도 계속 설득하는 중이고요.|너나위님의 따뜻한 맘이 느껴져 항상 감동합니다~^^|대전사는데요, 주로 수도권 얘기만 나와서 아쉬웠는데, 오늘 지방얘기와 조언도 해주셔서 감사합니다.|인생수업.|완죤..30대ㅜ울아들 추천방송 굳굳|가장 좋아하는 시간.재테크 아는선배오빠 시간 ㅎㅎ|오늘도 두분 수고 하셨습니다! 
마음이 훈훈해지는 방송이에요^^|늘공들이문제임..자기들끼리 봐주고 공무원이라 잘리지도않고 정보먼저 접해서 투기들하고 난리도아님.|마흔 넘어서도 눈가에 눈물이~ 잘 들었어요|진짜 시간가는줄모르고 매주보고잇네여...ㅎ 제가사는 천안얘기나와서 너무 좋고요, 새댁 너무순수하고 이쁜사람같아요 행복하시길바래여~|이렇게 좋은 분들이니 부자가 되신것같아요. 시청자로서 늘 감사합니다.|주제와 내용이 참으로 건강한 영상입니다.
도움이 많이 됐습니다.
고맙습니다. 
실수하지  않도록 '아는형님 '목욜 영상 꼭 보겠습니다
꼭 아는형님|엄청울었네요 ㅠ 가슴아픈 사정이 많은데 큰 도움을 주시는 너나위님과 신사임당님 감사하네요|참 재능기부 하시는 분|기초원자재  넘 올라가서 공급가격이 많이 올라가는건 맞습니다. 그렇지만  중요한건 소비자의 소득이 늘지않고 부채가 넘 많은데다 소비가격이 오르면  쓸돈이 없어지는 현상이 일어납니다.   말씀하시는 현대백화점으로 일부 소비자의 보복소비를 얘기하시는건 어불성설입니다..    결국 소비자의 소득이 올라줘야 하는데 망하는 기업에 짤리는 사람 천지인데 금리가 오르면 폭탄터지기 일보직전입니다.  이미 돈으로  자산상승분은 작년에 이미 반영된것 같습니다.. 즉 인플레이에 대한 자산반영은 이미 된것으로 봐야합니다. 정말 경제가 걱정됩니다.|아는선배 정말잘보고있어요 ㅋㅋ 오늘사연정말~~너무잘봤네요|오늘 방송 너무 도움됐어요. 제가 사연 보낸 거랑 다르면서 같네요. 다른분들 사연 덕분에 답을 얻었습니다. 감사해요~~|너무 감동적인 영상이네요.
삶의 애환이 느껴집니다.|ㅜㅡㅜ 같이 울었어요...|아 이렇게 감사한 방송이..."
우량주 장기투자는 미신이다 (재테크 좀 아는선배),우량주 장기투자는 미신이다 (재테크 좀 아는선배),실시간 스트리밍 시작일: 2021. 3. 10.,http://www.youtube.com/watch?v=55osn87i7TQ,"조회수 263,215회","좋아요 5,952개",싫어요 176개,"오늘도 좋은 영상 감사합니다. 주식투자로직이 어서 빨리 장착되길 바라면서 ~~|영상 재생시간이 너무 길어서 안보고있었는데, 
우연히 하나 보고나서 그때 이후로는 찾아보고 있습니다. 
재밌어서 1시간이고 40분이고 시간이 잘 지나가네요 ㅎㅎ|죄송한데, 천만원으로 40종목에서 커피마시다 뿜었습니다🤣🤣|두분께선~~

정말 헤피하시네요.ㅎㅎㅎ
이렇게  웃으면서  공부하는건  처음입니다.
화이팅입니다.|어?!!!!!이분 유퀴즈 언더블럭에 나오셨던분이다
맞죠!!|오늘의 핵심: ""민경아 사랑한다""
즉, 가화만사성|너무 재밋어요~
천만원 40종목
반성하며 저도 정리중입니다|메디톡스 ㅋㅋ|버크셔해서웨이 부회장 멍거도 평생 코스트코 버크셔 주식등 소수 종목만 평생 끌어안고 살았음.|한샘이 기업에 성희롱 이슈가 터져서 2017년 이후로 불매운동이 꽤나 있었습니다. 그 때문인지 몰라도 챠트상에서 많이 흘러내리고 매출감소도 있었죠.|미국주식의 경우는 가능합니다
국내장은 장기투자의 시장이 절대 아닙니다|웬만한 예능보다 재밌으면서 ebs보다 유익함 ㅎㅎ|분산투자|주식투자 안하는데도 재밌게 봤네요 ㅎㅎㅎ|이분 되게 재밌고 솔직함이 느껴지시네요|재밌어서 자꾸 보게됩니다~많이 배우고 같이 웃습니다ㅋㅋ|감사합니다|유쾌 상쾌~~아 e book 바로 구매완료입니다|두분  멋지게  방송하시네요  ~♡|아모레,,,|책 제목 '부자들은 이런 주식을 삽니다'|부자의 생활습관좀 알려주세요~~|오스템임플란트?|자기님?|감사합니다 👍분석 할께요.|감사드립니다 ~|5:20 소름....|너무  웃음이  많아요
좋은정ㅂ 감사합니다|진짜 재밌어요~^^|유키즈 ㅇㅇㅇ 에
나오셨을때 재미 있었어요~
투자 자문 잘 듣고 갑니다~^^|남자2이 어쩜 재밌다!|너무 재밌어요 ~~^^♡|삶 속에 모든 주식이 담겨있다,,,
리얼 띵언,,,|덴티움? 오스템? 인가요 잿밥에 더 관심이 가네요 ㅎㅎ 유튜브내용보다|갈수록 방송이 재미있어지네요 ㅋㅋㅋㅋㅋㅋㅋ 아모레다니면서 깨질때마다 LG생건주식 사기|분산투자가 답이다|감사합니다.
주린이 공부 많이 하였습니다.^^|감사합니다|유퀴즈 아저씨ㅎ|이런 내용을 진작 알았으면 ㅜㅜ 매번 감사합니다♡최고!|책 제목 좀 알려주세요^^|잘봤습니다.|개~케미
조은 정보 고맙습니다.|다 필요없고,, 십년에 한번씩 대폭락올때 지하몇층 내려 갈때까지  있다가 사놓고, 세배 이득생기면 뒤도 보지말고  팔면됨.|햐....2015년 대 최고가 347000였었네요 ㅠ
근데 왜 이리 빠진건가요?
이유가 궁금하네요|너무재밌게봤네요   쎈스쟁이들  ㅎㅎ|핵심을 보는 눈이 있으신거 같아요...잘 배우고 가요 감사합니다|뭐여 800억이 있어?;;|우량주가 아니라 위대한 기업에 장기투자는 진리입니다.  펀드메니져, 자산운용사장들 나와서 하는 애기는 반만 믿으세요 여러분들의 돈을 노리는 사람들입니다.|너무재밌게봤어요|앗..유퀴즈에 나오셨던ㅋㅋㅋㅋㅋㅋㅋ|엇 근데 유퀴즈 여의도에 나오셨던분 아니신가요??|잃지 않는 투자를 하셔야 합니다
시장에서 살아남는 법|유퀴즈나오신분 유쾌하셔서좋음ㅋㅋ|와 냉철님하고도 잘아시다니 냉철님팬입니다|재미재미^^|다 맞는 말이긴 한데 실제 투자의 세계는 많이 다른 듯.|유능한분이셨구나~~~ 멋지심|유용하네요 은근 재밌고~^^|기회는 지금 이 순간에도 어디에나 존재한다
라는 것이 들으면서 점점 느껴지고 있어요. 
딱 요정도의 영상 깊이감 무게감이 
재밌고 유익하고 좋아요 👍시간순삭 최고!!|삼전이 미래다
1516주 보유자가|10년전 하고는 차이가있죠|결국돈이많아야된다는말
돈이돈을번다는
나같은개미는올란거팔아봐야용돈밖에안되네요부동산은꿈도못꾸고요ㅠ|달빛조각사 지렸다 진짜.. 개빵터짐ㅋㅋㅋ 누구심?ㅋㅋㅋㅋㅋㅋㅋㅋㅋㅋㅋㅋㅋ|삼바 제발 올라라... 81층에서 샀는데 지금 60만원대 ㅠㅠ|하루 수익금 50만원씩 본다 그것도 부업으로 이게 말이되냐??|천마넌으로 40종목 ㅋㅋㅋㄱ|초보는 종목 깔아놓고 한개씩 푹푹 10~20% 튀는거 팔아서 수익내는 법도 나쁘지 않던데요. 크게 벌 생각만 버리면 나쁘지 않더라구요|현준오빠~~|주변에 20년전에 분산투자로 10개기업을 1천만원 정도 넣으시고 7억되신 분도 봤어요~ 장투는 옳아요|체팅창이 안열리는거은 왠지요 알여주세요 주린이라  ?|뭐 ? 물들어 올때 노졌자~ 이거 조국이가 한 말 아닌가?   ㅋㅋㅋ 물도 물 나름 이란걸 잘 압시다~~|이렇게 재밌는 주식 방송은 첨인 듯. 김대표님 파이팅에요~~~~|두분 캐미 너무 잼나요. ㅋㅋ|멀때 대표님 최고 참 맑아요|무슨 책내신거져?|ㅎㅎㅎㅎㅎposco 10년..딱 저네요. 지금도 가지고 있는데 여전히 마이너스에요. ㅎㅎㅎ|주식이든 모든 어떠한 방법 무관하게
운때가 맞아 이익을 크게 보면 그게 답이 되는것같아요 흑|소액 가지고 있다가 대박나는 종목도 있져.|한샘에서 싱크대 하고 잘못해서 몇번이나 바꾸고... 담당자가 잘못해놓고서는 복불복이라고 하더라고요 ㅋㅋㅋㅋ말인지 방군지... 일처리도 느리고 너무 실망.. ㅠㅠ"
금리 올라도 40% 더 오를 주식 있다 (이홍재 연구위원 하나금융투자)  [주전자 22부. 주식 전문가에게 배워보자],금리 올라도 40% 더 오를 주식 있다 (이홍재 연구위원 하나금융투자)  [주전자 22부. 주식 전문가에게 배워보자],2021. 3. 9.,http://www.youtube.com/watch?v=55osn87i7TQ,"조회수 51,503회",좋아요 767개,싫어요 27개,"같은 한국인 한국말이지만 자막좀 부탁ㅋㅋㅋㅋㅋㅋㅋㅋㅋㅋㅋㅋㅋㅋㅋㅋㅋㅋㅋㅋㅋㅋㅋㅋㅋㅋㅋㅋ|소리가 깨끗하지 않네요ㅠ
좋은정보 감사합니다🤗|사놓고 5~10년은 기다리면 되겠네|금리가 오르는건 피할수 없는 상황이군요.. 이래서 영끌은 위험한거 같아요!!|나만 그런건가요? 무슨 말씀 하는지 이해가 안가요ㅠㅠㅠㅠ|단어가 어렵네요~~|감사합니다 ~~|오늘 내용이 뭔가 도르마무 같은 느낌이었지만 🤣
생보>손보>재보 얻어갑니다 ~|오늘아침. 어떤 ㅇㅇ경제 뉴스 채널에서 한번 보고 이걸 보니 이해가 쏙쏙 되네요|쉽게 설명 해주셨는데 아직 잘 모르겠네요 갈길이 참 머네요 더 들어봐야겠어요|보험주를 이렇게 자세히 설명 듣는 건 처음입니다... 어려운 주제 쉽게 설명하려고 해주셔서 감사합니다. 역시 보험사 출신이라 믿고 들었습니다 👍🏻|좋은정보 감사드려요|오늘따라 왜케 어렵게 느껴지지? 더 쉽게 해주면 좋겠네요 ㅠㅠ 솔직히 보다가 뭔소린가 싶어서 댓 적어요 신사임당보다가 이런적 처음인 듯;;|이해가 잘되네요. 좋은 설명 감사합니다.|보험 업계에는 관심이 없었는데 내용을 듣고 나니 충분히 매력적인 투자대상이라는 생각이 드네요. 좋은 설명 감사합니다.|보험주는 관심종목이 아니었는데
앞으로 관심을 가지고 봐야겠어요~|내 이해력이  부족한가.. 더 공부해야겠다|보험주는 사면 안되는게 2023년에 회계 규정 바껴서 과거에 맺은 계약 대손충담금을 현재 인플레나 조건에 맞게 반영해야 됩니다. 그럼 보험사 재무제표 박살납니다|금리도 오르고 집값도 오르고 인건비도 올랐는데 왜 급여 수익은 그대로인거야 ㅠㅠㅠ|코리안리|먼소린지 하나도 모르것네🤔|아주 유익한 내용이네요 감사합니다|오늘도 좋은 영상 감사합니다:)|4년전에도 금리상승시기가 왔다며 보험사 투자하라고 권유리포트가 엄청나왔는데 실제로는 금리가 더폭락해서 보험투자한사람 완전 망함 저도 그때 살뻔해서 잘앎.  금리는 오를거 같다지 실제로 오를지는 아무도 모르는거임.즉 금리를 예측하는 투자는 하는게 아님.|알고싶은 내용이었어요.감사합니다^^|말이 어려워서 이해가 안되는 데
크게 봐서  보험사는
'고객에게 돈 얼마씩 내세요
 그럼 어느정도 보장해줄께요.
 그대신 고객돈 가지고 좀 쓸께요.
 그 고객돈 가지고 이것저것 투자하는데
 이상한데 투자해서 망하면 안되니까
 기준이 강화된다는 말인거죠?|ㅠㅠ 제가 부족해서 공부를 좀 하고 들어야할듯하네요ㅠ|다마고찌 보다 까먹고 있었는데 아조씨 138만 무슨일 (뒷북왕)|궁금한 내용이었는데 감사합니다|많이 부족하네요.. 이해가 안되네요..|일드 캡 할것같은데;;  금리 오른다 오른다 이야기만 할뿐 아무도 일드캡 언급은 없습니다 일드캡 가능성은 미국 부채 가 워낙많아서 높을 것같은데 그것에 대🌞 쫌 알아봐주세요|달러올라가고 있다... 누가 달러를 많이 가지고 계셨다던데~⭐|실효금리는 이미 상승이 시작됐고 기준금리는 향후 몇년간은 절대 안올린다.
머니파티를 즐겨라!!!!!|보험주 잘못 물리면 10년 장기투자|많이배우신분이신가보네요~^^잘나신거같아요증말|게스트분중에 무스나 왁스 안 쓰신분 계셨나요?ㅋㅋ|설명 진짜 어렵게 하시는 분이네요 일반인들의 눈높이를 전혀 모르고 배려도 없는듯|채권 금리만 나오면 무슨말인지... 헤로헤롱합니다.|제가 금융지식이 부족한건지 말이 너무 어려워서 신사님 금융관련이야기들은 계속 못보겠어요 ㅎㅎ|올 컨텐츠가 언더스탠더블하긴 한데 
너무 자기 비즈니스 바운더리 안의 
오피니언만이 많이 인풋 되어있다는
띵끄가 많이 들고요
우리나라 스페셜리스트들은
저렇게 잉글리쉬를 많이 유즈해야만
다른 리스너들이 다들 어드밋하는 무드인가요?|1. 금리가 오르면 생명보험이 수혜주다 (장기채, 변액보증준비금, kics)
2. 손해보험사도 나쁘지 않다 (실손 개선 준비중)
3. 재보험사 등도 밸류나 안정적인 배당 괜찮다.

보험에 대해 어려웠는데 새로운 용어들도 많이 알아가네요 ㅎㅎ 
좋은말씀 감사합니다!"
부동산 계약전 알았으면 좋았을 것들,부동산 계약전 알았으면 좋았을 것들,2021. 3. 8.,http://www.youtube.com/watch?v=55osn87i7TQ,"조회수 281,101회","좋아요 6,792개",싫어요 175개,"↓ 출연 문의 및 광고제안 방법
shxjcl1122@gmail.com
 
↓70만원으로 시작한 쇼핑몰로 월 1000만원 버는법
[클래스101] 강의 구성 보러가기
https://class101.net/products/nE3Rka3C8quVUg6sJTXu
 
↓월 수입 180만원에서 1억8천까지 키운방법
저의 첫 책, [킵고잉] 구경가기
https://book.naver.com/bookdb/book_detail.nhn?bid=16416952|아파트 노가다 해보셨는지요? 허접한 자재로 대충대충.. 빠르기는 엄청 빨라. 구석진곳 철근 몇 개 빼먹거나 빈 공간 쓰레기로 채워넣고 그래도 모름. 시멘트 발라버리면 그만. 물론 초음파나 그런 걸로 공사 후라도 부실 확인이 불가능한건 아니긴한데..이게 우리가 사는 아파트인가.. 참 부실하게 짓는다..예전 노가다 하면서도 그런 생각이 들었음. 나 혼자 어떻게 해 볼수 있는 것도 아니고.. 창틀 문틀 제대로 안맞는것도 부실시공 중 하나입니다. 부자되는데에 양심의 조건은 없죠? 장사꾼이야 뭐.. 최소 투자에 최대 이익을 노리는게 당연한건데..  우리나라 건축허가 기준이 너무 허접해서 생기는 문제가 많은것 같습니다. 좀더 엄격한 허가 기준이 마련되야함. 방음 기준도 
근데 이런게 법으로 통과가 잘 안됨. 왜냐.. 첫째. 정치하는 사람 자체가 기득권 층이라서.. 둘째.  힘있는놈 편의로 일 해주면 떡고물이 떨어지는데.. 없는 놈들 편의 봐주며 일해 봐야 뭐 떨어지는게 없거든. 여든 야든 정치가들은 가진자들 기득권 중심 정치를 하지 서민 중심 정치는 안함.  말로만 서민 찾지. 서민 표 얻어야 당선이 되기때문에 겉으로는 어쨋든 서민 위한 정치한다고 말은 그렇게 해야함. 여튼 그래서 입주민 보다는 건설사 중심의 법이 만들어짐. 개인적으로 기업가 입장에서 우리나라 처럼 이렇게 장사하기 편한 나라도 별로 없다고 생각하는데.. 기업가들은 쥐뿔도 모르면서 뭔 개소리 하냐.. 그럴거임.|이렇게 혼자하시는 컨텐츠도 좋네여👍|신사임당님 ptsd 걸린 참전군인 같아요ㅋㅋ 빌라 거주하실때 어지간히 고생하셧나보군요|해가 잘 들어오는집... 진짜 중요함 사람이 활발해지고 생활패턴이 정말 달라짐 ㅋ
북서동쪽 다 살아봤는데 항상 몸이 찌뿌드하고 우울하고 그랬음 십년이상
불면증에 가위눌림은 덤 ㅜㅜ 지금 사는곳이 정남향인데 2년살면서 가위눌림없고 집에 들어오면 
항상 환하고 포근해서 좋음  생활패턴 다 돌아오고 건강도 회복됨 
괜히 싼데 구하려고 어둡고 위치안좋은곳보다 정남향은 아니어도 되도록 밝은 곳으로 가세요|한번 빌라 살아보세요.엄청 열심히 살게 됩니다.탈출하려고..7가지 볼것도 없이 복도 엉망이면 들어가지마세요.관리가 불가능하다는뜻입니다.그리고 저지경이면 화장실로 담배냄새 다올라옵니다.층간소음은 서비스.|빌라구입은 정말 신중해야합니다
전세면 문제 발견후 집을 뺄수라도있죠
사면 팔리지도 않아요
세입자 집어 넣으면 당장 항의들어오고요
수리비는 계속 들어가고요
세금이랑 대출이자도 내야죠
지역가입자는 집보유했다고 건보료 오르죠
무주택자일때 받던 혜택도 못받아요
한번의 판단미스로 스트레스 엄청 받고 무주택자가 엄청 부러워질거에요|서울시는 제발 오래된 빌라들 재개발좀 해서 주거 환경 개선하고 공급좀 늘려라
진짜 니들 똥고집 부리느라 국민들 개고생한다.|우리 엄마가 인싸 아줌마라 나는 빌라를 편하게 살았나봅니다ㅠㅠ 계단도 늘 깨끗하고 자전거 같은것도 없었고 공용주차장에 주차도 서로 문제없이 했고 음쓰랑 재활용이랑 쓰레기도 매일 치워져서 좋았는데.... 집나와 독립해서 싼 아파트 사니까 복도식 아파트라 복도에 쓰레기 내놓아져있고 자전거 주렁주렁 아휴 싼집은 아파트가 구축빌라 뺨칩니다 악|제일 중요한 0순위는 공인중개사를 믿지 말라 공인중개사란 말에 속지 마라 그냥 집팔이새끼다, 
착한 집주인은 나의 집주인이 아닐 확률이 높다.  남들이 보기에 진상인것처럼 보일 정도로 꼼꼼하게 보자.|이 영상을 부동산 사장님이 싫어 하십니다.

이런 디테일한 방법들 까지 알려주시다니...
살아 본 경험을 생생하게 나눠 주셔서 정말 감사해요.
집에 있어서 채광은 아파트나 빌라 상관없이 다 중요한 것 같아요.|이렇게 관리 안되는 집마저도 주변시세 따라서 비싸게 받는다는게 함정... -_-|기생충 비문학버젼..|강남 논현 청담 삼성 위치한 빌라도  잘 가려 얻어야함  저런빌라 수두룩함|이런건 학교에서 배웠으면 좋겠네요|빌라에서 겪을만한 거 지대로 다 겪으셨네요 분노가 느껴져요 ㅎㅎㅎㅎ|싸고 좋은 집은 없습니다
조건이 맞는 빌라는 비싸요ㅠ
잘 살펴보시고 본인이 감당 가능한 순서대로 리스트 만드셔서 최악을 피하면서 가격이랑 잘 조율해야 됩니다|자료화면 적절 무엇입니까 ㅋㅋ|말하시면서도 한이 느껴지네요 ㅋㅋㅋㅋㅋㅋ|저희집도 빌라이고 컨디션 좋은 편인데 제 방이 옷방으로 쓰기 좋을만큼 해가 안드는 방이거든요.  아침에 잘 못 일어나겠는 이유를 여기서 알게됐네요. 할머니가 볕 잘드는 안방쓰셔서 어쩔 수 없지만 내 잘못이 아니라는 생각이 들어 마음이 좀 가벼워집니다. :)|학교에서 안 가르쳐 주는 모든 것을 알려주는 친절한 신사임당님🥰😍|저도 이사 겁나 다녀 본 사람으로서 해는 진짜 진짜 중요합니다!! 해가 잘 안드는 집에 살았을 때 완즌 우울증 장난 아니였습니다. 제발 해 잘 드는지 꼭 보세요!! 엄청엄청 제일 중요합니다.|와 ㅋㅋㅋㅋ소변스팟ㅋㅋㅋㅋ담배 이런건 진짜 생각도 못했네요 첫 자취집으로 빌라 들어갔는데 신사임당님 이야기 들으니까 공감 되는 면도 있지만 운좋게 그나마 괜찮은 집을 구했구나 싶네요 ㄷㄷ|지금은 좋은 환경에서 사시겠지만
좋은 컨텐츠를 만들기위해
이전의 힘들었던 기억을 되세기느라
얼마나 힘드셨을까요
저는 단독으로 이사오면서
좀더 꼼꼼하지 못했던 나를
반성해봅니다
빌라뿐 아니라 어떤 집에도
해당되는듯해요|형 진짜 레알 재밋어요ㅋㅋㅋㅋㅋㅋㅋㅋㅋ 분노30% 패시브 장착으로 설명|빌라는 다이아몬드 박아놔두 빌라예요. 빌라 전세만!  꼭!  보증보험들구!|ㄹㅇ 흙수저에서 성공한 신사임당님..그는 도덕책|진짜 실전에서오는 답답함이다 ㅋㅋㅋㅋㅋ|심시임당님~ 없는 사람들을 위해 아무도 알려주지 않는 것들을 알려주셔서 감사해요~ 삶의 지혜를 배웁니다.|와.. 얘기 듣는데 짠내가... 완전 현실적인 조언이었어요. 
돈 조금 아끼려다가 삶을 포기하게 될 수 있군요.
왠지 붉은 벽돌은 피하는 것이 낫겠단 생각이 드네요.|녹물 나오는 것도 확인해야 해여ㅜㅜ 정말 힘들었음.|근데 대부분 돈에 맞춰들어가서 에휴...|자취 10년이상 하고있는 사람으로서 이런영상정말..ㅠ고생하셨습니다 12분쯤에 우울하다말하시지만 깊은빡침이 느껴지는..ㅠㅠ 지금저는 작은도시의 작은아파트지만 여러 빌라생활 4년이후 아파트오니 너무좋네요 남향에 음쓰 분리수거처리공간이 있는것만해도 행복합니다..!|너무 리얼해서 내가 살다 나온 기분이다. 열심히 돈벌어야한다는 생각도 들고 이 영상보면 빌라구축 절대 안사실듯|내용 미쳤닼ㅋㅋㅋㅋㅋㅋㅋㅋㅋㅋㅋㅋㅋ 완전 현실적이에요 👍 ㅋㅋㅋㅋㅋㅋㅋㅋㅋ 두고두고 보겠습니다ㅋㅋㅋ|정말 생각지도못한일들이많내요 저는 정말무난한집만살은것같아요|이런 영상을 진작 봤어야 했는데...ㅠㅠ|담배종류는 진짜 레알~ 이런 디테일 어디가서 들을 수 있을까요~ 진정 꿀팁입니다.|우와 옥상에 담배 꽁초 종류. .대박. .진짜 비흡연자를 위한 꿀팁이네요..|디테일 소름~~ 
정말 살아있는 정보 감사합니다"
매월 4천만원 미국주식 사면 어떻게 될까? (김훈 미주부),매월 4천만원 미국주식 사면 어떻게 될까? (김훈 미주부),2021. 3. 6.,http://www.youtube.com/watch?v=55osn87i7TQ,"조회수 177,903회","좋아요 2,730개",싫어요 100개,"미주부가 월 4000만원을 만든방법은
https://youtu.be/q0BA2r7YeYA|이영상을 보고 유튜브와 주식시장의 희망을 보고 갑니다|내가 태울건 찬장 속 사천 짜파게티 밖에 없지만 오늘도 잘배우고 갑니다.|4천이 너무 크게 느껴지면  4만원으로 하던가 40만원으로 하던가  400만원으로 하던가 하면 되겠네|☆ 이 별을 본 사람은 머지않아 큰 부와 행운을 얻게 될 것입니다.|⭐ 4억에 집중하기보다는 우리가 할 수 있는 금액으로 시작해보면 되지 않을까요?! 
🙋‍♀️ 저는 10만원으로 시작하겠습니다!!|매달4천씩 태울돈이 있으면 이미 부자인데?|고래를 잡으러 바다에 가야 하는데
호수에만 살아서 바다가 무섭긴 하네요 🤣
호수에도 안 살았었을 땐 어찌 살았나 싶습니다|ㅋㅋㅋㅋㅋ저 치킨집은 안해요. 음식장사는 주인바뀌면 망하잖아요. 진지하게 듣다가 빵터졌네요.|매달 사천씩쓴다면 미국주식 안 사도 될 것 같아용|좋은 거 만들면 네이버에서 그 다음주에 따라한다 ㅋㅋㅋㅋ 네이버는 잘 될 거예요.|한달에 4000달러 벌기도 힘든데
4000만원이라니 ㄷㄷ|잘생기셨다ㅎㅎ|이 두분의 조화라니ㅜㅜㅜ 진짜 대박이네요|매달4천은 아니지만 매월 10만원씩 주식 투자 시작했어요. seed money가 미주부님만큼 커질때까지 공부하며 꾸준히 해봐야겠습니다👻👻👻|제가 주로 보는 두 유튜버가 만나는 느낌이 묘하네요 ㅎㅎ|4천..ㅋㅋㅋㅋ|미남들일세 ㅎㅎ 훈훈하다|엄청 잘생기시고 말씀도 잘하심|조합 미쳤...|엄청난 미남;;|매월 4천만원씩... 대박입니다 ㅜㅜ 저는 매달 소소하게 70만원씩 하구있네요😊 존경스럽습니다!!|유익한 시간이었습니다 
감사합니다|매달 4천!!!|난 4000원인 줄 ;; 보고 들어옴.|미주부님을 여기서 뵙다니 ㅎㅎ|어머, 대박! 미주부와 신사임당을 한꺼번에♡|4천이라..너무 괴리감 느껴지는 타이틀이제요|좋겠다. 4천 여윳돈이 있다니|춘천 중도 선사유적지가 위기에 빠졌습니다.(Feat 정신나간 강원도청 & 문화재청)|미주부님 지경이 넓어지시나요|미주부님♡ 여기에서 뵈오니 더 반갑습니다^^ 주린이 계속 공부하고 
실천하여 부우자 되고 싶어여♡|14:50 지금이니!?|이 미남분이 그 유명한 미주부  이셨네요 ~~|한달에 사천을 태워요...?;;;|근데 레알 잘 생겼다....|미주부님 공약실천중 ㄷㄷ 두분다 응원합니데이|나만 알고 싶은 미주부 채널 ㅠ|우아ㅋ미주부님이닷ㅎ|저는 달은 아니고 매일 장이 열릴때마다 12만원씩 매수하는 투자아이디어를 실행하고 있어요, 과연 그 끝은 어떻게 될지 모르겠지만 꾸준하게 뚜벅뚜벅 걸어가고 있습니다. 기록은 제 블로그에 매수일지처럼 기록하고 있는데요, 매일 매수하다보니 더 경제에 관심도 많이가고 긍정적인 측면이 많더라고요!|미주부님이시네.. 오와.. 미남.. 너무 방가워요.. 영상 너무 잘보고 있습니다.^^ 신사임당님 만큼 잘생긴분이셨네요..|주식 하는 우튜버 중에 유일하게 믿고 보는 두분 개형과 미주부님!|미주부님~여기서 뵙다니 반가워요. 근데 미주부 채널에 고정된 사진, 목소리와는 뭔가 다른 느낌이 나네요ㅎㅎ|너무 금액이 큰거 아님? 매월 4천만원씩 주식 살수 있는 사람이면 뭘해도 잘벌릴것 같은데|이형은 욀케 눈이 빛나지|우리 미주부님이 신사임당에 출현하셨네요~~ 감축드려요~~~
잘생겼따~~|테슬라 더 구입해야겠네요|좋은 경험 공유 감사합니다. 달에 자기 수입에서 운용가능한 작은 돈부터 시작하는게 좋은거 같아요 수익률을 생각하면서 가는게 맞는거 같습니다.|저도 오늘 테슬라 추가 매수했습니다!!!|사임당 형 애플 시총이 국내 코스피 다 카바하는 거 알면서 모르는 척 받아주는 센스....|문과는 컨텐츠 이과는 소프트웨어. 시대를 꿰뚫는 명언이네요 우와|우와 부럽다^^
난 그냥 마소랑 애플에 집중해야지|내가 제일 좋아하는 미주부님 나오시다니 넘 반갑고 좋아서 좋아요 누르고 시청합니다 꺅|폰지사기에 대해서도 올려주세요ㅠ|미주부 저두 보고 있는데 정말 짱이예요
앵경쓰는 모습은 더 멋져요|미주부님 여기서 뵈니 ....더 반가워요!!😀👍🙏|잘생겼당 ...|꾸준함!따라하기! 따라할만한 좋은방법 공유 감사합니다|우와 달마다 4천 1년 4.8억~~|영상잘봤습니다.  생각하지 못했던 부분을 알게되서 감사하게 생각합니다. 다만 시작할때 뭔가 짤린듯 바로 시작해서 앞의 내용이 궁금해집니다. 출연하신 분 자기 소개나 그런 인트로가 있으면 어떨까 생각해봅니다.|ㅎ 잘보고 갑니다|4천이 달러가 아니라 만원이군요!!!!...지난 1년 두분의 팬으로 감사했습니다~앞으로도 부탁드려요^^|오~미주부님 반가워요~~^^
덕분에 투식스 투자해서 2배수익 났었네요~|이분 저번에 화장품회사 매각했다고 나오신분 아닌가용? ㅎㅎ|미주부님 책 어제 샀습니다
미주부님 채널에서 실제 기업 경영부터 M&A까지 직접 경험하신 입장에서 기업 분석하신 영상은 저에게는 바이블같은 영상이었습니다
감사합니다 열심히 공부하겠습니다|저는 미국 주식으로 CEO가 발명가인 기업에 투자하라고 하고 싶습니다. 최근 연구결과에 따르면 발명가가 CEO인 기업이 그렇지 않은 기업보다 경영성과가 더 좋다고 합니다..~~|전 400 달러를 매달 하는 구좌가 있는데 
40000 달러라면 100 배!!!! 이네요. 
각자 그릇의 크기에 맞춰서 하는 것이 정답이죠!!!🤗👍🤓🤗🤗|미주부님을 여기서 보네요^^. 36분만에 운영 중이신 유튜브와 쓰신 책을 한 번에 요약해 주셨네요. 찐고수로 인정합니다~!!|게스트 머리 좋은 분들이 보이는 특징을 그대로 갖고 계시네요
설명건너뛰고 뭐지? 싶은 얘기를 가끔하시네|우왕 미주부님 초창기 구독자인데 여기서보니 반갑네요
 주식 유투버 많지만 미주부만큼 안전하게 투자할수있도록 도와주는분 없습니다.|미주부님드디어나오셨군여 여기서보니방갑네요 ㅎ 역시신사임당님의섭외력~~|1증|미주부님 여기서 뵈오니 반갑습니다..미주부님 팬이고 따라서  작년5월 시작부터시작했어요~~^^♡♡♡|핫 우리 미주부 선생님 여기서 보내요 +_+|전 매달 3백씩 15년째 투자하고 있습니다. 채권비중이 높아 수익율은 미비하지만 복리의 마법을 믿으며 10년후 은퇴할때 까지 열심히 갈겁니다.. 영상 감사를 드립니다.|저도 4억 ^^보유중|신사임당님 채널은 엄제나 부의 답입니다~
늘 감사합니다.
신사임당님 인터뷰도 하고 싶어요.
생초보이긴 해도~~~^^
곧 뵐 날을 기다리며~^^|1등|1등|매달 4천원은 가능합니다."
사고 싶어지는 것들의 특징 (노희영)풀버전,사고 싶어지는 것들의 특징 (노희영)풀버전,2021. 3. 5.,http://www.youtube.com/watch?v=55osn87i7TQ,"조회수 33,733회",좋아요 879개,싫어요 30개,"이건 진짜 명강의네요|“방역보다 중요한건 면역이다”
자기 스스로 자기자신을 지키는 것 (운동, 음식 등)|제가 팔로우하는 노희영님 ㅠㅠ 썸네일 보자마자 반갑게 왔네요 오늘 저녁은 이거 들으면서 자야지!!!!! 감사합니다💖|신사임당님은 어느 누구를 만나도  대화가 맛나요🍬🍬|좋은 알짜팁을 감추지 않으시고
말씀하시는 모습에 감동입니다.|한마디 한마디 진짜 마케팅 의 감동실화 입니다.|요고 본것 같은데 새로운건가요??!!ㅎㅎ
아하...풀버젼♡|많이 배웠습니다. 몇번 더 봐야겠습니다.|다시봐도 너무 좋아요|마켓오 브라우니 오렌지쇼콜라랑 쵸코크래커 진짜 최고였는데..
고메 494 오픈했을때 정말 감동이었는데 전국맛집 푸드코트로 옮겨다놓는거 유행된것도 다 노희영님 작품이었구나..완전 취향저격상품들 대박|좋은영상 너무 감사합니다!!!|와...........진짜 멋있다.........닮고싶다 정말|오늘도 너무 좋은내용 듣고 갑니다.
감사합니다|될사람은 될수밖에없는 이유가있네요.
접대보고 또보는데도.넘좋으네요.|지루하지가 않네요~~멋진분이십니다.|진짜 배울게 많다|정말 좋은 강의네요 ㅎㅎ|멋진 분이시네요.
좋은 말씀 감사합니다.|다시 들어도 재밌어요!|이 얘기 실화냐? ㅋㅋㅋ 기받아갑니다 ㅎㅎ|이거 꼭 풀시청 해라 유익하다|1등!!!|진짜 감명 깊게 본 영상 중 하나...|사임당님~|대단해요 배워갑니나|그래서 빅데이터는 돈이지|성공한자의 전형적인 마인드. 존경합니다.|19:54 ㅋㅋ|이분이 존리 대표님과 의견이 부닺히는 것 같지만 투자하는 분야가 다를 뿐 맥락은 같다
현명한 소비를 하라. 본인의 발전을 위해 필요한 곳에 돈을 투자하라.|본거 또봐도 참 좋네요~~ !!!!👍👍👍🤩|대단한 사람...|와 왜 노희영인지 알겠네요|정말 유익하고  명강의  입니다. 👍👍|1초전은 못 참지|저도 신사임당님의 라이프스타일을 보기 위해 오늘도 옵니다 ㅎㅎ|오~~ 풀버전!|노희영 님은 비비고 올리브영 빕스 투썸플레이스 등 cj의 많은 브랜드를 만드신 분입니다!!|다른 사람이었으면 화를 내며 자리를 박찰 일도 원하는 것을 이룰 때까지는 묵묵히 견디신다는 이야기를 책에서 보고 힘들 때마다 참아내고 있어요. 안그래도 책을 어제부터 다시 읽고 있었는데 영상이 올라와서 너무 좋아요.|아니 왜 자꾸 런던오빠가 생각나지? 보다 말고 검색하기|항상 좋은 영상 감사합니다

의인화..|20대 30대는 존리쌤처럼 커피값도 아끼고 돈을 모은 후 나를 위해 쓰는게 내 라이프 스타일 ~|자유를사자 절대포기하지말자 그가 킵고잉하라했다|어? 이거 봤던 것 같은데.. 다시 올린건가요??|신사임당님 이메일 주소좀 부탁드립니다|안녕하세요? 팬입니다.
최근에 멤버십에 가입했는데 멤버십혜택이 뭔지 몰라서요.
가이드라인 좀 주세요.
고맙습니다~^^|삼성폰에는 기술이 있고 아이폰에는 철학이 있다|55빠 ㅁㅁ|그치 모으기만하면 그돈은 못쓰지 
40년을 자린고비처럼모앗는데 그 돈을 쓸수있을까 ㅋㅋ|다시 올리신건가?
레전드 인터뷰중에 하나|저분 누구세요?|멋지 십니다. 많이 배워 갑니다.

- 목표를 향한 추진력
- 사람들이 실제로 무엇을 좋아하는지를 관찰 => 현학이 아닌 현실
- 발명이 아닌 발견
- 사랑하는 것과 사용하는 것의 차이
- 제품을 파는 것보다 마음을 사는 것이 우선
- 벤치마킹은 라이프스타일부터
- 라이프스타일과 경험을 판다|3|개인적으로 외식사업을 하고있는데 오늘 너무 감동 먹고갑니다.
풀버전 2번 듣고갑니다.|1|성공한 사람은 역시 보통사람들 보다 틀리군요.. 오늘 강의가 참 좋네요|조셉이 왜 여기서 나와|돈이 아닌 내가 중심이 되어 내가 하고 싶은 일을
철학을 가지고 해나간 것, 그게 브랜드가 되고
그게 큰 성공의 이유가 되었다 생각 드네요~^-^|* 사용해봐야알고 그래야 팔수 있고, 자기만의 스타일이 있어야한다. 
* 물건을 팔려면 그런 라이프스타일을 살아야만 알 수 있다.
* 돈 안쓰고 물건파는건 사기다. 
* 돈쓰는 방법을 알아야 한다.|정말 세상은 내가 잘하는 거는 천재가 아닌이상 메인으로 가져가면 안되는거 같아요. 다들 원하는걸 알고 거기에 잘 융화되고 잘 변화하는게 좋을지도모르겠네요.. 하지만 제가 좋아하는거 포기는 하지말고 찾아야죠 방법을|🥰🥰|노희영 멋진여자 에요|6"
2020년 시작한 스토어 한 달에 5천만원 파는 노하우 알려드릴게요 (유정햇살),2020년 시작한 스토어 한 달에 5천만원 파는 노하우 알려드릴게요 (유정햇살),2021. 3. 4.,http://www.youtube.com/watch?v=55osn87i7TQ,"조회수 341,937회","좋아요 5,240개",싫어요 109개,"안녕하세요 유튜버 유정햇살입니다!

마지막 5번째 회사를 다닐때 창고에서 택배 싸고, 미싱 하면서 사장님 몰래 신사임당님 인터뷰 영상들 작게 틀어놓고 라디오처럼 들으면서 
언젠가 저도 저만의 이야기를 신사임당님 채널에 나가 들려드리고 싶다고 생각했었어요

이렇게 출연하게 되어 너무 영광입니다! 제 채널에도 많이 놀러와주셔요♡|진짜 내꿈인지 남들이 욕망하는 꿈인지 알아야 하는거 같아요.|잘팔리면 제조업체에서 배신한다는 경우가 꽤 많다라는말이 진짜 충격이네요ㅠㅠ|네이버랑 쿠팡이랑 치킨 게임하는 지금이 저희에겐 기회군요 늘 자극되는 영상 감사합니다. 이건 시작안하는게 더 손해인거 같네요|사임당님은 초대하신 분 말씀하실때 가만히 듣고만 있어주셔서 너무 좋다 .. 이말 저말 하는게 아니라 뭔가 말씀하실 수 있게 해주셔서 넘 좋다|노력을 통해 아나운서라는 꿈을 이뤘기때문에, 할 수 있다는 자기 신뢰가 있었기에 가능했던거 같아요. 저도 늘 계획을 하고 있지만, 정말 일당백으로 일해야만 가능한 일인거 같아요|시청하면서 스마트스토어  판매자 가입했습니다. 이제 아이템을 선정해야 하는데...|잘되는 사람들은 일단 실행력이 기본인듯합니다.. 실행력 쉽지 않군여ㅜㅜ|와~~~유정햇살님이시다. 선 댓글 달아요. 순매출100일때 본것같은데... 대단하시네요. 저도 스마트스토어 가입만한지 7개월정도 되었네요. ㅠㅠ 다시 시작해봐야겠네요.|신사임당님~~ 쪽집게~~남의 시선으로 살면 피곤해요|블루오션이란건 한참 지나고 보니 알수 있는 거 같습니다. 무엇을 하던 남들이 안 할때 길을 개척했다는 건 무모하고 용감한 모험이었을 뿐입니다.^^|스린이에요. 좋은 내용 감사합니다. 하지만 역시 실행으로 옮기는 자와 그렇지 않은 자는 있겠죠. 그리고 실행하는 자만이 성공하는 것 같아요. 오늘도 실행하는 자가 되어 성공으로 한발 다가가봅니다.|아니 영상에 집중이 안되네요... 유정님만 보게되네 ㅋㅋ|유정햇살님!~ 이야기 잘 들었습니다^^
저도 1월 중순에 스마트스토어를 시작해서 하고 있는데... 첨 시작부터 할까말까가 아닌 어떻게 하지 라는 생각으로 하고 있답니다~ㅎ|9:12 b2b 쇼핑몰 말고 자사몰|행복해보이시네요! 힘 얻고 갑니다|초반에 맘속에서는 이게 아니라고 저기까지만 가고나서 라고 하시는 거 공감이요. 남들이 욕망한. 저는 아직도 그 괴리에 있는것 같아요.|와.... 유정햇살님 너무너무 멋있어요 ㅠ ㅠ 진짜 제 워너비입니다 ❤️ 진짜 하나하나  배울게 많아요 
항상 긍정적이고 노력하는 유정님 !!!!  사랑합니다 
항상 응원해요오오|할까 말까? 할 땐 하지 말고
어떻게 할까? 생각들 땐 해라
듣다가 이 말이 확 와닿더라고요.
핵심 담은 좋은 내용 감사합니다. ^-^|여기서 위탁으로 판매하는 사람한태 진짜 큰 힌트가 나온거 같습니다
키워드에 자기만의 가치를 부여해서 바이럴을 한다|전 귀가얇아서 신사임당님 유튜브 
19년1월에 처음보고 바로 스토어 시작해서
지금은 꾸준히 월천 이상 순수익 내면서 하루에 3-5시간정도 일하고있어요
아직 직원 필요없을 정도로 워라밸 좋아요

임당님 4개월만에 6천매출찍으신거보니 다시 동기부여되고
동시에 게으른 제 자신을 반성하게 되네요
다시 힘내보겠습니다|마지막 말씀이 주옥같네요. '한다고 결정했으면 그 다음엔 어떻게하면 잘 할까만 고민하라.'|진짜 좋아하는지 아닌지를 알려면 결국 그 목표를 이뤄봐야 한다는게 어려운 것 같아요
남의 목표라도 아나운서가 되셨다는 점과 맘 먹고 바로 5일장(!)에서도 시도를 해보셨다는 점이 대단한 것 같습니다 
멋지세요!|완전 호감형 강아지 상이시네요^^
성공하세요! 유정햇살님~|우와 대단하셔요~~~|힝 자연스럽게 너무 이쁘시당,,,♥|둘다 좋아하는분이네요 ~^^  반가워요|우아앙 유정햇살 님이다아!
여기서 뵈니 더 반갑네요 :)|영상보고 자극받아 쇼피입점 신청했어요 감사요|사투리가 느껴지는 ㅋㅋㅋ  잘봤습니다|저도 시작해보고싶은데 
너무 막막하네요~ 뭘 팔아야 할지..|와 유정햇살님이시다!!|오 핑크물병 방법 좋네요~ 나만의 키워드....|오늘 또 영향을 받고 갑니다 ㅎ|두 분께서 말씀해주신 '할까 말까'에서  '해야지'로 마음 먹고 이번에 시작했습니다. 신사임당님 영상에 출연하는 날이 오게끔 해보려고 합니다. 올해 안에 뵙겠습니다. 감사합니다.|마지막 부분 멘트가 진심으로 와닿네요.|노하우를 들으러왔는데 너무 예뻐서 홀리듯 얼굴만 보고있네여 ㅋㅋㅋㅋㅋㅋ|와 진짜 좋은 영상이네요
꿀팁 많이 배워갑니다 
감사드려요 ㅎㅎ|새로운 마케팅 꿀팁들이 많이 있었네요 꼭 참고해서 적용해보겠습니다 감사합니다👏👏|이미 하기로 했다면 어떻게하면 잘할지~★|우왕 진짜 신기하다|신사임당님 영상 항상 너무좋아요 ㅠㅠ 나의 멘탈힐링!|좋은 영상 기획해서 올려주시는 신사임당님 항상 감사합니다~^^|유정햇살님 처음 보는데 사랑스러운 분이시네요^^
사업 번창하세요^^|유정햇살님 예전에 유튜브랩 분들이 진행하시는 유튜브 강의에서 뵀었는데 그때도 에너지 넘치고 뭔가 상큼한? 느낌이 드는 분이라 기억이 남네요! 그때 구독자 500명 정도셨은데 끝까지 포기않고 성공하신게 정말 대단하다고 생각합니다! 앞으로 더 잘되셨으면 좋겠네요! 응원합니다❤️|반갑습니다 ~|역시 신사임당님 채널 꿈과 희망을 주십니다~~^^감사합니다~~^^|저도 스마트스토어 시작했습니다^^
정말 부러운 성과네요~ ㅎㅎ 
항상 응원합니다 ~!^^|유정햇살님의 열정 느낄수있어서 좋았습니다. 늘 응원합니다!|많은 도움되었습니다. 항상 감사해요♡|🎀🎀 와 대단하시네여 🎀🎀 부럽습니다!!|ㅎ 잘보고 갑니다|대단하시네요~~!!!|바로 응용해 보겠습니다. 감사합니다.|예쁘신분이 열정도 짱이시고 멋져요^^|도전~~!!|저는 유정햇살 쇼피검색하다가 알게 되었는데 막판에 주식으로 간다고.,  하시곤 구독 끊었어요. 갑자기 사기가 뚝|핑크물병얘기  ~~~넘 귀에 속속 
응원합니다~^^|신사임당님 강의 들었는데, 다 아시는 내용인데도 모르는척 공감해주시네요ㅎㅎ 최고|안녕하세요 14살 창업하는 이현성입니다. 저도이제 스마트스토어 창업준비하는데 신사임당님 유튜브 보고 많이 배우고 있습니다!|브랜드화의 중요성!!👍|두분이 닮았어요 ㅎㅎㅎ|햇살유정님 좋아요 구독 누르고 왔어요.
이 영상보면서 저도 온라인 경제활동을 하고 싶다는 의욕이 생기네요. 앞으로 열심히 보러갈게요~|가만히 듣다보면 나오신 분들 다 천재이신것 같아요. 아이디어도 좋으시고 부지런하시고|와 유정님 떡상하셨네요 !! ㅎㅎㅎ|애쀼당|강사님 안녕하세요   너무  방갑네요  ^ ㅈ|오늘도 한수 배우고 갑니다 ^^ 저는 언제쯤 나아질런지...|저도 지금 일본에서 스마트스토어 준비중인데 진짜 아무도 안 하고 있는 걸 준비중인데 잘되면 좋겠네요 ㅎㅎ|신사임당님 뉴스에 나오신거 봤어요 ㅎㅎ|본래 상품이름이 있는데 위탁업자가 이름을 함부로 만들어서 팔면 법적으로 문제되지 읺을까요??|결심
도전
하자
된다!!!
감사합니다 🙏|감사합니다 유정햇살 신사임당님 ㅎㅎ|스토어 월 매출 10만원... 자극받고 더 키워야겠습니다!! 감사합니다. 유정햇살님것도 구독할게요!|우왓~많은도움 됬어용|스마트스토어 가입하려고하는데 진짜 머파나ㅋㅋㅋㅋ|1등|많이배웠습니다|이뻐요|오!! 유정햇살 님이시네요!! 초기부터 봐서 정말 이 분 유튜브보면 바닥부터 시작하면 이런 느낌이구나 하는 걸 느낄 수 있어요 진짜 에너제틱한 분!!"
영끌족 공포... 대출 금리 상승 시작됐다 (재테크 좀 아는선배),영끌족 공포... 대출 금리 상승 시작됐다 (재테크 좀 아는선배),실시간 스트리밍 시작일: 2021. 3. 4.,http://www.youtube.com/watch?v=55osn87i7TQ,"조회수 296,204회","좋아요 5,753개",싫어요 171개,"ㅋㅋㅋㅋㅋㅋㅋㅋㅋㅋㅋㅋㅋㅋ정부가조지면서ㅋㅋㅋㅋㅋㅋㅋㅋㅋㅋㅋㅋㅋㅋㅋㅋㅋㅋㅋㅋㅋㅋㅋㅋㅋㅋㅋㅋ|늘 시간에 쫓기다보니 실시간으로 보지도 못하고 틈틈이 이어서 매회차 다 보고 있습니다 제나이가 52인데 아무것도 모르고살다가 이제서야 경제에 좀 관심이 생겼네요. 시간이 나면 신사임당  월부 유튜브 틀어놓고 사니 요샌 가족 같아요. 특히 목요일 이방송은 보다가 자꾸 눈물이 나서ㅠ 저도 유달리 힘들게 살아왔다 말하고 싶었는데 명함도 못내밀겠더라고요. 늦었다 생각안하고 제가 할 수 있는 것부터 열심히 공부하며 자식들한테 짐이되지않고 조금이라도 도와주는 부모로 기억되도록 노력해 보려합니다.  

좋아요 를 한번 밖에 못누르는게 아쉽습니다. 댓글달기가 쑥쓰럽지만 사연 보내신 분들 모두 힘내시라고 다들 너무 잘사시고 계시다고 박수쳐드리고 싶은맘에 올립니다. 

너나위님 똑똑하시고 바르시고 마음도 넓으신 직접 상담받고싶은 분
신사임당님 뭐든 빠르시고 앞서가시고 재치있으시고 무한능력자이신 분 

두 분 건강하게 오래 방송 부탁드립니다 
감사합니다 ^^;;;;|너나위님은 심성이 너무 좋으신것 같아요|와이런 경제공부 어디서도 못하는데 유튭에서 무료로 볼수있다는거 자체가 참 좋은세상이다 새삼 느낍니다 사임당님 항상잘보고있어요 너나위님 우는선배 응원해요 ^^ 첫번째 사연 보금자리론은 최대3억으로 알고있는데 나머지는 신용대출 활용하시면 될것같습니당|아~너나위님 말씀 듣고 있으면 빨려들어갑니다. 조곤조곤 참 말씀을 이쁘게 잘하십니다. 
공감능력도 뛰어나신거 같고...|10년동안 물가상승 집값상승에 비해 소득상슬률이 못따라가는게 문제|정부가 조지면서 ㅋㅋ
사임당님 마음 반영|너나위님 부동산조언은 뭐 말할것도없고, 인생선배로서의 조언이 최고찐인것 같습니다. 정말 최고세요!|정말 매주 기다려지는 목요일입니다. 영상을 보면서 같이 너나위님 따라서 울기도하고 웃기도 하고 항상 좋은 영상 좋은 이야기 올려주셔서 감사합니다. 다음주도 기다려지네요!|송지효×손흥민|배경 커튼이 너무 80년대 극장같아요 ㅋㅋ|어떻게 이렇게 말을 잘 하시지??
다정하고 너무 이해도 잘 되고 증말 너무 좋아요
매일 기다려져요|너나위님 대출에대한 인식변화 정말정말 감사합니다. 이번 방송 안봤으면 제가 가지고 있는 잘못된 생각을 바로잡을수 없었을거라고 생각해요. 오늘도 정말감사합니다|좋아요×1000000...
두분의 명쾌하고도 진솔한 여러가지의
조언들이 많은도움이 됨은 물론
올해환갑이된 엄마로서 찐한 감동마저
느꼈어요~~유투브를통해 뒤늦게 많은 공부를 합니다  멋진두분  감사합니다! 화이팅~~~♡♡|정부가 조지면서 ㅋㅋㅋㅋㅋㅋㅋㅋㅋㅋ 빵터졌어요|인플레와 디플레의 파동은
우상향 주식의 흐름과 같은거군요|너나위 넘 좋음!|와~ 이런 방송 또 없슴니다 😭
감동으 도가니~~~
21c 현대판 신사임당님은 남자로 태어나심 ㅋㅋ
너와 나를 위해 열일 하시는 너나위님 
두분 앞날이 대길하길 기도합니다. 🙏|정부가 조지는거 맞잖아요.ㅋㅋㅋㅋㅋㅋㅋ|언규행님 짱|사임당 평행이론ㅋㅋㅋㅋ|사임당님 부동산웹드라마 아이디어  👍 
절대 신박 완전 기대
빨리 만들어주세요~~~
플리즈~~~|저도 나이가 많습니다  
71살 됐는데 아들 둘이 라 이 채널을  아들들이 봤으면 해서 열심히 보고 있습니다
제가 아들들에거 해주고  싶은  말들을  신사임당  님께서 다--해 주셔서  영상 켑쳐 해서 가족방에 올리고 있습니다♡♡|아는선배니까 ㅋㅋ소오름ㅋㅋㅋ|이분들 말 듣고 젊었을때 빨리 깨닫고 실천하시는 분들이 생기길 바랍니다.|아는선배니까..☆ ㅋㅋㅋㅋㅋㅋㅋㅋ|광고 중독 ㅋㅋㅋ|그냥 꼭 보는 방송, 드라마보다 더 기다려지는 방송입니다|24:21 우체국에서 파는거 ㅋㅋ 저축성 암보험1:15:55 기대됩니다 ㅋㅋ|화면이 훤합니다~|이 방송 찐이다. 너무 좋은 방송.|은근 
목요일이 기다려져요|일주일을 기다리는 소중한 시간^^
두분 너무 좋습니다~~~
뭘 해도 열심히 하시는 두분.짱이네요!!|아는선배 짱입니다♥ 거인의 어깨에 올라타서 갈게요!|웹드라마 기대됩니다~~~ㅎㅎㅎㅎ|지금 두분의 말씀이 정말 이해가 잘 됩니다
그런데.. 내가 좀더 어려서 이런 이야기를 들었다면 흥미가 없었을 거라 확신이 듭니다
당장 하루앞을 더듬어가는 청춘들이 우선 깨달아야 하는 것인데..
학교에서 금융교육이 꼭 필요하다 봅니다
가난한 이에게 더 필요한 교육|너나위님은 공중파나와야됨! 완전 뜨실듯|두 분 정말 따뜻한 조언과 솔직한 의견 너무 좋습니당♡|진짜 멋진 두분 감사합니당 ~♡|진정어린 충고가 감동적입니다 
너나위님 신사임당님 두 분 모두  존경합니다♡♡|대출을 4~5년전에 해서 샀으면 다행일텐데 지금 과도하게 타물가와 괴리를 보이고 정부에서도 안정화시킬려는 주택을 무리한 대출을 끌어서 산다면 30년간 노예처럼 살아야 할지도....|어머니 사연 짠하고 가슴아프네요ㅜㅜ 아드님 꼭 잘 되셨으면...|두 분의 아는 선배, 정말 감사합니다!|조치가 겹치면서...ㅋㅋㅋㅋㅋ x 100|나도 이런 오빠 있었으면 좋겠다 ㅜㅜ
우리 오빠는 남동생 같은 오빠 ㅋ|감동·감사·고맙습니다~~~~~~~~~|ㅠㅠ 정말 책에서도 얻을수 없는 최고의 지식이예요. 진짜 감사합니다|너나위님 목소리도 차분하시고
좋은정보 귀에 쏙쏙 들어오네요
두분의 캐미가 찐입니다!!|정말 저는 요즘 이 분 때문에 이 방송을 찾아 봅니다|제 고향도 강릉인데 강릉 얘기 들으니 넘 반갑네요 :)|신사임당님 안경 맞추실...?0_0 ㅋㅋㅋㅋ|한사람 한사람 진심을 다해서 상담해주시는 모습 정말 아름답습니다~천사십니다♡
사연자분들 모두 정말 잘사셨음 좋겠어요~~~|마지막 조언.. 이야... 우와... 법륜스님인줄~|아 정말! 이 분들이 부동산 정책 담당하셔야 할듯! 진정한 민생을 위한 부동산 전문가|항상 좋은 말씀 너무 감사합니다 ~~♡♡♡
제발 사연좀 봐주세요ㅠㅠ|특별히 맨끝내용 굿~|너나위님 지방도 다뤄주셔서 넘 좋아요^^ 지방도 넘 올라 지금 여길 사는게맞나 고민도 컷는데 도움이 많이 됐습니다!|45:58 보금자리론은 나이제한이 없고, 디딤돌이 만30세 이상 가능한걸로 알고 있어요!|오늘 두분 대화가 너무 훌룽하네요  저  30대에 친구들과 끊임없이 고민했던 문제네요 두 분은 꼭 성공할거  같네요|너나위님 최소 김정호 환생|앞에 뉴스 읽어주는거 도움이 많이 되는거 같아요, 아직 부족한 지식으로 기사내용을 잘 이해 못할때 쉽게 설명해주시니 머리에 쏙쏙 들어옵니다 그리고 사연 마무리엔 항상 감동적인거 같아요!!!|잘 보고 갑니다|항상 너무 감사듸립니다 정말 최고에요!!!|너나위🖤|너나위님 니트 넘 잘어울려요~~|ㅋㅋㅋㅋㅋ 너나위님 따님 넘 귀엽네여 공주가 꿈인 공주님이군요 ㅋㅋㅋㅋ 너나위님+신사임당님 콜라보가 좋아서 긴데도 모든 영상 다 챙겨보고있어요! 매번 좋은영상 감사합니다~!|신사임당님 왤케 웃겨요 ㅋㅋㅋㅋ|두 분 선배님들 정말 멋진 분이세요. 같이 울고 웃으며 이런 채널 볼 수 있어 좋아요~~|화이팅~!|사랑하는  임당님과  너나위님♡♡♡|너무 잘보고 있습니다
두분케미 짱이예요😊|너나위님  너무 멋지시다!|부동산웹드라마 완전 기대되요!!|매번 두분의 따듯한 조언이 너무 감동이에요. 단지이름까지 찍어줄만큼 진심으로 걱정하고 조언 주고 싶어하시던데 그걸 또 이용하는 사람들이 많군요...|좀 많이 멋있는 아는 선배!!!!!!!|첫댓글인가요-!!!잘보고있어요|사연읽을때 비쥐엠 없애주시길 부탁드려요 ㅠㅠ 제발요 ㅠㅠ|보금자리론은 상한액 있습니다 3억원|지금집사면  패망🤩🤩🤩|많은 분들께 선한 영향력을 주시는 젊은 두분 감사하고 보기 좋으네요"
우리나라 경제 붕괴 온다(한상완 박사),우리나라 경제 붕괴 온다(한상완 박사),2021. 2. 26.,http://www.youtube.com/watch?v=55osn87i7TQ,"조회수 429,501회","좋아요 5,225개",싫어요 294개,"버블이 온다 하면 오지게 욕 먹고, 이후 버블이 안 오면 비아냥 당하고,,, 그런데 버블이 올 타이밍에 안 왔다면 이처럼 버블을 경고하고 경각심을 줬던 분들 때문이죠. 늘 욕 먹는 포지션이자만 이런 소릴 내는 게 감사할 따름|서로 다른 관점을 가진 분들 모시고 토론 진행하셔도 재밌을 것 같아요|이런 예상은 계속 되어야합니다. 
그래야 사람들이 긴장해서 붕괴되지 않아요.|터질게 있으면 터져야지 기회도 오는거지.|요즘같은시대 20년 후가 궁금하다 진짜  세대교체되면 저출산에 집만 오지게 많고 바이러스는 코로나로 안끝나고 다양한 바이러스는 생겨날거고, 다들 집밖도 못나가고 집안에서만 일하고 사람들은 똑똑해져서 힘든일 안할라하고 진짜 이런거보면  버블이고나블이고 궁금함 어케될지|금리 좀 올려서라도 집값 잡기를 바라네요. 집값은 청년들 미래를 결정하는건데 월급모아 집못산다면 문제가 많은거죠.|벌써 경제 붕괴 아닌가요. 은행에 가보면 대출 안되죠.외국계은행은 대출은 안된지 좀 됐죠.코로나 이전에 누린계 최고의 호사인것 같은데요.
정부에서 말하는 통계는 현실과 너무 갭이 크고 진실을 말하는 사람이 아무도 없죠.|무엇이든 판단은 본인이 하는겁니다. 이런 소리하지말자 어쩌자 할 시간에 본인의 견해와 다른 의견이라면 허용 하지 않으시면 됩니다. 혹은 타인의 의견을 듣고 이행하셨던 것에 대한 결과 또한 본인들 책임입니다. 어떤 목소리든  부정적이게 바라보지 마시고 알아서들 책임지면서 삽시다.|난 lmf때는 안정적직업이고 지방이라 위기 크게 못 느꼈지만 주변 장사하는 사람들 이나 도시친구들 엄청힘들었음
금융위기때는 인천서 크게 장사 하다 하나 무너지니 줄줄이 넘어갑디다 집부터 사업장까지 모두 경매넘어가고 집도 경매가 이하로 떨어집디다  경매가 너무 많이 나오니 굳이 비싸게 살필요 없죠 고급 빌라였는뎨 ᆢ 그때 후유증이 지금까지 이어오고 있습니다  함겪어보세요  못일어납니다 안죽고 견디어낸것만해도 내자신이 대견합니다 댓글들 쓰신분들 아직젊은 분들이죠?
미리미리 준비하세요 
눈에 보이지 않을뿐 이미 와 있을수도 있어요|지방 중소도시 갔다가 쇼크먹었다. 50미터 거리에 똥냄새 풀풀나는 논밭인데 신축이라고 6억하더라.
서울집값이 싸게 보이더라.|버블은 터지기 전까지는 아무도 모르죠ㅠㅠ
그게 내일일지 모래일지 아니면 벌써 와있는지|버블세븐 당시 1년
만에 더블, 그리고
거래 침체후 원위치하여 13년만에 거래 활성화됨.
손에 쥐어야 내것|금리인상 시작해도 초반에는 사람들이 모를거임. 그리고 오히려 금리 인상 초반에 버블이 더 낄수도 있고. 슬슬 오르다가 ""이자가 와 뭐지?"" 하면서 자기 호주머니 얇아지는걸 실제로 느끼는 순간. 거기가 꼭지임. 탐옥은 늘 대가를 필요로 했고 사람들은 교훈을 얻은 척 했지만 망각은 늘 빨랐음.|2021년1월부터 벌써  대출 확 줄였고요,~금리는  엄청 올렸습니다.|한상완 박사님 설명 정말 잘하시네요. 이해가 쏙쏙 됩니다. 감사합니다.  많이 나와주세요|위기는   항상 존재한다  
시기를 맞출수 없는것일뿐 

위기속에 늘 살고있다 몇백년 전부터|이건~목참지|다들 하시는 말씀이 달라서 그냥 판단은 스스로 잘 해야되는거같아요 ㅠㅠ|내 월급은 그대로인데.. 장바구니 물가만 해도 작년대비 10~20프로 수준을 넘어 100~200프로 수준까지 올라감... 어찌 될지 참..|★ 이 별을 본 사람은 머지않아 큰 부와 행운을 얻게 될것입니다.|월급은 그대로인데 대출 이자가 상승하면 큰일|23년?  난 지금 경제위기가 왔는데 어쩌지....|정말 좋은 영상감사합니다ㅡ|제목에도 거품이..|버블 빨리 와야 정신차리지. 서울집값이 말이 아니지;;;;;;;:::::::|그렇다고 버블 위에서 안 놀 수도 없는게 지금 행태같음..부동산도 주식도 
현금을 들고 있기가 너무 힘든 상황..|지금이 버블인지, 이게 터질지는 모르지만 분명한건 현재 자산시장에 공격적으로 베팅할 시점도 가격도 아니라는 점.|대출을 최대한 빨리 갚아야 겠네요|나라야 은지야 카드빚 쓰지마라|관점이 저랑 비슷하셔서 개인적으로는 동의 하는 의견입니다 다만  반대되는 의견 입장도 들어보고 싶네요|박사님 목소리 너무 좋으시네여~|오긴 오겠지만 언제올지는 아무도 모른다
근데 최근 봤던 전원주아줌마는 힐링여행자는 그런걱정 안 할 것 같다|버블도 자연현상이죠..
터지는 것도 자연현상|사과 비유.. 너무나 와 닿습니다!! ㅜㅜ|언젠가 지구도 멸망한다.|우리집은 왜안오른댜|23년도...좋은정보잘듣고갑니다!|한상완 소장님 방송은 항상 잘 보고 있습니다. 좋은 방송 감사합니다!|진짜 올듯...|시ㅡ원하게 들어와~~|정말...이놈의 집값.... 어떻게 해야될지를 모르겠어요...아휴.....
제발,제발...집값좀 어떻게...ㅜㅜ|우리나라는 60년동안 모든게 우상향했는데,  과연 언제꺾일까 예측해보는 관점도 괜찮을듯.|이미 지금도 트리플 버블이지만 터지는건 언제인지 모릅니다|서울 집 한채있고 빚없는 사람은 오르던 떨어지던 노상관일듯|버틸수있을만큼만 투자하자 영끌하지말고..|빚투 하지마세요들~ 다들 건강한 투자 합시다|버블이 빨리터지길 기도합니다.|슬슬 안전자산을 확보해야 하겠네요|관심있던 내용이었는데 너무 감사해요ㅎㅎ
담편도 빨리 나왔음 좋겠어요|미국등 금리인상기 시작되면 돈벌어서 이자비용 늘어가며 등골 휘게 될것이다|현재 주식 or 부동산 올인인 사람 따봉점|이런얘기가 많아야 안무너지더라구요.
이시국에 시장 좋다 얘기가 더 많으면 짐 싸야됨.|감사합니다|반대의 의견을 가지신 분의 의견도 듣고 싶습니다|서브프라임 전에 2,3년간 버블 후 서브프라임 사태가 터졌다고 앞으로|이런분들이 있어야  자만하지 않음.|하이퍼인플레 생각하시나본데 흠...|이해가 쏙쏙! 감사합니다|무조건 터집니다. 언젠가....물론 안터져도 책임은 못집니다.|감사합니다. ^^|경제 붕괴 언젠가는 오겠죠. 인디언 기우제처럼.. ㅋㅋ|이거왜 그냥 끊기나요 2부있나요?|그래 그래 그럴수 있겠다|어그로영상일줄알았는데 합리적인 이야기네요|버블이 낀건 너무 당연한 거고 언제 터질지 모른다고 집안사는 행위는 위험하다고 봅니다. 양쪽이야기 다 들어보고 결정은 본인이 알아서 각자
판단하는 거죠. 집 없는 사람들은 당연히 떨어지길 바랄거고 집있는 사람은 더 오르길 바라겠죠.
무리해서 집사지 말고 타이밍을 잡으시길|잘보고갑니다 좋은영상 감사합니다|경제붕괴 예전부터 왔는데 어쩌지?|도망챠~~~|이 말도 듣고 저 말도 듣고 판단은 결국 자신의 몫...|대통령 선거전 까지는   절대 안 올테지요.|부동산  투매 심리가  시작 되면  온다|버블 3가지
1. 수요견인버블
 ex)마스트대란
2. 비용인상물가 ex)원재료단가상승,공장화재,유가상승
3. 통화량|다양한 시각을 가진 분의 의견을 듣게 해주셔서 감사합니다. 신사임당님|한국 / 중국발 부동산 위기가 될것같네요
가계 부채 대부분이 부동산 대출이니

동남아시아 국가중에 버블이 먼저 터질 가능성도 높습니다|감사합니다 좋은 말씀|좋은정보 감사합니다|감사합니다!!|임당님^^맨투맨 뭐에요! 왜케 광나고 이뻐요~~~얼굴에서 광내려오ㅏ서 그런거에요?|아 이제는 심사임당님이 방송하는것좀 보고싶당|가계 중심 경제 위기는 처음 들어보네요... 또 이렇게 배워갑니다 감사합니다"
쿠팡 김범석과 로켓배송에 관한 의외의 사실과 썰(런던오빠 김희욱),쿠팡 김범석과 로켓배송에 관한 의외의 사실과 썰(런던오빠 김희욱),2021. 2. 25.,http://www.youtube.com/watch?v=55osn87i7TQ,"조회수 85,552회","좋아요 1,532개",싫어요 72개,"오늘도 치열한 하루를 보내고 계신 신사임당님과 구독자분들 모두 홧팅하십셔🍀|이 형만 보면 자꾸 쿠팡ㅡ그 만 생각남...

어떠카냐 진짜...|신사임당님은 런던오빠 만날 때 놀리기 가장 신나하는거 같음ㅋㅋㅋㅋ|아 둘이 케미 존나좋네 ㅋㅋㅋㅋ|아.. 중간에 뜬금없는 개그들 왜이렇게 웃기지 ㅋㅋㅋㅋ|배송빨라 소비자는 좋은데
직원관리는 왜 안되는건지
근무환경 장난아니라는 썰들은
왜자꾸 나오는걸까요|로켓와우는 특히 바쁘신 아기있는 분들은 만족도가 높더라구요~|킨제이를 카마수트라로 받으시네요 ㅋㅋㅋ 내용도 내용이지만 만담이 꿀잼이예요 ㅋㅋㅋㅋ|나는 사람 죽이기 싫어서 쿠팡 끊음   나의 주문이 살인 되는 나라 대한민구|런던성님은 항상 재미있습니다|뉴스보다 쿠팡얘기만 나오면 쿠팡그 가 떠오르네요 ㅎㅎㅎ 강력했...|킨제이와 카마수트라 ㅋㅋㅋㅋ|앗 최애 만담듀오 페어링이예요ㅋㅋㅋㄱ|로켓배송은 지역제한있어요 ㅋㅋㅋ케|토마호크 치즈피잨ㅋㅋㅋㅋㅋㅋ|설렌다,,,, 쿠팡그 존버 성공,,, ㅜㅜ 
쿠파안~그~|넘나 뜬금없지만 린다김 소환할때마다 넘나 웃긴것~ㅋㅋ|옆동료에게 쿠팡그에서 ㅇㅇ 할인해~
했다가 화들짝 놀람 ㅋ ㅋ|톸ㅋㅋㅋㅋ마호킄ㅋㅋㅋㅋ치즈피잨ㅋㅋㅋㅋㅋ|제목안보고 느낌만보면 진종오 선수뺨치는 엄청난 사격실력가진 명사수같음 ㅇㅈ?|신주쿠오빠는 못참지|로켓직구 로켓와우회원이면 배송비 무료입니다!|두분 뭐예요 ㅋㅋㅋㅋㅋ
런던성님 사임당님 아쥬 ㅋㅋ|런던오빠 진짜 재미있게 경제방송 하셔서 볼만하네요 둘이 케미도 있고요 ㅎ|이 케미 기다렸습니다ㅋㅋㅋ|두분 조합 너무 좋아요 🙊 기회가 된다면 언젠가 우아한 형제들 이야기도 기대하고 있겠습니다 ㅎㅎ!|내가 자식이야 ㅋㅋㅋㅋㅋㅋㅋ|서울오빠 신사임당...ㅋㅋㅋ|아 둘이 조합 미쳤습니다 오늘도 재밌게 보고갑니다|쿠팡그만떠올라요..아놔ㅋㅋㅋㅋㅋㅋㅋㅋㅋㅋㅋㅋ|동네에서 쿠팡차보면 피식~ 웃음이
여운이 깁니다  크팡...그 😁😁😁|런던오빠 화이팅..넘 잼나요.ㅋㅋㅋ자주 나오세염ㅋ|두분케미 ㅋㅋㅋㅋㅋ|고정운 ㅋㅋㅋㅋ 적토마에서 빵터짐 ㅋㅋㅋㅋ연식 나오시네요|🔊 ㅋㅋㅋㅋ 너무 케미돋는 티키타카 🤣🤣|ㅋㅋㅋㅋㅋㅋㅋㅋ 런던오빠 신사임당 케미 쥑입니다|고정운 ㅋㅋㅋ|2:31 ㅋㅋㅋㅋㅋㅋㅋㅋㅋㅋㅋㅋㅋㅋㅋㅋㅋㅋㅋ무슨촌이요?? ㅋㅋㅋㅋㅋㅋㅋㅋㅋㅋㅋㅋㅋ|쿠판그 이후 런던오빠 팬됨|린다김을 던지니까 서산 피자집으로 받으시네
ㅋㅋㅋㅋㅋㅋ임당님 쿠판그오빠만 만나시면 참 고등학교 동창이 옛날얘기하며 킬킬거리는 것 처럼 웃으셔 ㅎㅎ|쿠팡그~~|터진다~터져 ㅎㅎㅎ 카리스마 대신 카마수트라|영상보면서 계속 빵빵터지네요~
두 분은 정말 찐이십니다~^^|그래서 이마트 안가요|쿠팡그~|아마존을 그대로 따라 하려고 하지만 껍데기만 비슷할뿐.. 비슷해 보이지만 제대로 알고 보면 전혀 다른 두 기업.|저도 쿠팡그가 잘 됐으면 좋겠어요 ^-^
두 분 조합은 클립보다 라이브방송 느낌 들어요! ㅎㅎ|런던고라니오빠~~~ 
두 분케미 너무재미나요^^
반갑습니다!!|신속한 의사결정~~ 쿠팡 대박!! 런옵임당 감사합니다 ^^|크팡그 샌새|런던오빠 땡큐~~♡|와우 오랜만에 두분이!!! 🤣🤣🤣|오호~ 뭔가 설레는 기분이예요~!!  보는내내 흥미롭습니다!!|두분케미 좋아 보여요 ^^|소비자와 일하시는분 모두 행복했으면 좋겠네요.|26:30 쿠팡은 고정운이다 (?!) ㅋㅋㅋㅋ|이마트! 파이팅!|대략 좋은 얘기만 하시네요......|런던오빠 오셨네요! 😝|쿠팡좋아요ᆢ
아직까진
실망시키지않네요👍|큰일났네...쿠판-그 생각나요 😂😂|쿠팡그~|큐판-그 !|목동 키즈 아웃풋 (버블 7)
하버드 정치학과, 경영대학교 
될성부른 나무 ~ ㅎ|옛날에 시애틀 쿠팡에서 일했을때 본거랑 다르네요 ㅋㅋ|런던오빠다!!!|런던오빠~~ 런던고라니~~
런던쿠판그~~|런던오빠 얼굴이 엄청 좋아지셨네요~
뽀샤시~|이 텐숀 넘흐조아|쿠팡은 감사한 기업이죠.빠르니까 최고|두분 재미있게 방송하시네요 ^^|쿠팡그|킨제이~~ㅋㅋㅋㅋ쿠 판그~ 이후 ~~|오빠!!!!😻|감사합니다^^|찾아보고 싶은데 CJ가 어떤걸 말하는 건가요??|미국인 김범석|제 지인은 미용실가서 사타구니(구레나룻) 남기고 잘라주세요|넘웃겨 이거
엔돌핀 팍팍|나..내가 자식이야 ㅋㅋㅋ"
너무 비싼 아파트 ... 계속 오를까요? (아는선배),너무 비싼 아파트 ... 계속 오를까요? (아는선배),실시간 스트리밍 시작일: 2021. 2. 25.,http://www.youtube.com/watch?v=55osn87i7TQ,"조회수 245,010회","좋아요 4,524개",싫어요 155개,"이 코너는 제목을 ""재테크 좀 아는 선배""가 아니라 ""인생 좀 아는 선배""로 바꿔야되겠어요. 부동산 배우고 싶어서 듣게 된 채널인데 보다보니 어느덧 인생에 대해 배우고 있습니다.|볼때마다 느끼지만
유튜브에 시상식 이 있다면
단연 공로상  드려야 된다|너나위님 신사임당님  약간 그  고등학교때 공부 잘하면서 아낌없이 친구들 가르쳐 주는 애들 같아요~ 자기가 공부한거  복습하는 느낌으로 친구들 한테 배푸는 ㅋㅋ  그러면서 자기가 공부한거 더욱 심층 분석해서 서로 윈윈!|50대의 내가 봤을때 30대는 이제 시작입니다 너무 젊습니다|여기는 부동산 상담뿐만 아니라 인생 상담을 해주는 곳이군요.
너나위님의 훌륭한 인격이 느껴집니다~|아는 선배 겁나 좋음|오늘의 어록
1. 시간당 단가를 올려라~ 
2. 남이 아닌 어제의 나와 비교하라~ 
베스트 댓글
1. 너나위님 울지마. .|너나위님 참 마음이 따뜻하십니다|울먹이는 사연자들 사연을 수백개씩 읽는 너나위님 마음이 많이 힘들거 같다는 생각을 해봤습니다. 너나위님 본인 마음도 잘 챙기시며 생활하셨어면 좋겠네요. 힘내세요.|손흥민님이 임장을 많이 가서 체력이 좋은거구나.... 멋있어요!!|너나위님 진짜 잘~~~컷다 ㅋ
부모님께 감사|너나위님 마음이 너무 따뜻한거 같습니다|목요일이 이렇게 기다려지긴 인생 처음이예요 목요일은 이도저도 아닌날 젤 재미없는요일이었는데 이제 목욕일 중심으로 돌아가요 일주일이|13년차 연애 35살 부부 힘내세요 
본인이 가지고계신거ㅡ사랑하는 남편과 살아계신 부모님 ㅡ에  자족하는 마음 잃지 마셨으면 좋겠습니다|""지도 보시죠"" 하실때마다 설레입니다|오늘도 사연에 공감해주시고 여러방면으로 시야를 넓힐수있었어요. 감사합니다. 두분 정말 인생 선생님들이세요.|다정하고 진지하게 상담해 주다가 둘이 웃을 땐 영락없는 개구쟁이 동생들 같아요!! 영원히 흥해라!! 다른이들에게 행복을 주시니 복받으실거에요!!|부동산 강의가 아닌 인생강의~너무 감사합니다~|마지막 전화 상담내용 들으면서 많은 깨닳음을 얻었네요.. 힘든 상황 속에서도 아이가 건강하고 일 할수 있어 감사하다는 말씀이 가슴을 울렸습니다... 저도 그렇게 감사하면서 살아야겠다는 생각이 드네요^^ 그간 제 삶의 태도에 대해 반성도 되구요~ㅜㅜ 잘 되실거에요~ 축복합니다! 그리고 좋은 방송 진행해주시는 두분께도 감사합니다 잘 보고 있어요!|나는요~ 
내가 이 방송을 왜 듣고 있는 지 모르겠어요
ㅋㅋㅋ
저는 부동산문제에 큰 관심은 없었거든요
긍데....언젠가부터 이방송을 듣고 있더라는~
옛날 라디오를 듣던 때로 돌아간듯~
듣고 있습니다~ ㅎㅎㅎ
두분 방송~ 응원합니다|두 울보 아는 선배, 
희망을 주는 선배.
오늘도 감사합니다.|좋은 방송 해주셔서 진심으로 감사합니다. 사연자분들도 힘내시고 다들 잘되시길 바랍니다!!|35살 동갑내기 부부 사연에서 말해주신 조언 내용들 계속 곱씹어봅니다. 현타가 강하게 왔습니다. 내 단가를 높이란 이야기. 왜 전 남의 사업만 크게하는 일만 했을까,.. 왜 내가 요즘 방황하고 있을까... 너나위님이 바로 앞에서 친오빠같이 조언해주는 말 같아서 울컥했습니다. 생각해보니 저도 감사할게 많은데 혼자 속으로 불쌍하다고 생각했거든요. 마지막 너나위님  말대로 감사한 것 하나하나 생각해보며 제 인생에 대해 다시 생각하겠습니다. 두분께 항상 감사해요. 방송보며 인생살이를 배웁니다.ㅜ|전 53세지만  두분께  인생을  배우고 갑니다  너무  팬입니다  많 은  유투브를  보고 있지만  진심이  보이는  두분이  정말  감사합니다   앞으로 두분  돈  더 많이  벌어도  지금 마음  버리지  말아주세요  진심으로 감사합니다|느그서장 남천동 ㅋㅋㅋㅋㅋㅋㅋㅋㅋ|아 방심하다가 남천동에서 빵터졋어요ㅋㅋㅋㅋㅋㅋㅋ아는 선배 감동과 재미👍🏼👍🏼👍🏼|마지막 전화통화 하시는분 목소리에서 삶의 힘듦과 의지와 용기가 느껴져서 울컥하면서도 삶의지혜에 배우게 되네요.. 혼자 일하며 육아도 힘들텐데 더좋은 환경을 놓치지 않으려고 열심히 사는모습 응원합니다!! 신세한탄만 하며 허송세월 보내는 분들도 얼마나 많은데요.. 당신은 정말 멋진엄마세요~ 꼭 서울에 오셔서 아이들도 잘키우고 일자리도 잘구해서 더나은 삶을 살기를 응원하겠습니다!! :)|헐~ 영상 시간 보고 길다고 놀라고 !!!!!
다듣고 짧다고 생각이 들어 놀라고!!!!!
ㅋㅋ찔금찔금~케미 짱이요~~ㅋㅋㅋㅋ|15:28 매물과 거래량|너나위님 정말 현명하신 조언이십니다|이것은 힐링채널인가?? 두분 너무 따뜻해요ㅠㅠ|부동산유투브들 보다보면 집한채없이 세입자로 돌고있는 사람들을  한심하게 보는 분들이 계세요. 근데 이채널은 우리에게 현실적인 조언과 위로와 희망을 주셔서 살아갈 힘이됩니다. 부동산 상담채널이 아니라 인생상담이에요~오래오래 해주세요🙏🙏|아 정말 좋은 프로그램이다.... 너나위님과 신사임당님이 계속 이 프로그램을 지속해주셨으면 좋겠다...|제가 두 분을 많이 존경합니다.나이도 어리신 분들인데 자꾸 존경심이 생겨요..^^|오늘도 넘 감사하네요. 맘이 급해져서 당장 내집마련이 필요가 없는 데도 달려드는 게 위험하다는 말씀을 다시 새기고 공부에 매진!|아 ㅠㅠ 부동산 공부하려고 챙겨보는데 오늘꺼는  너무 슬퍼서 몇번 울었어요 ㅠㅠ 힘내세요!!!!!!!|신사임당님, 건강 관리 시작하셨다니 기쁩니다^^
살 빠져서 걱정했었어요. 푹 자고, 잘 먹고, 나쁜 것들 안하고 계시다니 좋네요~~!!

예고편도 너무 재밌어요^^|34:38 ㅋㅋ 감사합니다|두분 너무 멋지세요 제일 좋아하는 부동산 프로입니다. 항상 건강하고 행복하세요~~|눈물나네 진짜. 
이건 힐링방송입니다. 진짜.|너나위님 동굴 목소리 너무너무 좋아요~~❤❤❤😍|남천동 나와서 깜놀~~^^ 지금 남천동에서 정말 잘 듣고 있습니다^^ 항상 좋은 말씀 감사합니다. 건강조심하세요^^|ㅠㅠ 너나위님 말씀하시는데
주룩주룩~~  부동산 상담, 건강한 멘탈, 마음치유
감동하고 감사합니다|찔끔 찔끔 ㅋㅋㅋㅋㅋㅋㅋ 임당, 선배 ❤️|ㅋㅋㅋㅋㅋㅋㅋㅋ예고 개존잼ㅋㅋ|건강해 보이셔서 너무 기쁘네요 !!!|오늘도인생상담....끝까지꼭들어보세요댓글첨남겨요|냉철한 전문지식과 따뜻한 인성, 풍부한 감성이 합쳐져 엄청난 시너지를 내는 두분 너무 감사드립니다. 항상 건강하세요!|두분께  항상감사드려요
웬만한 드라마보다 낫네요
오늘도  감동받았고   내가 가진것에 감사하기로 결정했습니다|아는 선배는 감동입니다💜 이런 따뜻한 방송 볼 수 있게 해주셔서 두 분께 감사드려요|이번에도 최고최고입니다
진심인게 너무느껴져서...울고또울었네요~
부동산방송인데..왜 눈물나죠~ㅜㅜ
30대분들..우리시간을 올립시다!
킵고잉킵고잉♥|저는 평범한 직장 다니고 있는 외국인입니다. 생활하랴, 고향에 돈 보내랴 투자할 돈은 없습니다. 여러가지 주제를 다루는 신사임당 채널을 즐겨보고 있습니다. 부동상 관련 영상을 왜 보고 있냐구요, 한국 부동한 시장이 어떻게 돌아가고 있고 국민들이 왜 하소연하고 있는지가 궁금합니다. 근데요 나나위님 너무 wise하십니다. 어쩜 이렇게 인생 상담까지, 감탄하고 갑니다. 주변 사람들이 주식이니, 부동산이니 난리가 나면 급하지 않는 제 성격도 어느새부터 급해졌습니다, 나만 빼고 다 부자되는줄 알고😆. 받고 있는 월급에 감사하면서 살고 그래도 주식 공부를 해야겠다😄|너나위님 진심어린 말씀 많은 도움이 되었습니다 귀한 말씀 감사합니다 ~|항상 좋은 영상 감사합니다.
오늘도 많이 배우고 가네요ㅎㅎㅎ|실거래가보다 매물가격이 높게잡혀서 매도안되는것도 ᆢ|1:23:33
남과 비교하면 비참해진다
어제의 나와 비교하며 성장하기
내가 가지고있는 것에 감사하기|최고~~|광고가 너무 유쾌한거아닙니까!!! 정말이지 두분도 애정하고 피디님도 감사합니당!!:)|예고를 보는데 좋아요를 안 누를수가 없네요 ㅋㅋㅋㅋㅋㅋㅋ|짱짱!|ㅋㅋㅋㅋ광고 최고인듯 ㅋㅋㅋㅋ|광고 기깔나네요 ㅋㅋㅋ 아 느그 삼촌 남천동 사시노?ㅋㅋㅋㅋㅋㅋ 너나위님 넘 웃겨요 ㅋㅋ잠시 저희 현실을 잊을 수 있게 해 주셨습니다.힝|아 너무 마음이 따뜻하네요 ^^ 경찰남님 꼭 행복하셨으면 좋겠어요~
너나위님 신사임당님 따뜻한 방속 너무 감사합니다 ㅠㅠ|두분 너무 감동입니다 ㅠㅠ 정말 배울점이 많은 방송이에요^^ 좋은 방송 감사합니다❤️|부동산이 아니라 인생을 배우고 갑니다ㅠㅠ|부동산 공부를 배우러 왔는데 인생상담받고 가는 기분이네요:) 항상 감사합니다♡♡♡|오늘 내가 인생을 배웁니다.. 저는 지금 이시간부터 행복해지기로 했습니다 고맙습니다|항상 잘 듣고 있습니다^^|또 만나요👍🏻
저희와 비슷한 사연을 통해 배워갑니다. 감사해요.|우는선배 ㅠ 따뜻한 마음이 빛나는 너나위님 오늘도 감사합니다!|복습하러왔습니다~~~^^ 두분 늘 건강하세요~~ 공부도하고 위로도받고 항상 감사드립니다~|아진짜 멋있어요!!
진심어린충고..마음이 느껴져서 울컥해요|진짜 방송 최고중의 최고입니다.
이렇게.. 참으로 따뜻하고 진심어린 방송을 들을수 있다는거에 감사하고 감동받아서 중간중간 울컥했어요
감사합니다 신사임당님, 너나위님♡|너나위님ㅁ 오늘 왜케 잘생기셨어요 ㅜㅜ~ 역시 블랙 착장 찰떡이야 넘 잘생겼어요~!!!|각 연령별 적확한 솔루션 마련해 주셔서 감사합니다 ~~예고편은 계속 계속 보고싶어지네요 ㅎ다음 주도 기대할게요^^|아는 선배 진지하게 고민 들어줘서 좋은거 같아요 ㅎㅎ|마인드가 너무 멋지시고 말씀듣고 제 스스로를 다 잡을 수 있었습니다 정말 감사합니다.|중간 광고... 귀엽~~ㅋㅋㅋ|앗!!! 오늘이 목요일이었네요! 라이브 놓쳐서 아쉽지만 바로 영상 올려주셔서 감사합니다~|너무 좋은 말씀과 좋은 일들 해주셔서 감사합니다♡♡♡"
주식실패하는 사람 공통점 5가지 (박곰희),주식실패하는 사람 공통점 5가지 (박곰희),2021. 2. 24.,http://www.youtube.com/watch?v=55osn87i7TQ,"조회수 487,892회","좋아요 8,113개",싫어요 199개,"안녕하세요 박곰희입니다^^ 이렇게 큰 채널에 나와서 작은 목소리라도 전달을 드릴 수 있어서 정말 영광입니다^^ 더 많은 분들이 '스스로 하는 투자'로 각자의 목표와 꿈을 이루셨으면 좋겠습니다! 성투를 기원합니다~ 감사합니다^^|박곰희님 축하드려요~!
모두가 성공투자하길 바래봅니다😄|주식실패 공통점 5가지
1. 내가 모르는 것을 대박이라고 생각한다
2. 3개월의 기간을 장기로 생각한다
3. 스마트폰을 놓지 못한다
4. 수익률과 연관없는 노력을 한다
5. 시장이 벌어준것을 내 실력으로 믿는다|두분이 같은미용실 이용하시나요? ㅎㅎ|30대 중반 남자입니다 최근 주식을 시작했는데 단타 절대없이 은퇴 노후자금이라고 생각하고  대기업 안전빵만 몇군데 나눠서 일정한금액 꾸준히 넣습니다 물론 이돈이 없어도 상관없는 돈이라고 생각하는돈이고 달평균 50만원 확인은 투자할때만 봅니다|박곰희님  유튜브 통해 처음 주식 계좌 만든 주린이입니다. 요즘 여러 채널에서 뵐 수 있어서 더욱 반갑습니다~^^|목소리 ...대애박ㅋㅋㄱㅋ|정답은 없어도 오답은 있다.
오답만 피해도, 정답에 가까워질 수 있다.|3개월에 30프로 ㅎㅎㅎㅎㅎ 
진짜 예금은 5프로도 감사하게 여기는데 주식은 너무 쉽게 생각하는 초보들이 많은 것 같아요 주식도 1년에 30프로 벌면 엄청 난건데 요즘 상승장에 들어와서 쉽게 버는걸 번게 오히려 독이 된 것 같아요|막례님이신가??!!
비밀번호잊어먹기투자
있던데|와 2억투자 1억...대단..뺄때 과감히 빼야했는데 ㅠ 돈이 따라붙는 임당님 ~~곰희님 진심 놀라셨어 ㅋㅋ|곰희님이 친절히 분석해주신 ETF 관련 영상으로 공부해서 개인연금저축,  IRP에 ETF를 담아 절세도 하고 수익도 오르고 있어요.  사임당님 채널에서 감사드리게 되네요 ^^|제목보고 내 얘긴 줄 알고 헐레벌떡 들어왔어요
근데 영상 보고나니 진짜 제 얘기네요 헤헿|곰휘님 유투브 보면서 계좌개설했었는데 여기서 보니 넘 반갑네요^^|오 두 분의  콜라보를 보게 되다니 좋네요~|박곰희 님.... 처음 뵙는데
되게 순하고 귀여우시네요~ ㅎㅎㅎ|곰희님이 다른분같아요
목소리는 맞는데..왜 이렇게 얼굴이 달라보일까요..?|오늘 대박은 두분 비주얼! 마음에 새겨야할 좋은 말씀 감사합니다~|돈에 눈이 있다는게. . . 바로 느껴지는 영상.
되는놈은 된다.|존박닮으셨네|잔잔한 스타일의 말, 귀에 쏙쏙들어오네요 ㅋ|이번에는 장이 너무 좋아서 우량주만 들고있어도 30%는 먹었음 ㄷㄷ 근데 같은 수익률 50%인데 금액이 다르네 ㅋㅋ 난 500만원 먹었느데 ㅠㅠ|잘생긴 경제전문 유튜버 두분이 방송하니 방송이 더 고급스럽습니다|3개월에 30%?? 천재신가?? 도라이네.. ㅡㅡ; 왠만한 주식 초 고수도 3개월 30%는 힘들다.. ㅡㅡ;|반갑군요  작년에 곰희님 채널보고 계좌개설했었는데 시간이 참 빠릅니다|아니 근데 피부가 넘 좋으신데요?|좋은  영상 감사합니다|공통점: 머리스타일  ^^♡♡|어차피 이렇게 말 해줘도 망함 ㅋㅋㅋ|오늘 게스트가 누구여 ㅋ|박곰희TV로 주식 계좌트고 책도 읽었는데 신사임당님 채널에서도 뵈니 넘 좋네요 ^^|두분다 반갑네요. 잘 보고 갑니다|저도 그런생각했었어요 집 값  오른 친구 보면서ㅡㅜ|앗 박곰희님이시네용ㅋ 주식에 관심은 있었으나 어렵게 느꼈는데요 박곰희님 유튜브보고 영상보고 시작해서 조금씩 성장중입니당ㅋ 여기서 뵈니 반갑네용^^|박곰희님 넘 저아요~신사임당 채널에서 뵙다니!!'|그럼 연신내는 언제 비싸지나요~?|영상 잘 봤습니다~  신사임당님 혹시 마이더스의 손?^^ㅎㅎㅎ|박곰희 님이다♡|진행 잘하시구요  똑바로 잘하시네요 ㅎㅎ 😂|이런 영상을 공짜로 볼 수 있는다는게 진짜.... 값진 영상이네요...|2대8  가르마 쌍으로 데깔고마니^^
어떤 스~따일이든 검정티로 일관하든 사임당 신씨를 응원합니다^^|일년전 곰희님 덕에 저도 주식시작했었는데, 여기서 뵈니 넘 반갑고 좋네요^^
정말 겸손한 맘으로 주식에 임하게 됩니다.
감사합니다^^|두분 미남이시네요|박곰희가 나와서 봤다.|박곰희님  반가워요^^~|내가 좋아하는 두분이 같이 하시넹 ~~ ^^ 
감사합니다 좋은 정보 감사합니다|전 오늘도 천만원수익~ 잘보고갑니다|곰희님 웰케 뽀샤시해 보이지?
뒷배경이 핑크핑크해서 그런가🤣|오답을 피하니 정답이 가까워 진다라는 게 너무 좋은 말인듯|그냥 줄때 먹고 다른주식 찾는게 답인거 같아요|머선일이고 ~~ 박곰희님 언젠간 여기 나오실 줄 알았어요
신서임당 구독자 이면서 박곰희 구독자로써
기분좋은 출연 이네요~|와 둘이 만나길 엄청 기다렸습니다!!!|와우 곰희님 알람설정 1번타자님 나오셨네요.
응원합니다 두 분~☆|우와 곰희님이다❤️❤️|주식투자는 최소 3년 이상은 봐야지요!|영상 감사드립니다|이런 존잘러들....|30:08 이게 맞는말씀인것 같아요 운으로 결정되는걸 내 욕심이 개입되는 순간, 매수매도 시점을 내가 잡으려는 순간 손해를 보게 되는것 같음|박곰희tv 좋아요|곰희님 유툽 영상덕에 투자관련 기초를 잘 다질 수 있었는데 오늘도 역시 투자마인드 배워갑니다... 두분 이야기하는거 은근 재밌어요 ㅋㅋㅋㅋ 심사임당님 이야기하는데 곰희님 놀라는 표정 ㅋㅋㅋㅋ|잘배우고갑니다~|좋은 내용이네요~~^^ 모두가 좋은 기운 받고 고점에서 빠집시다 박스피 2,800~3,600 예상합니다|감사합니다|박곰희님~~~넘 반갑습니다~~~|투자는 운칠기삼, 정답인듯. 이렇게 받아들이니  마음이 편하네요.|뭐 맨날 우량주 장기투자냐 ㅋㅋ10년전 시총 상위권들 살아남은 우량주 봐봐 작년 증시 박스권 탈출하면서 신고가 가니 우량주가 답인것처럼 ㅋ주식은 그냥 단타든 장투든 수익이 진리임|신사임당님  대단하세요.
투자도 잘 하시고
마음도 반듯하세요.|박곰희님  덕분에 
계좌를 열었어요
덕분에  수익내고 있어요 감사해요
ㅣ|곰희님 덕분에 입문한 주린이 입니다
시간이 아쉽네요 앞으로 좋은 영상 기대할께요~~~~~|목소리가 너무 좋으셔서 신뢰가 많이 가네요😄|두 분이 잘 어울리셔서 ㅎㅎ 편안하게 봤습니다~~~^^*|우아 목소리  대박이당♡♡♡|아닙니다 ㅎㅎ wiscom hrs 제가 최근에 큰 수익내고 매도한 종목 입니다 ㅎㅎ 가치주에 투자해야 하는 이유입니다ㅎㅎ 뉴스보고 매매하면 백전98패 합니다ㅎㅎ|신사임당님!!멘탈이 대단하십니다.|굿|곰희샘 오늘  미모 무슨일이죠!!!!!! 좋은 말씀 항상 잘듣고있습니다 곰샘채널과는 또다른 느낌의 영상이네요~~|잘 듣고갑니다|곰희님 반가워요 화이팅~~|박곰희님 여기서 보니 더 반갑네요ㅎㅎ
좋은 영상보고올게요! (선댓글 후감상ㅋ.ㅋ)|오늘같이 빠지는 날 더 사 모아야 하는게 맞는거겠죠~"
뉴스만 읽어도 돈버는 방법이 있다  (아는선배),뉴스만 읽어도 돈버는 방법이 있다  (아는선배),실시간 스트리밍 시작일: 2021. 2. 24.,http://www.youtube.com/watch?v=55osn87i7TQ,"조회수 107,633회","좋아요 2,011개",싫어요 30개,"신사임당님 드립이 점점 런던오빠님 닮아가시네요 ㅋㅋㅋㅋ시사예능방송 재밌습니다|ㅋㅋㅋㅋㅋㅋㅋㅋㅋ오늘 왜 이렇게 웃겨욭ㅌㅋㅋㅋㅋㅋㅋㅋㅋㅋㅋ|저분은 보기만 해도 웃음이 ㅋㅋㅋ전혀 대표님 같아보이지 않네요 ㅋㅋㅋ
떨어질때 고객이 전화오는게 ㅋㅋ|에스파파 생각한거 나뿐 아녔어ㅋㅋㅋㅋ|영화 그 이상의 감동 ㅋㅋㅋㅋㅋㅋㅋㅋ|와 진짜 CGV 팝콘통 ㅋㅋㅋㅋㅋㅋㅋ|뉴스를 보는 법이 이렇게 중요하구나 깨닫게 되었어요~진짜 공부 많이 해야겠어요^^|출산율 ㅋㅋㅋㅋㅋㅋㅋㅋ|ㅋㅋㅋㅋ 퍼스트 터치 ㅋㅋㅋㅋㅋㅋㅋㅋㅋㅋㅋ|퍼스트 터치 ㅋㅋㅋㅋㅋㅋㅋㅋ|신사임당님 채널과 팥빵으로도 너무 잘 보고,듣고 있습니다. 정말 감사해요|오랜만에 들어왔습니다 영상 진정성 높이평가 갑니당 ~~파이팅 🙌 💕 👍 🔥|임당형 오늘 드립이 거의 런던오빠느낌 ㅋㅋㅋㅋㅋㅋㅋ|진짜 좋은 공부되네요 ~~~|김현준 대표님도 에스파 팬이었군요! ㅎㅎ 저도 팬입니다 ㅋㅋㅋ|뉴스 읽는 방법! 어디에서도 배울수 없는 최고의 시간이네요^^  감사합니다!|ㅎㅎ 또 나오셨내요 ~ 접근이 색다르고 실질적이네여 ~ 대박날 것 같습니다 ~~|ㅋ.ㅋ 오덕.잡덕. 투터치. . 복습~|에스파를 알다니 대박|반갑습니다~ 친해지고싶은 선배네요~|좋은정보 감사합니다|부제: 신사임당 구독만 눌러도 돈버는 법이 있다|이분 말씀하시는거 정말 재미있어요..움츠렸던 기운에 활력을 주시네요|신사임당님~별은 내가슴에 sbs아니구 mbc에요~ㅋㅋ김현준 대표님 유쾌하면서도 유익한 영상 감사합니다~!책 구입할께용♡|정산회담에도 슈카랑 같이 나오신 터미네이터 김대표님~~ㅋㅋㅋ 마지막에 두 아재들 너무 응큼하신 거 아니에요ㅎㅎㅎ|놀랬잖아요~~너나위님 대신 나오신 줄^^|항상 괜찮다니 부럽네요~|좋은 아이디어 감사합니다. ^^|오..동공이 커지는 라이브|너무 재밌게 봤네요~! 빨리 담주가 오길...ㅎ|감사합니다|오늘 주식장은 안좋은데 ㅠㅠ 그래도 웃다가 힘을 얻고갑니다  두분 감사해요~~^^|감사합니다~^^|오 뉴스 파도타기 + 뉴스 댓글로 꿀종목 찾기가 되겠어요! 
+ 주식과 사랑에 빠지면 안 된다. ㅋㅋㅋㅋ 
오늘은 에스파파, 퍼스트터치 ㅋㅋㅋㅋㅋㅋ 🤣 역시 꿀잼! 👍|드립 진짜 짱웃기네ㅋㅋㅋㅋ|Tv에서 봤어요|사임당님 선한 영향력 감사합니다! 파이팅!!|퍼스트터치ㅋㅋㅋㅋㅋ
임당이형님 너무 좋아...|어 이분 유퀴즈에 나오신분 아니신가요?ㅎㅎ|반갑습니다.|운동할때 신사임당님 컨텐츠 들으면서 걷는데 아놔 진짜 퍼스트터치때문에 혼자 길에서 미친사람처럼 웃고 있네욬ㅋㅋㅋㅋㅋㅋㅋㅋㅋㅋㅋ항상 좋은 컨텐츠감사해요 진짜 두분 케미 너무 좋아요|식이선배 오셨네요~ 주식이오빠|저는왜 라이브 채팅창이 안뜨죠?ㅠ
새벽에 라이브하신건가요?|저도아미여용♡^^♡|첫 방송때 부터 신사임당님과 케미가 좋으시더라고요^^ 성장주를 발견한 느낌! 기대가 되어요!|세상에 누가 나 사는거 기다리나...
사자마자 떨어지네|이 선배님은 유튜브 안하시나요?|오~ 유퀴즈 나오신 분 아니세요? ㅋ|코로나때문에 영화관 하시는분들 안타깝다고 생각 했었는데, 주식도 대폭락 했군요.. ㅜㅜ|선좋아요 누르고 시청중입니당-♡|잘듣고있어요 대표님 주식 투자에 도움이 되요|정말 즐겁고 유익합니다 이 방송 성공 기원합니다|라이브 봤는데 퍼스트 터치만 기억에 남았어요. 미쳐 ㅋㅋㅋㅋㅋ|에스파 팬클럽ㅎㅎㅎ대표님의 인간적인 면을 봤네요^^|수욜실시간 처음 보는데 유퀴즈나오셨던 분맏으시죵?|진짜 두분 모두 팬입니다 ㅠㅠ 내용도 너무 좋아요!|에스파파 ㅋㅋㅋㅋㅋ 신사임당님 저랑 통했네요 찌찌뽕!! ㅋㅋㅋ|엄청난 수수료 요구하던데  우리같은 초보는  엄두못내것던데~~
평생을주어진24시간을  열심이 활용했지만.   역시 부자는  운이따라야~~
앞으로   운을 저버리지안고  다받아보겠습니다|인간은 일희일비할 수 밖에 없다는 말이 인상적이네요 ㅋㅋ|아는 선배 미모 캐스팅인가여💛|어 이분 ~ 유퀴즈에서 굉징히 재밌으셨던  그분 ~~ 근데 여기서는 완전 전문가느낌 나네요~ 
와우~|감사합니다!|너무 재밌다 오랜만에 웃었음...감사^^|시야가 넓어지는 재미있고 유익한 방송이었습니다^^ 두분 넘 감사합니다.|✒뉴스를 읽는 방법

원칙 : 돈의 흐름 보기, 행간읽기

1. 기업에 관한 뉴스를 읽어라
-상장 소식
-기업

현대차 전기차 소식 🟢
현대차 도심항공 모빌리티🟢

2. 환율, 금리, 지수 등 거시 경제에 관한 경제 뉴스만 읽지 말고, 미시 경제 기사를 읽으며 투자 아이디어를 찾아보기

-돈이 어디에서 어디로 움직이는지 (기부 말고 매출로 이어지는 것. 

ex.어딘가에서 원재료를 받아 신제품 출시

ex2. 빚투 개미수 사상최대 -> 은행, 금융권 영업이익 사상 최대)

-어떤 제품이 화제에 올랐는지, 얼마나 많이 팔리는지 파악|배경 좀 밝게 가며 어떨까요?드라큘라 선지도 아니고 ~!|두분의 웃음이 신선합니다~^^
좋은 기운 얻어갑니다
감사합니다~♥♥♥|혹시 유퀴즈에 출연하셨던 분 맞나요?|요즘 네이버 기사 모든 댓글이 정치댓글이라 보면 한숨만나옴 ㅋㅋㅋㅋㅋㅋㅋ|선한영향력.. 혼기꽉찬 미혼인데 신사임당 채널 보는 사람들끼리 만남주선해주시면 안되나요 ㅋㅋㅋ 이상형이 신사임당 채널 보는 사람인데 잘 맞을거 같아여 ㅋㅋㅋ|우주에 기운이 한국 으로 쏠리면 얼마나 좋을까요 하지만요 거짖말로 포장한 문재인 때문에 나라가 망해가고 있어요 지금 국민들이 제발 깨어나야 합니다  한국이 세계 경제대국에서 곤두박질 내려 가고 있습니다."
미국채 금리 급등..이제 어떻게 되나요? (이재선 연구위원 하나금융투자) [주전자 21부. 주식 전문가에게 배워보자],미국채 금리 급등..이제 어떻게 되나요? (이재선 연구위원 하나금융투자) [주전자 21부. 주식 전문가에게 배워보자],2021. 2. 23.,http://www.youtube.com/watch?v=55osn87i7TQ,"조회수 169,695회","좋아요 2,211개",싫어요 61개,"신사임당 영상 공통점, 출연자 모두 머리결 겁나 좋아보임 
이정도면 섭외할 때 머리결 보는게 분명함|미장에 다져지고있습니다. 쓰앵님...ㅋㅋㅋㅋㅋㅋㅋㅋㅋㅋ|8:37 아..아작이요?ㅋㅋㅋㅋㅋㅋㅋ 5번돌려봤어요ㅋㅋㅋㅋ|두분 혹쉬...남매는 아니시져 ㅋ
많이 닮으셔서요.
기분 나쁘시다면 죄송합니다|항상 궁금할만한 이야기를 준비해주셔서 감사합니다!그리고 금연도 화이팅이에요🙂🙂🙂🙂!!|금리가 인상되면 증시가 문제가아니고 부동산이 문제다.|재선 연구원님💕목소리가 차분하시고 내용이 쏙쏙 귀에 들어오네용ㅎㅎ항상 응원합니다~!😆앞으로도 승승 장구하세용|장하다 내칭구!!!ㅋㅋㅋㅋㅋㅋ|IMF: 한국 가계부채 에 대해 주의 => 경보 로|분위기가 화기애애하니 좋습니다^^|주식 참 어렵죠~미리 방어 전략을 짜야할거 같고 큰금액을 먹는것보다 원금 손실을 줄이는게~|두분 인상이 되게 비슷하셔요😮|위기가 언제 나 위기 가니까 준비해?이러고왔나요 ㅎㅎ 자고있는데 뒤통수 때리면서 왔지 ㅎㅎ 투자는하되 폭락해도 대비할수있을만큼만 하고 경고음이울릴때 대비하는게 맞다고생각합니다.
좋은 영상 감사합니다|와 진짜 너무 이뻐요❤️ 이재선위원님 자료 잘 보고 있습니당!!^^|파월 형님!! 만세!!|금리인상이 지연대더라도 시장은 미리반응할것같음|미국장, 국내장이 서로 경쟁하듯이 밑으로 추락하네요...하...|사임당님~~미래수업 이제야봤어요 ㅋㅋㅋ
전직 PD님이라서 그런지 방송에도 잘 어울리세요~~ 티브에서 보니 너무 반가웠어요~|항상 감사합니다.|오늘 미국 증시 완전 하락 입니다.... 궁금했던 주제를 다뤄 주셔서 감사합니다|신사임당 점점 잘생겨지세요...|재선 연구원님❣ 전문적이고 차분한 설명에 많이 배우고 갑니다~ 신뢰가 가는 멋진 설명이네요👍🏻👍🏻|4:29 6:00 설명이 광고에 살짝 가리는데, 다음엔 조금 신경 써주셨으면 좋겠어용 ㅋㅋ|똑똑하시다...|예쁘시고 똑똑하시고 말도잘하시네요 ㅎㅎ|재밌게 잘 봤습니다~^^|두 분이 남매처럼 닮았네요~|감사합니다|감사합니다|아침마다 듣는 목소린데 어?제목이 이재선 연구원님? 하고 더 열심히 봤답니다^^
감사합니다~~|요즘 주식방송이 화려하게 꽃을 피우고 있죠..떨어질 시간이 다가오네요.|재선님! 하나금투 모닝브리핑에서 항상 잘 보고 있습니다! 굿굿굿!|미 증시 현재 프리마켓서는 완전 폭락이네요  어쩌나 내일 한국장도 또 폭락?|좋아해요|깔끔한 설명 감사합니다 신사임당님도 적절한 질문 좋네요 부디 경기가 점점 나아지길!|금리 민감|뜬금없이 어제 꿈에 신사임당님이 나와서 깜놀했어요ㅎㅎ 아직도 생생ㅎ 넘나 멋있어서 후광이ㄷㄷㄷ 인사 못했는데 다음 꿈에 나오시면 그땐 꼭 인사하려고요*^^*|닮았노|오늘 1562.....|달라사놓으면 되나요?|좋은 정보 감사합니다 알파시황으로 보는 보고서도 항상 잘보고 있습니다 감사합니다 이재선연구원님 :)|2월은 좀 암담하게 느껴졌는데 숨 고르기였다고 생각하고
3월엔 실적이 반영될 것을 예상하고서 준비해야겠어요.
말씀하신 4가지 섹터들 우선 계속 지켜봐야겠어요. 감사합니다!|잘들었습니당 위원님 완존 예쁘시네영!|모든 최선이 당신에게 오기를 바랍니다|내일 다 빼야겠다|다른나라 사라인가???|오늘도 영상 잘 보겠습니다~^^*|여기사람잇어요..살려주세요|와 이쁘다~|주식 빼까요???|아작이요...?ㅋㅋㅋ|요즘 주식시장이 너무 불안한 것 같아요
그래도 조정기간이라 생각하고
존버중입니다 ㅎㅎ
모두 수익 보시길 바래요!👍🏻|아주 예쁘셔요|좋은영상 감사합니다^^
코로나시대 코로나에대해 궁금증이있으신분들은
**코로나 미스터리**
책을 꼭 읽어보세요
궁금증이 싹다 사라집니다|제가 좋아하는 하나금투  이재선 연구원님  반갑네요~^^
하나tv에  나오시면  꼭 본답니다|미국 주식 죄다 파란불이에요 요즘.. 진짜.. 암담합니다|1. 2달 사이 미국채 금리 속도가 가파르다 (불안감)
2. 우리나라는 CDS는 월등히 낮은 편이고 시클리컬의 비중은 높다
3. 2월 들어서 개인 주식 수급이 살짝 주춤하고 있다
4. 3월부터 실적주, 가치주 주목하자 (화학 운송 반도체 자동차)

저 역시 요즘 주식 길게 넣은지 11개월이 넘었는데 슬슬 느낌이 심상치 않네요.
전망이나 요즘 섹터들이랑 추세를 알 수 있어서 좋은 시간이었습니다. 감사합니다!|남매?!|중국주식이라....|신사임당 사랑함당|중국이 올해 왜 회복 되는지? 작년도  괜찮았는데.  미중 무역 긴장지속 중에?  화학은 아니라고 봅니다.|다들 지금 우리가 얼마나 위험한 상황인지 실감 못함... 자 봅시다. 2004년 가계부채 300조원일때 금리 2프로, 6조원 올랐다고 코스피 15프로 폭락함.
지금 가계부채 얼마? 1700조....2프로면 매년 34조...... 감들 오시나요. 코스피 알아서들 탈피하세요. 공매도? 연준? 다 헛소리입니다..그냥 우린 가계 부채때문에 뒤집니다|미장 눈팅하다가 행복회로 돌려볼까하고 왔습니다..ㅠ|25:00|남매인즐 알았어요..|은행아 불러난 자산가치 쭉쭉 빨아드려라 ~~~ 시원하게에 ~|이제~ 사실~ 한스무번은 들은듯|경기지표가 엄청 좋고 전망도 좋네요
실물경기 아작났다는 건 역시 냉정하게 판단해서 받아들여야 될 것 같네요
힘든 사람들은 크게 목소리 내야 하겠지만 잘되는 사람들은 늘 조용함|베트남 주식 사야됌|딱 궁금했는데 딱 준비해주시니 감사드립니다|전문용어 남발로 이해하기가 너무 어렵네요..ㅠ|1빠|주식 다 팔았어요  좀쉬다가  떡락하면 들어와야지|사실 그 이제 일단 뭐 그 네 이게 어 지금|ㅋㅋㅋ불안감 조성 ㅋㅋㅋ 올해 무조건 결국 4~5000 갑니다 쫄지 마세요 ㅋㅋ 국채 금리 여전히 엄청 낮은거에요 ㅋㅋ 개폭락 했었을뿐 ㅋㅋ|내가볼땐 추락 처럼 보이지만 추락이 아닐거임  경제가 회복될 가능성이 너무 높음.
지금 빼면 후회할 사람들이 너무 많음.
간단하게 숨고르기? 조정의 막? 이라고 가정한다면
잘준비한 기업은 다시 올라라고 
준비도못한 기업들은 못버티고 추락할거라고봄.
이젠 탄탄한 기업들만 남을것임.
못버티는 사람들과 공포를 조장하고잇는 뉴스들에 흔들리는 가지들 떨쳐내는거라 생각함.
어차피 놔두면 오릅니다.
뺄거면 추가매도 하세요 다빼면 손해에요|사견으로 저는 떡락하기를 바라는데 이상한거죠? 저 삼전 88층이고, 추매하려고 대기중인데 기업이 문제없고 많이 떨어지면 기회같아서요|1|무서워용|채권세력이 지네 들구있는 채권 똥값되니까 금리인상하라고 압박하는건데, 미국은 인플레로 갈꺼다 금리인상하면 오히려 다죽어"
부동산 하락을 기다리면 어떨까요? (아는선배 clip),부동산 하락을 기다리면 어떨까요? (아는선배 clip),2021. 2. 22.,http://www.youtube.com/watch?v=55osn87i7TQ,"조회수 125,770회","좋아요 1,657개",싫어요 62개,"요약 : 주식으로 돈벌 자신있으면 월세살면서 더 큰 시드를 가지고 주식으로 돈을 벌고 그러한 확신이 없다면 집 사서 버스타라.|현재 무주택자라면
살고 싶은 지역 몇곳을 지정한 뒤
최근에  급등안한 지역,
즉, 저평가 된곳을 찾으세요.
언제 올지는 모르지만,
올해 당장 올 수도 있고요.
또는, 안올수도 있지만,
하락장 올때
다른 아파트30프로
빠질때,
내아파트는 15프로
만 빠지는 그런 아파트를
찾으시면 됨.
예를 들자면.
리먼때  가장 적게 빠진곳
그런곳을 찾으면
하락기 올때
내집 팔고
더 많이 빠진곳
갈아타면 될듯.
물론
더 좋은 지역 이었기에
많이 올랐고,
또 많이 올랐기에
빠지는 골도 깊겠지요.
리먼 사태를 겪은
현직 공인중개사 로서
한마디 하자면.
 부동산의 신이라고 해도,
최저점에 사고,
최고점에 팔고.
이것은 거의 불가능 합니다.
그리고 
본인이
특별한운을 타고나,
저점에 매수해서
고점에 매도 했다 하더라도,
어차피 또 주택을 매수 해야 하는
상황이라면,
매수하고픈  아파트가
 내가 매도한 아파트보다 많이 올랐다면.
아무리 저점에 샀다라도
그 운빨은
한순간에 사라집니다.
그러므로,
제일 가고 싶은 아파트
즉 너무 매수 하고  싶은데,
최근 너무 올라서 못가는
아파트를 하나 고르시고.
최근에 많이 안오른
지역들 중  아빠트
1개를 골르시고.
2아파트 차액을
기록해 두세요.
저 평가된 아파트 매수하시고
3년 이상 실거주 하면서,
그 두아파트 시세차이
를  3년전과  계속 비교하면서
갈아타기 매수 타임을 잡으세요.
하락장이 만약 온다연
3년전 
금액차이 보다 현저히
좁혀져  있고,
그금액이  자기가 가진 여유돈
만큼으로 좁혀 질때.
님이 3년전
가고 싶었지만
금액때문에 못 갔던
그아파트를
매수 하면 됩니다.
집값이 계속 오를수는
없겠지요.
그러니
하락장을 이용하여
자기 재산을 늘리는
기회로 삼으심이|요약: 1주택은 노빠꾸 중립기어|노답 확실하네.... 
이럴거면 뭐하러 질문을 하는지....|ㄹㅇ 주식 초고수분들은 주식으로 벌고나서
그돈을 지키기 위해 부동산 하나씩 사는 경우가 많음,,|과연 2023-2025에 하락’하더라도’ 그 완벽한 마켓타이밍을 우리는 맞출 수 있을까요?. 주식에서는 항상 완벽히 맞추셨나요ㅠㅠ? 이 부분은 저도 참 고민이 늘 많네요~ 잘 들었습니다~~|와 친절하게 상담잘해주신다.. 쏘 스윗..|아는 선배가 현명하네..|질문자 질문듣고 있는데 먼가 답답한건 왜그런걸까요|정말 맞추기 어려운게 주택이네요ㅠ|지방이면 몰라도 서울은 사는게 맞지~~~|이미 답을 정해놨네 ㅋ|설명을 차분하게  상대가 이해가  갈수있도록  설명을 참ᆢ잘하신것  같습니다 ᆢ
내문제는 아니지만 좋은 설명인듯  합니다 ᆢ
내 자식이라면  실거주 집을 사라고  할것 같습니다|아직 현금 6-7억 들고 서울집 매수 대기자가 많네요..|마켓타이밍을 본다고하는 사람이 직장을 다니고 있나요?ㅋㅋㅋㅋㅋㅋ|ㅋㅋㅋㅋ 나라면 짜증나서 욕박았을텐데|신사임당님 방금 tvN에서 봤어요 요즘 TV에서 자주 뵙는것 같아요^^ ❤️|완전 저의 뼈때리는 이야기네요 전세만 10년제입니다ㅜㅜ|(지나가던 부린이) 근데 이 분은 누구신데 이렇게 신뢰감있는 목소리에 신뢰감있는 말투에 목소리도 좋으시고 눈빛도 맑으십니까???|주식으로 2억버니 눈에 뵈는게 없어보입니다|떨어질지 오를지는 신도 몰라요|주식은 투자지만 실거주 1주택은 인플레이션 헷지수단. 돈이 있는데 무주택은 투기.|오늘 영상도 유익해요!|시청자 답답하다|부산도 해주시면 좋겠다요........ 신혼 무주택...... ㅠ|ㅋㅋ고민상담해주는 이채널 좋아요 ㅋㅋㅋㅋ|신사임당님
지금 미래수업에서 나오시네요ㅎㅎㅎ 멋져요!!!!!!|하.답답.. 너나위님 보살이시네..|되게 진솔하게 상담해주신다|우짜긴 뭘 우째 반값에 팔아야지... ^^ 싹다 팔아라|별ᆢ돌+I가 여기저기 참 많네ᆢ|부동산은 필수라서 오래가지고 있으면 어차피 이익보는 장사|실거주 한 채는 그냥 깔고 가는 것|조정와도 초보들은 타이밍 잡기 힘들어요.|집값?... 아직도 대한민국을 모르네.. ㅎㅎㅎ|저의 경험으로는 그동안 주식과 부동산 코인을 하면서 느낀것은 먼저 나 혼자라면 어떻게 하든 상관이 없지만 가족이 있다면 무조건 1순위는 거주지가 안정이 되어야 하고 그리고 상황(타이밍)을 보면서 주식하고 코인을 시작하시면 된다고 생각합니다. 그리고 정말 친절하게 답하시는거 보면서 최고 라고 다시한번  느껴요~|부동산 하락에 대한 이야기 궁금했는데 이렇게 영상 준비해주셔서 감사합니다:)
📌 단기적으로 보면 부동산이 하락과 상승을 반복하겠지만, 장기적으로 큰 그림을 보면 결국은 상승 추세를 보일 것으로 예측되기에 크게 무리되지 않는 선에서 실거주매입을 추천!
아는선배 이야기 항상 너무 유익해요^^ 오늘도 감사합니다🙏💕|이해 쏙쏙~
찐이네요^^|요약: 2023년 정부에서 집값잡는다는 얘기가 있어 기다려야하는지 궁금하다는 것인데 2023년에 조정이 온다지만, 확신할 수 없고, 과거부터 조정이온다온다 했지만, 지금까지 오지 않았기 때문에, 살 수 있는 여력이 된다면 실거주형 집이라면 마련하는 것이 좋다.(전세값도 계속 오르기 때문이다.) 20년간 오르다내리락 했지만, 크게 볼때 올랐다. 지금부터 15년 뒤 멀리내다보면, 오를 가능성이 높다.  

결론: 무리되지 않다면, 실거주매입은 하자.|집은 너무 재면서 사면 못 사요
이사 걱정 안 할 내 집은 필수죠
고민 불필요|머리에 쏙쏙 들어와요^^|아.. 전화하시분 진짜 완전 답돌이네|아니  일본  부동산 폭락했다고 도쿄도  폭락했나  서울이랑 근처  경기는 절대 안망함|뭐든 조정이 온다 온다 하지만... 과연 언제오는지...|내가 현재 어떤포지션인지 알아야하네요 장기적우상향을 믿고 내집마련을 해야겠어요 감사합니다 아는선배님♡♡|자기가 듣고싶은 대답 들을려고 반복적인 질문 할거면
뭐하러 상담고민하는거야...
답정너 스타일|조정은 올 수 도 있음. 그때까진 오름. 말이 조정이지 이때까지 집값이 장기적으로 올라는 가지 내려간적은 없음.
물론 저점에사고 고점에 파는것만 되면 땡큐지.... 그게 안되니깐 수준에 적당한걸로 하나 사놓고 살다가 나중에 파든가, 더 사든가 해야지...

집값이 갑자기 팍 내린다?
그렇게 내린다한들 이 사달나기전으로 갈까?
그럼 집 자기명의로 있는사람들 다 한강가야됨.
그게 되냐...|벼락거지중 자산이 되시는 분이시네요|다주택자가 하는 고민을 왜 무주택자가 하시죠? 투자관점에서 한채 더살지 말지 결정할 때 하는 고민을 왜 무주택자가 하는거죠? 이분은 서울에 실거주 집한채도 없으면서 무슨 깡으로 투자의 관점으로만 집을 보시는지요? 본인의 주식실력이 서울집값 상승률을 이길 수 있을거라 생각하시나요? 혹시 슈퍼개미급이세요? 그러시면 주식에 몰빵하시구요...매매를 안하면 전세나 월세를 살겠다는건데, 주거의 불안정성을 담보로 어차피 장기 우상향할 집을 혹시 있을지모를 단기 하락에 베팅하겠다니...실거주 집은 주식이 아닙니다!!! 대한민국 평균 자가 거주기간은 10년이죠. 그럼 10년 동안은 집값이 상승하던 하락하던 아무 상관이 없습니다. 즉 중립포지션인거죠. 하지만 10년 뒤 집을팔때는 장기적으로 집값이 올라있겠죠. 그래서 무조건 실거주 한채는 그냥 사시라는 겁니다.|1주택이 중립이고, 무주택은 숏, 다주택은 롱 포지션입니다. 즉 무주택도 상당한 리스크를 안는 포지션인겁니다.|서울에 10년만 뭍고가면 노후자금 나온다.|13:13 오피스텔이주거용이라 하더라도 처분안해도 서울에있는아파트담보대출 가능합니다 오피스텔은 공부상 상가이기때문에 주택보유수에 포함되지않습니다...|설명이 정말 이해하기 쉬운데 내용은 정말 깊은것 같아요 감사합니다^^|나라면 김포에 집한채사고 주식을 하것다..|사연은 어디로 보내면 되나요?|부동산이 하락 한다 하더라도.. 하락 전까지 엄청 오르다가 살짝 하락 할 것이기 때문에.. 
집은 사는 것이 맞음|지금주택매수는 고민해야할때 장기적으로 우상향은 맞지만 10년이상하락할 수도 있다는 것도 생각해야 한다 내가 2005년 잠실에 고점에 매수해서 10년동안 고생했다 어째든 올랐지만 빠지는것도 고려해야 한다|드디어..기대하던 주제가 나왔네요~|정말 귀한 방송^^ 감사합니다!|아는 선배님 너나위님이시라고 한 것 같은데...
부동산을 잘 모르는 사람도 알아 듣게 설명을 쉽게 풀어서 잘 해 주시네요
다정다감하게~ 귀에 쏙쏙  자꾸 보게 됩니다
그리고 잘~ 생기셨어요|주식으로 수십억 벌고 매달 수억씩 수익 올리는 사람들 보면 절대 주식만 하지 않음. 부동산도 병행하지
진짜 누구나 인정할만한 주식 고수들도 잃을 때도 있고 딸 때 도 있는 건데 요즘같이 장이 좋은 시기에야 그럴 수 있지만 저렇게 자만하면 장이 안 좋아졌을때 진짜 위험 할 수 있음ㅋㅋㅋ|정작 슈퍼개미들은 부동산 비중 늘리던데 개미들은 올인할 생각하다 후회들 많이 하죠.|13:12 현직 금융권 종사자이고
주택담보대출가능 여부
안내드리고저합니다
오피스텔은 공부상 주택이아니므로
현주택보유수(homs) 시스템상 
주택으로보지않아 주택담보대출 취급시문제되지않습니다
다만, 신규주택 추가구입시 취득세의 중과 및 양도세문제가생길수있으며
양도세는 거주주택비과세(오피스텔의 주임사를 이용) 를 이용한다면 충분히 커버가능할듯하네요ㅡ|별로|결론:아직안봄|서울사실거면 무조건 집사야된다고 봅니다..|서울 집값은 단기적으로는 등락을 반복하지만 장기적으로는 우상향한다는 걸 생각하면 내집마련을 알 수 없는 시장상황에 의해 미룰 이유는 없겠네요~! 아는선배님 감사합니다♡|집값 부담스럽고 비싼것 맞는데 정부정책 보면 하락 조정장은 까마득해보임 ㅠㅠ|나도 맞벌이 뼈빠지게 일했는데,, 어떻게 애기가 3살인데.. 현금이 4~5억에 주식만도 2억이나 되지?? 직장인이 가능한가... 참나.. 패배감 드네. 아무리 20대때부터 모아도 계산이 안나오는데,, 나만 그런가. 결국 진행자도 안떨어진단 말이네...뭘.. 부동산관련 업자들 솔까 다 오른다고 그러지. 자기들 밥벌인데|오피스텔 있어도 주담대 나올텐데요?|무주택자는 오르던말던 그냥.평생살생각으로 구입하는게 맞고. . 다주택자는 투자의 관점에서 접근하는게 맞는건가요?|기회는반드시 오지만 장기적으로는 우상향 이라는거군...|ㅋㅋㅋ 상담자 말하는게 부동산 장기 하락에 베팅한것 같은데. 이제 서울에서 눈물의 세월을 보낼 것 같은 예감.|참고로 2014년 경제방송에서 늘하는 이야기는 “토끼몰이 당하지 말라”=집 사지마라 였어요. 신혼이었던 저희부부는 전세(월세)알아보다가 부동산에서 보여준 아파트에 뭔가 씌인듯 영혼과 뼈와살까지 다 바쳐서 아파트를 샀고 그 덕에 사다리타고 한칸씩이나마 올라가고 있습니다
절대 어설픈 방송 나오는 전문가들이나 정치가들에게 선동당하지마세요. 너나위님 말씀처럼 오년 십년뒤를 그려보시면 위치와 입지를 기반한 실거주 한채의 소중함을 아셨으면 좋겠습니다. 그 다음이 주식이죠.|우왕 댓글 3번째 대박~ 영상 잘볼께요😍|한치앞을 알수없으니 선택하는것도 쉽지않지만 결국 상승하락 사이클을 반복할듯 하네요 ㅎㅎ|주식도하며 부동산도 해야..|부동산 운용 코인도 나오고 있는 마당에 하락?
전 아니라고 봅니다. 그리고 부동산이 내려가는건 경기가 안좋아지고 있다는걸 증명하는거. 하락하는건 좋은게 아니예요.|진심이 느껴지네요|주린이 아니면 그냥 주식하고있다가 집값 조정오면 그때 사든지 아니면 재개발/청약하는게 낫지 않을까여?"
가난 탈출하는 사람들의 '공통점' (이윤환),가난 탈출하는 사람들의 '공통점' (이윤환),2021. 2. 21.,http://www.youtube.com/watch?v=55osn87i7TQ,"조회수 434,806회","좋아요 8,814개",싫어요 181개,"작년에 친한 후배에게 속아서 전재산 잃고 다시 새 삶은 살진 못하지만 겨우 적응해 가면서 포기 할까 했는데~ 오늘 영상보고 다시 한번 힘내서 일어나 볼려 합니다!
지금 옷 입고 산책하러 가려 합니다|가난의 가장 큰 문제는 오랫동안 사람의 정신마저 좀먹어, 새로운 도전을 위한 의지조차 품지 못하게 한다는 점이죠.|안동에서 이분 모르는 사람 거의 없을걸요.  병원에가면 직원들 웃음소리 들려요. 그리고 환한얼굴들.  저 같은 아파트 사는데 진짜 한결같아요.  추우나 더우나 날마다 산책.
실천실행 하시는분.
""성실하면 사업은 절대 망하지 않는다""  오늘 다시 새깁니다.|내가 거지같이 산 이유가 실행력이 없는게 맞다.
반성적 사고와 실행력에 목숨걸고 해야겠네요|실행의 중요성
아무리 강조해도 지나치지 않네요
작은것부터 계속 실행하라!
새겨듣겠습니다^^|어머니가 고생 많이 하셔서
아버지가 못해준거 내가 대신 해드리고 싶었다, 어머니때문에 돈벌고 성공하고 싶었다,
많은 자녀들이 하는 생각인데
실천이 중요하군요.|천만원 빌려 달래도 몇일 생각해 볼 텐데 필요하면 한 시간 안에 일억 빌려 준다는 지인을 두신 원장님의 걸어오신 시간 동인의 인품이 엿보입니다.|아 이분! 월급쟁이부자들 채널에 나오셨을때 엄청 감동받고 눈물도 흘렸었는데 ㅠㅠ 존경스러운 분..진짜 멋짐|이윤환님같은 사고를 가진분이 우리사회에 더많이  생기기를 바랍니다  전국적으로  더나은 요양병원이 생기기를 바라며|늘 치열하게 몰아부치는 영상만 보다가
차분하신 목소리로 삼일 못하면 또 이어가면 된다는 말씀! 
이 말씀에 위로 받고 힘도얻어요♡
영상 잘보고 저도 실천하는 삶 이어갑니다!|실행이 답이다. 어렸을때  어머니 자전거 뒤에 태우고 다니신 걸 보면 뭘 하셔도 성공  하시 겠어요|이렇게 좋은 분 초대하여 귀한 얘기 듣게 해준 신사임당님 감사해요..

그리고 신사임당님, 좋은 한의원가셔서 한약 한재 달여드세요!
건강이 제일입니다.
쉬고 싶을땐 좀 쉬세요~|들으면 들을수록 대단한 분이시라는 생각이 듭니다~하신 말씀 하나 하나 귀하지 않는 것이 없네요~딸들에게 들려주고 싶습니다~귀한 자리 만들어주신 신사임당님께도 감사의 말씀 올립니다|눈으로 읽고 실행하지 않는 지식은 ‘죽은지식’|단순히 돈이라는 보상을 쥐어주기 보다는
‘우리가 이걸 왜 하는 가?’ 에 대한 생각,, 
좋은 말씀이시네요 ㅎㅎ|게임은 매일 실행 하면서 인생은 왜 실행할 생각조차 안하는지..|참! 이런분이 계셔서 아직은 살만한 세상인것  같습니다~
좋은 영상 감사합니다~~^^|깜짝 놀랐네요.
신사임당님 채널 매일은 아니지만 가끔씩 챙겨보고 있는데
저희 병원 이사장님은 언제 섭외하셨나요 ㅎㅎㅎㅎㅎㅎㅎ|책을 눈으로만 읽지말고 실행하라~~!!!!!
뼈맞고ㅜㅜ 
작은 성공습관을 만들고!!
작심3일도 120번으로 1년을 성공하기~ㅎㅎ
캄사합니다~~🎵🎶|컴터앞에 라면끓여먹고있는 내가 초라해지네....영상보고 집정리부터 실행 합니닷|성공하는 사람은 경영자의 피가 다르구나|💖월부채널에서 뵙고 공감눈물ㅜ 흘리고
병원에 몇달째 계신 울 어머니 생각에ㅠㅜ
대표님 답글 달아주신거에 넘 감동했어여♡ 아직도 병상에 계시지만 
덕분에 조금씩 나아지고 계셔요. 
늘 제 걱정이신 엄마께 잘 사는모습 
꼭 보여주고 싶은것이 저의꿈 이예요^^ 이번영상도 감사해요:)🙇‍♀️|썸네일 흙수저집 창문 특 아닌가요ㅋㅋㅋㅋㅋ|작은것부터 실천! 실햄! ~~|이분 너무 멋지신분이네요~~
이런 마인드를 가지신분이 많아지면 좋겠어요~|아 진짜 멋지시다...! 
알고있지만 실행하는건 참 어려운데
생각나면 바로 하는것. 
감사합니다.|안동이 고향인 젊은이입니다. 본 받고 싶고 좋은 말씀 가슴 속에 새겨봅니다.!|아..마인드 넘 좋으시네요..성공할수밖에 없는..계속 승승장구 하시길 🙏|초반에 말씀하시는 책
육일약국 갑시다 김성오|진짜 경영이 무엇인지
왜 내가 이일을 하는지
나는 왜 사는지
개념을 확실하게 배울 수 있는 
참 고마운 영상이었습니다.
감사합니다.|누워서 보다가 의자에 앉아서 보게 되네요~|영상틀자마자 ‘저는 실행이라고 생각합니다’라는 말에 완전 공감하고 또 공감합니다🙏🏻|진짜 존경하는 분입니다~
인생도 마인드도 태도도 너무 좋습니다.
찐!!!!! 인생 스토리~~~ㅎㅎㅎ|책을 읽고 실행하기, 작은습관 만들기! 작은습관이 큰 성공으로 이어진다~ 오늘도 좋은 영상 감사합니다!|엄청난 내공을 가지신 분을 찾아내서 이분의 내공을 들려주시니 감사합니다|신사임당님께🙏👏👏 감사드립니다   앞으로도 감동받는 초대 손님 많이 모셔주시길  그와함께 
 대~박 두 기원드립니다
구독 👌  좋아요 👍  알림톡까지 🎶⚘|정약용. 약용이 형의 말씀이 생각나는 영상이고 내용이네요. 승리코드! 정말 중요하죠.|이윤환 이사장님 책을 읽고 크게 감동했습니다
감사합니다|지금까지 봐왔던 신사임당님 영상 중 최고입니다. 정말 감동스러워요. '존엄' 케어.|운도 있어야 하네요 확실히|보시, 어차피 해줘야 하는거 조직문화 ㅋㅋ 좋은 말 감사해요|감사합니다~|변수에 대비해 플랜1. 2. 3이 짜여져 있어야한다!
멋진 말씀이예요.  책을 읽는것에서 멈추지말고
바로 실행해라 늘 생각하며 실행하겠습니다
정말 멋지신 분이네요! 감동 영상 
감사합니다  💕  사랑합니다 💜|와우 멋진분이십니다. 본받고 싶습니다~~*^|산전수전 다 겪고 성공하셨네요. 좋은 내용 감사합니다|형 왜자꾸잘생겨지는거야|최고의 멘토링 시간이었습니다. 세상의 진리를 말씀해주셨네요|우와...진심 제자신을 되돌아보게 됩니다~~대단하세요^^|이분이 대단한 분이구나 !!!|존엄케어~~ 대단한 요양병원이네요
가치있는일 ~~!!!
저도 요양병원 근무자  
많이 배우고 갑니다|정말 모든 분께 귀감이 되는 귀한분 초대해주신 사임당님께 감사드립니다.|좋은 영상 감사합니다|앞으로도 잘 되길 응원합니다 
마음가는  복주 경도 병원  홧팅|이런 강의를 만들어주신 신사임당님은 한국 최고의 채널이란 생각이 듭니다. 늘 유익한  방송을 해주셔서 고맙습니다|이윤환님 정말 멋진 분이세요~ 쓰신책 요즘 열심히 읽고 있습니다. 정말 존경스럽습니다. 앞으로도 존엄케어 잘 부탁드려요!!!|이런 긴 영상 너무 사랑해요.|관상이 성공할 수 밖에 없는 관상이시네요. 하지만 목소리를 들으니 목소리가 더 성공하실 분이시네요. 조직의 수장이 되실 수 밖에 없으신 분. 엄지척!!!|대단하신 분이네요 감명깊게 보고 가요 ㅠㅠ|신사임당님 영상 중에서 제 기준에서는 손에 꼽히는 좋은 영상이네요. 출근 길에 많은 배움 얻어가요! 감사합니다.|저도 이제 35세 사업시작 후 확장을 생각하고 있는데 실행력이 대단하시네요|실행하라|썸네일 외갓집에 오래된 불투명 창문에 불 비칠 때 ㅋㅋㅋㅋㅋㅋ|정말 멋진분이십니다
많이 배우고 가슴에 깊은 울림 담았습니다
이런 분 많아지면 살만한 나라 되겠어요~~|저도 열심히 사려고 하는 이유 중
가장 큰 이유가 부모님 호강시켜드리고 싶어서 인데 내용이 너무 공감되네요..
열정을 가지고 살다보면 주변에서 도움을 주신다는 것도 맞는 말씀이세요
시간을 소중히 생각하고 생각만 하는것이 아닌 행동하는 사람으로 살아가야겠어요
좋은 영상 감사합니다.|썸네일때매 들어옴.....|저희 할머니께서 예천살고계세요.. 경도요양병원 3개월계셨을때 병문안 다녀왔었던 기억이 나네요..
 저희식구들 모두 요양원이 너무좋구 직원들이 친절하다고 그랬네요..
그당시엔 유명한병원인줄 몰랐네요..
지금 이영상보니 아~ 그렇구나 느낌이 오네요..
그때 병원느낌이 이윤환님이 말씀하시는거랑 똑같아요..
이윤환님 정말 찐이네요..|몸도 마음도 너무 지쳐 있는중에 이야기를 듣는데 힘이 납니다. 같은 톤으로 말씀하시는데도 백가지 기술이 들어간거 같은 말씀이었어요^^|적절한 보상도 중요한 이지만 '왜' 이 일을 하는지가 중요하다는 말씀 새깁니다. 직장이 단순히 일하고 돈 버는 곳이 아니라 사명감과 소명을 가지고 할 수 있도록 환경을 제공하는 점 너무 존경합니다.! 좋은 방송 감사합니다~|너무 좋은 내용들이라 감동과 배움하고 갑니다..|닮고 싶습니다 ~ 
선한마음과 지혜로움과 용기를 그리고 인복까지요~ ^^|아 진짜 오랜만에 재밌는 이야기 들었네요 . 완전 재밌었어요|아침에 이불개기, 매일 산책하기와 독서, 감사문구 외치기를 실천하고 있는데 이런 작은 습관들이라도 쌓이면 성공할 수 있겠지요? 확신을 주셔서 감사합니다|내공이 느껴지는 분이시네요. 노트하며 잘 들었습니다❤|잘 보고갑니다^^ 중요한 것을 배웠습니다. 감사합니다!|라디오처럼 틀어놓고 소싱하고 등록하고 하니 40분 금방 가네요 ~ 열심히 부자되서 저도 신사임당님께 초대받고 싶습니다~ 한 일이년 뒤에 뵐께요~|두분께 진심으로 감사드립니다.
게으른 제가 움직이게 되네요~|잘 봤습니다. 
내 가치 기준이 분명하셔서 그만큼의 성공이 있으신것 같네요.
돈은 기본으로 벌지만 그것이 개인의 이익만을 위하면 안된다는걸 말씀해 주신것 같습니다.
좋은영상 올려 주시는라 애쓰신 신사임당님~~감사합니다.|제목이 안들어올수가 없는 제목이네요 ㅎㅎㅎ|우왕 저도 물리치료사인데 진짜 멋지신 분이시네요 ㅎㅎ심지어 지금33살.. 저는 스스로 한계를 만들었나봐요;; 반성하고 갑니다;;|실행은 누구나 할 수 있는건데 오랜시간 동안 꾸준히 포기하지 않고 노력하는건 아무나 못하는거 같아요. 
저도 무엇이든 시작하면  인내심을 가지고 꾸준히 해보도록 노력해야겠어요☘"
서울에 아직도 다주택하는 사람 별로 없어요 (김제경 투미부동산컨설팅 소장),서울에 아직도 다주택하는 사람 별로 없어요 (김제경 투미부동산컨설팅 소장),2021. 2. 20.,http://www.youtube.com/watch?v=55osn87i7TQ,"조회수 636,215회","좋아요 9,927개",싫어요 334개,"투미 김제경 소장입니다.
부동산은 아무렇게 투자하기보다는 세금 및 규제를 정확하게 알고 해야 합니다.
재개발이 쉬운 투자는 아닙니다. 어렵지만 매력이 많은 투자처라 오늘 영상으로 관심이 생겼다면 공부해보면 좋을 것 같습니다.|잘아는형인데 이형 진짜 부자임....|나는 이제 구구단 외우고 있는데 미적분을 술술 푸는 분들 이야기를 듣고 있는 기분이라 아직 먼 이야기처럼 느껴지지만 ㅎㅎ 그래도 내가 어디서 이렇게 고급 강의를 들어보나 싶어서 다시한번 심사임당님 유툽 구독한 게 매우 잘한 일이라는 생각이 듭니다.|조합설립인가 이후!! 진짜 핵심 입니다.|명짧은사람은  아파트된다해도 입주못하고암걸려갈수도ㅋㅋ그냥 피주고사서 편히 사는게 낫게슴다|•미래를 보는 안목
•올바른 투자가치관
•선택과 집중|ㅎ 관처 이후에 투자할려면 확실하긴한데 너무 비싸져서 사기 쉽지가 않은게 문제 ㅎ
요즘은 조합 설립 인가 후에 진입 할려 해도 올라버리더라는|재개발 투자하고 있는사람인데 설명너무잘하시네요~~^^|지금도 의서빌 이라고 해서 폭탄돌리는 그카톡방이 있지ㅋ 거기 업자들이랑 섞여서 홍보하며 주구장창 거미줄 침.|좋은 정보 감사합니다|신사임당님 오늘 무지 피곤해보이시네요 ~|진짜 최고 유익한 영상입니다 부엉부엉|엄청난 부자가 입털어주심.|소장님 응원합니다~~!|재건축단지 자주 설계하고 있는데 건설사 바뀌고 조합장비리로 구속되고 반대파가 형성되어 각종 이권개입과 부정비리 등등.. 조합설립인가 된 이후에도 너무 많은 변수가 있습니다. 이런 위험성을 인지하지 못하고 투자하시는 분들 보면서 안타까웠던 적이 많은데 이런 위험성을 충분히 잘 알려주시는 분이 계서셔 다행이네요.|김제경 소장님~~ 진짜 짱이십니다!!
너무 유용한 내용이었어요..
부동산 예전에는 연세있는분들이 한다는 생각이 많았는데..
요즘은 젊고 똑똑한 소장님들께서 체계적으로 하시는 것같아요..
초대해주신 신사임당님 감사합니다^^|지금은 온 국민들이 재개발 재건축 다 공부하고 투자해서 예전처럼 관리처분인가 전부터 훨씬 전부터 들어가야 먹을게 있습니다...진짜 조합설린인가났을때는 물건도 없고 엄청비쌈....지방만해도 피만 3억에서 5억...ㅜㅜ|부자가 되려면 정말 선택과 집중을 잘 해야겠어요..|신사임당님 금연은 잘 진행되시지요? 
김제경 소장님 영상 두번째 보고 있는데요 최대한 다 꺼내서 설명해  주시는 느낌이 들어 들을때마다
무한 신뢰가 갑니다.~|아 이분 진짜 였는데 
5년전 알아봤어야 했는디ㅜㅜ
나의 무지함|쉽게 들어가는 거 아닙니다 인생의 긴 부분을 차지합니다|절대적인 시점은 조합설립인가
진짜 인졍입니다,,,  폭등..|부자는 인고의 시간과 성실한 노력, 건전하고 검소한 생활을 평생유지할 수 있는사람.
한 단어는 모든방면에서의 '여유'|이게 진짜 부동산이지.김재경소장님 진찐이심|좋은영상 감사합니다. 어디에서도 들을수없는 아주 알찬 내용들입니다. 
그런데 재개발을 안전마진잡고 총매가 15억 넣어서 10-20년 기다리는것을 생각하면 삼성전자 사서 2040년에 파는게 낫지않을까 하는 의구심이 생깁니다.
부동산도 좋은 장기투자 상품이구나 한수배웁니다. ^^|이말을 알아듣는 내 스스로가 대단해보이네 ㅋㅋㅋ|너무 어렵 ㅠ|흐름이 빠르네요 2.4일 이전내용이라 한달도 안되었지만 업데이트가 필요한 부분이.. 속도가 너무 빠르당 ㅠㅠ|재개발 포인트들도 잘 잡아주시고
너무 어려워서 이해 못하고 있던 부분들은 차근차근 설명해주시네요:) 명강의 감사합니다!!|정말 박사님 같아요..대단한 정보력을 소유하신 진정한 전문가.  질문 쪽쪽 어려운 답을 술술. 멋져요👍|발들여 놓으면 인간 욕망의 가장 더러운 끝판은 맛본다는 재개발. 거기서 살아남아 입주권 받은 사람들 보통사람들 아니라고 본다.|재개발 내용 좋았습니다. 발음이 또박또박. 전달력이 정말 좋으시네요👍|쉽게 잘 설명하시는것이 탁월하십니다.
진솔함도 느껴지고..
감사합니다|많이 배웠습니다~|설명 진짜 상세히 잘 해주시네요~사업성과 안전마진의 뜻까지 알려주셔서 감사합니다~^^|재개발 노량진6구역  P10억이네여.....
재개발은 역시....👍👍👍|관심있었는데 정말 유익합니다~|최고다|김제경 소장 진짜 찐|매우 유익합니다.
귀어 쏙쏙 들어오네요!
감사합니다!|추진위 때 매입해서 철거까지 딱 6년 걸렸습니다
정말빠르게 진행됐는데도 불구하고 
준공되면 10년 기다렸네요|김제경소장님 귀에 쏙쏙 들어오는 설명 감사합니다|잘 보고 잘 들었습니다  세금이 풀리지 않는 게 크게 문제임|역시 투미👍|세금ㆍ재개발은 김제경소장님이 짱|아직은 먼 이야기....|뭔소린지 모르겟는데 이 형 찐이다... 왜캐 멋있어|와... 내 속이 다 시원하다. 제가 궁금한 모든걸 1시간안에 다 풀어주셨네요|담에 리모델링도 다루어 주세요♥|결론 부모를 잘 만나라|머리스타일 귀엽게 바꿨네요|말투가몬가 일본어 잘쓰는말투당|유익한 정보 감사합니다^^|좋은 영상 감사해요...
잘 봤습니다. 공부가 많이 됩니다.~~^^|리모델링도  한번  다뤄주심
감사하겠습니다|ㅎㅎ|유익한  강의 넘 감사 합니다|이분 대단하네요...처음 너무 길어서...볼까 말까하다가 다 봤네요...|사소한거까지 다 개입하고 통제하는게 자유로운 세상은 아니군|15년 걸려 ㅋㅋ 내가 해바떠 묻어둬|애초에 부모님이 부동산을 하신 케이스네요 좋으시겠어요|이분은 진짜다.|진짜 찐전문가! 다시 반복해들으며 필기했어요. 내공이 어마어마 하시네요. 감사합니다^^|영화필름??|투미    진짜  신뢰가고   능력  있는   유튜버  입니다    저도    팬입니다      항상   진솔한 강의   감사합니다|오늘 좋운정보 너무 감사합니다 
재개발 분양 받은 사람으로써  좋은 말씀 감사히 잘 들었습니다.|좋은의견 감사합니다!!! 공부많이 됬습니다!!!|정말 잘 듣고 갑니다  ~~^^ 감사해요 !|재개발...하지마세요. 스트레스 받아 죽어요|소장님은 어떻게 법령공부하셨는지...
궁금하네요.. 경이롭습니다..
책내주시면 바로사겠습니다...|자막부분 감사합니다~^^  신사임당님~|세금올리면 결국 세입자에게 부담이 되는 구조 아닌가요??|한시간 다들었네요.....|대출막혔는데 집담보 66억 대출은 어떻게 받는지 궁금합니다.ㅠㅠ|재개발은 좋은지역 사려면 여유있는사람만해야될듯|김제경 소장님 인상도 선하고 생각보다 젊고 핸섬하세요^^♡|요즘은 구역지정 안된곳도 몇억씩 오르고 있어서 맘이 급해지더라구요..
동의서만 걷어도 가격상승|DSR 총부채 원리금 상환
2021년 3월 시행 발표한다고
하는데 부동산과도 연관성이 많을거라
생각합니다 DSR 시행후 발생하는
여파를 다루어 주셨으면 합니다|시간가는줄 모르고 봤네요ㄷㄷ 재밋게 잘 봤습니다|동작 흑석 ㅡ노량 쪽에 ㅡ재개발 많이 있던데 ㅡ그쪽은 언급안하시네요 ? ㅡ그쪽은 어떨지요!??"
쿠팡 미국증시 로켓 상장.. 55조 평가 (런던오빠 김희욱),쿠팡 미국증시 로켓 상장.. 55조 평가 (런던오빠 김희욱),2021. 2. 19.,http://www.youtube.com/watch?v=55osn87i7TQ,"조회수 73,757회","좋아요 1,726개",싫어요 52개,"간만에 기업콘텐츠 쿠팡으로 인사드렸어요😎 구독자님들 모두모두 건강하시고 신사임당님 건강 함께 기원해주세요~~|31분 다 보고 머릿속에 남은건 쿠팡그.....ㅋㅋㅋ|런던오빠님 나올때가 신사임당님 아재개그랑 말장난 재일 많이 하시는거 같아요 ㅋ 케미가 좋아서 보기도 재미납니다 ㅋㅋ|02:00  이부분 개웃기넼ㅋㅋㅋㅋㅋㅋㅋㅋ 뭘 들으셨길래 일본만 여자목소리냨ㅋㅋㅋㅋ|아 진짜 현웃터져버렸네 ㅋㅋㅋㅋㅋㅋㅋ 아니 근데 임당성님 저렇게 활짝 웃으니까 나 왜 되게 보기 좋고 기분이 좋냐|진짜 런던오빠 내가 아는 형이고싶다 ㅋㅋㅋㅋㅋㅋㅋㅋㅋㅋ 작년부터 팬이었지만 ㅋㅋㅋ 진짜 제일욱김ㅋㅋㅋㅋㅋㅋㅋㅋㅋㅋㅋㅋㅋㅋㅋㅋ|큰일났다
내용은 하나도 기억이 나질 않고
쿠팡그..만 계속 생각난다
내가 쓸애긴가. . .|1:58 진짜 버스에서 보다가 유튜브 바로 나감 ㅌㅋㅋㅋㅋㅋㅋㅋㅋㅋㅋㅋㅋㅋㅋㅋㅋㅋㅋ|런던 오빠 더 자주 해주세요 구걸합니다. ㅜㅜ 으헝헝 상사병 걸렸었습니다|01:57 ㅋㅋㅋㅋㅋㅋㅋㅋㅋㅋㅋㅋㅋㅋㅋㅋㅋㅋ쿠팡긐ㅋㅋㅋㅋㅋㅋㅋㅋㅋㅋㅋㅋㅋㅋㅋㅋㅋㅋㅋㅋㅋㅋㅋㅋㅋㅋㅋㅋㅋㅋㅋㅋㅋㅋㅋㅋㅋㅋㅋㅋㅋㅋㅋㅋㅋㅋㅋㅋㅋ2:00 아니 가만히 있어봐 ㅋㅋㅋㅋㅋㅋㅋㅋㅋㅋㅋㅋㅋ|할아버지 창씨개명ㅋㅋㅋㅋ|두 분 같이 방송 하실때가 제일 텐션이 좋아보여요 👍|아앜ㅋㅋㅋㅋㅋㅋㅋㅋㅋㅋㅋ 너무 우껴욬ㅋㅋㅋㅋ크팡그! 뒤에 2:00 아 가만이써 일본만 여자발음으로 나왔냌ㅋㅋㅋㅋㅋㅋㅋㅋㅋㅋㅋㅋㅋ|매년 적자이지만
쿠팡만큼 일상을 바꾼 기업은 흔치않죠|낙인효과 쿠팡그 ㅋㅋㅋㅋㅋㅋ 🤣
요즘 신사임당님 채널 왜케 재밌어요 ㅋㅋㅋㅋ
쿠팡그  vs 네이버쇼핑+신세계? vs 11번가+아마존
승자는 누가 될까요? 궁금하네요|1:50  ㅋㅋㅋㅋㅋㅋㅋㅋㅋㅋㅋㅋㅋㅋㅋㄱ쿠팡그 ㅋㅋㅋㅋㅋㅋ달팽이관 ㅋㄱㅋㅋㅋㅋㅋㅋㅋㅋㅋㅋㅋㅋㅋㅋㄱ|런하 요새 기름기가 좔좔 잘생겨졌임당
ㅋㅋㅋㅋ큐포ㅑㅇ빵터짐|앜ㅋㅋㅋㅋ 두분 친근하게 낄낄거리는 분위기도 너무 재미있어요~~쿠팡그♡|경제유재석과 경제박명수의 꿀케미! 오늘도 잘봤습니다😆|두분케미 너무 편안하고 유쾌합니다
덕분에 오늘 처음 웃어요~😄😄😄|아니 무슨 꽁트여? ㅋㅋㅋㅋㅋㅋㅋㅋㅋㅋㅋ
쿠팡그에 락인...( 가슴~)  ㅋㅋㅋㅋㅋㅋㅋㅋㅋㅋㅋㅋㅋㅋㅋ|쿠판그 ㅋㅋㅋㅋㅋㅋㅋㅋㅋㅋㅋㅋ|코메디 방송인가요 ㅋㅋㅋㅋㅋㅋ너무 즐겁게 잘봤습니다^^|쿠팡그~ 아놔ㅋㅋㅋㅋㅋ|두분 케미 좋아요ㅋㅋㅋ 쿠팡 55조 가치 있습니다. 로켓배송 익숙해지면 다른거 절대 못써요ㅎㅎ|쿠팡하면 로켓배송이쥬~ㅎㅎ|빵터집니다ㅎㅎㅎㅎㅎ 크판그ㅋㅋㅋㅋ|쿠파안구 ? ㅋㅋㅋㅋㅋㅋㅋㅋㅋ 런오 매력 쩌시는듯!|진짜 두분 케미는 ㅋㅋㅋㅋ|쿠판그모음ㅋㅋㅋ
1:58
9:30
10:38
13:07|ㅋㅋㅋㅋㅋㅋ 서로 벽이생겼네 캬컄|3:11 여기서 에프킬라가 기억났다면 찐입니다 ㅋㅋㅋㅋㅋㅋㅋ|MT...쿠팡그...김범수...주김범...
기억남ㅠㅠ|쿠팡그 ~~ㅋㅋㅋ  정말 배꼽잡는다|아 웃겨 ㅋㅋㅋㅋㅋ|두사람의 캐미는 정말...ㅋㅋㅋ|영상다보고 기억에 남는건 쿠팡그...|쿠팡을 계속 썻더니 배송기간이 이틀만 되도 오래걸리네라고 생각해서 로켓배송내에서 물건 살려고 서치하게 되네요ㅋ|쿠팡그~~!|둘이서 웃으며 방송하는 모습이 좋아요^^|왴ㅋㅋㅋㅋ하지말라고하면서 두분같이자꾸해요ㅋㅋㅋㅋ너무웃곀ㅋㅋ|11:24 락인? 락인? ㅋㅋㅋㅋㅋㅋㅋㅋㅋㅋㅋㅋㅋㅋㅋㅋㅋㅋㅋㅋㅋㅋㅋㅋㅋㅌ|ㅋㅋㅎㅎㅍ꿀잼|런던행님 꿀잼ㅋㅋㅋㅋㅋ|오래 기다렸어요!!! 응팔에 정환 정봉 형제 같은 두분ㅋㅋㅋ두분 넘 잘어울려요ㅋㅋㅋㅋㅋ|쿠팡그 왜죠?ㅋㅋㅋㅋㅋㅋㅋㅋㅋㅋㅋㅋㅋㅋㅋ|이거 역대급이네ㅋㅋㄱㅋㅋㄱㄱㅋㄱㅋㄱㅋㅋㅋㄱㅋㅋ|ㅎㅎ 신사임당님은 런던오빠랑 있을때 가장 많이 웃으시는듯 ㅋㅋ|여자목소리 (일본)  왜케 웃겨요 ㅋㅋㅋㅋㅋㅋ 😆|너무 오랜만이네요 기다렸습니다 ㅋㅋㅋㅋ|진짜 두분 케미 ㅋㅋ|아~~~~일본발음으로...빵터졌네요 ㅋㅋㅋㅋㅋㅋㅋㅋ 🤣|전국을 다 커버할 수 있다니  단순 배달이 목적이 아니고  더 큰 목적이 있는 듯하네요...|너무 오래 기다렸습니다ㅜㅜ|우윳빛깔 런던오빠 넘 오랜만~~~!! 반가워요. 돌아와줘서 고마워요.^^|아 진짜 이분 너무 웃겨요 ㅋㅋㅋ 쿠팡그 ㅋㅋㅋㅋㅋㅋㅋ각하때도 계속웃겼는데 ㅋㅋㅋㅋ|최고의 케미!!|박명수 인줄 알고 들어왔는데 말 너무 재미있게 하시네요 ㅎㅎ 팬됐어요 ㅋㅋㅋㅋ|유투브계에 저평가 우량주 런던오빠 형님
오늘도 많은 지식 담아갑니다!|버스에서 마스크 사이로 엄청 웃었네욬ㅋㅋㅋ 마스크 없었으면 큰일날뻔|런던오빠는 얼굴만 봐도 웃겨요 ㅎㅎㅎㅎ|왜케 오랜만에 둘이 방송해요 ㅠㅠ 기다렸는데 정말 캐미가 쿠팡그...ㅋㅋ|크팡그~ ㅋㅋㅋㅋㅋㅋㅋ|2:18 ㅋㅋㅋㅋㅋㅋㅋㅋㅋ평소에 ㅋㅋㅋㅋㅋㅋㅋㅋㅋㅋ달팽이관이ㅋㅋㅋㅋㅋㅋㅋㅋㅋㅋㅋㅋㅋㅋㅋㅋㅋ 친화적으로ㅋㅋㅋㅋㅋㅋㅋㅋㅋ 되어있어서 ㅋㅋㅋㅋㅋㅋㅋㅋㅋㅋㅋㅋㅋㅋㅋㅋㅋ아 개웃기네 ㅋㅋㅋㅋㅋㅋㅋㅋㅋㅋㅋㅋㅋㅋㅋㅋㅋㅋㅋㅋㅋㅋㅋㅋㅋㅋㅋ|10:28 자꾸 ㅋㅋㅋ 가만히 있는데 가만히 있아보랰ㅋㅋㅋㅋㅋㅋㅋㅋㅋㅋㅋㅋㅋㅋㅋㅋㅋ|정말 말씀 재미나게 하시고 맥락 정말 시원시원하게 알려주셔서 감사요~크팡그~ㅋㅋㅋ|헉 오빠 오랜만이에여ㅋㅋㅋ구독중이어서 맨날뉴스 듣고있지만ㅎ|런던오빠님 신사임당채널에서 너무 오랜만이네요
더 멋져지셨어요~~ 이 채널에서 자주뵙길 기대합니다.|너무 재밌게 봤어요. ㅋ
쿠팡그~ 계속 생각날듯요.🤣🤣|아 제일좋아여 ㅋㅋㅋㅋㅋㅋㅋㅋㅋ|무슨 개그 같아요
웃느라고  정신없었어요 ㅋㅋ|어머 런던오빠 기다렸자너 ♥|쿠팡그ㅋㅋㅋㅋㅋㅋㅋㅋㅋㅋ|큐팡그ㅋㅋ|이 조합.너어므흐조아항|쿠팡긐ㅋㅋㅋㅋㅋㅋㅋㅋㅋㅋㅋ|ㅋㅋ두분 편하게 방송하시는 모습이 진짜 보기 좋네요|ㅋㅋㅋㅋㅋㅋ진짜 ㅋㅋㅋ 신사임당님은 재롱이 많으신거같은데|런던오빠 너무 반가워요 왜이리 마르셨어요?|두분 한화면에서 오랫만에 뵙네요^^"
"고등학교 졸업, 월 4천만원 파는 방법 (최성우)","고등학교 졸업, 월 4천만원 파는 방법 (최성우)",2021. 2. 18.,http://www.youtube.com/watch?v=55osn87i7TQ,"조회수 108,052회","좋아요 2,158개",싫어요 40개,"저정도 매출이면 전업할텐데 오히려 그걸 장점으로 내세워서 취업을 했다는점이 대단하다고 생각합니다
나이가 어릴수록 돈쪽으로 마음이 기울법한테...
어린친구가 멋있네|즤아들도 이렇게 크면좋겠네요 계획과 실행 목표 절제 부럽 부모님이 야무지게 잘키웠네요ㅠㅠ공부잘해 대학가서 대기업다니는것보다 실패해봐도 자기가 생각한 사업해보면좋겠어요|신사임당 키즈? 많아질듯~~~
한획을 그으시네요 대단하세요
신사임당님도~신사임당님 보고 꿈을 키우는
키즈?님들도 대단합니다|정말 정말 영특하다!! 완전 스마트하네요~ 센스도 있고 머리도 잘 돌고 심지어 성실함도 보이구요~|이정도면 마케팅 석사정도는 드려야할듯...|피부 진짜 좋으시다 ㄷㄷㄷ|광고를 다시 생각하게 하는 영상이네요. 진심으로 감사합니다.|와 그 나이이고 저렇게 마케팅을 있다는게  믿겨 지지가 않아요 ❤️🙌🙌훌륭하세요|실행력이 미치셨다...!
한 번 더 배우고 갑니다 !!|귀엽다..나 아는동생닮아서 정감가요 회사생활도 화이팅하세요~^^ 어떤경험이든 살아가는데 도움이 된답니당|ㄹㅇ 정말 똑똑하다 라는 말 밖에 안나옴,,,|수시로 정면 카메라 의식 ㅋㅋ|개똑독하네|뭘 파는지 궁금해서...ㅠㅠ
어떻게 찾아갑니까??|잊을만 하면 스스 게스트 모셔주는 신사임당님 👍🏻|끈기가 좋으시네요!! 좋은 정보도 팍팍 퍼주시고..|엄청난 인사이트를 가진 청년이네요. 저도 네이버에서 셀러를 하고있는데 진짜 이분 말 다 맞습니다.. 대단하시네요. 리스펙합니다.|와 진짜 너무 대단하십니다... 이런 정보들을 스스로 캐내고 응용하셨다는 게 거의 천재적이라고 볼 수 있는 거 같아요. 저같은 사람들은 강의나 책 한번 읽고 그대로 따라하는 수준에서 멈추는데...|영상보고 많이 배웠어요
나중에 다른 강의도 해주셨음 좋겠어요
실전노하우 많아서 좋네요ㅎ|멋지시네요 나이에 비해 굉장히 차분하고 침착하게 말씀도 잘하시고 좋은정보 공유해주셔서 감사해요 앞으로 얼마나 더 발전하실지 기대되네요^^|오늘도 영상 잘 보고 갑니다 :)  또 놀러 올게요~|술술 얘기하시는 게 강의수준이네요.
귀티나는 영상입니다.|페북을 안해서 시스템을 몰랐는데, 오늘 완전 큰 인사이트 얻고 가네요~! 감사합니다^^|정말 대단한 친구네요!|좀 잘생긴 사람 나오니까 외모평가 오지네ㅉㅉ무식해보여요|옷도비슷 얼굴도 비슷 ,. 형제 같다, ㅎ|와.. 아이디어가 남다르세요
광고클릭 -> 웹사이트가 아니라
광고-> 검색유도라니
좋은 아이디어 얻어갑니다..!!|존잘 존똑|정말 멋지네요. 스스로 우뚝 선 느낌이 들어 부럽네요. 전 저나이때 외모만 생각했는데.. 여기서 외모 얘기 하는 분들 저 분 보다 한참 아래입니다. 유아적 수준에 머물러있음.|전역 후 스마트스토어를 시작하기 위해 준비하고자 합니다! 영상을 보면서 공부하지 못해 이해하지 못하거나 모르는 단어가 많아서 그런데 공부 할 수 있는 관련된 책이나 영상 추천 받고 싶습니다!|실전에서 도움이 되는 영상 올려주셔서 감사합니다^^|차기 워렌버핏이 되세요~ 👍|지금 바로 진행중이란게 신기하네요! 생각이 달라야 먹고사네요|👍멋찐청년~든든합니다🤩|많이 알려주시네 저는 3년전부터 썼던 방법|와.. 멋있어요.|큰공예 연락처 쫌 알려주세요~|상품을 정하고 그 상품을 직접 공장을 찾아서 만들어서 파셨다는 말씀인가요
그렇다면 제조공정  재료들 케이스 등등 많은 과정들은 어떻게 진행하셨나요??
애들 데리고 살아야 해서 용기를 내어 여쭙니다|와 멋있어요 리스펙|저렇게 똑똑한 사람이 대학을 못 간다는 거 자체가 교육 & 대학 제도의 헛점을 제대로 보여주네요. 너무 멋집니다, 초심 잃지 마셔요! 30대인데 많이 배우고 갑니다. 감사해요 두 분 모두🙏|지금은 어떤 직장에서 근무하시는지 알고 싶어요~|와 똑똑하네요 멋집니다!|잘봤습니다|와 진짜 똑똑하네..|천재네요~^^  부럽습니다.   스마트스토어  저에게는  넘사벽이네요|그 청년 참~~~~ 기특하네 
배워야겠다


만개만 팔면 절대 안 망한다...
품절풀어서 최신성 업데이트 .... 와-

저런 팁을 주시다뉘~ 👍🏻|솔직히 똑똑하다|꾸준함과 생각의 전환이 정말 중요한 것 같아요!! 
오늘도 도움되는 영상 감사합니다🙏🏻✨🔥|카운터를 잘 치는 복서같네요..
역시 세상에 영원한 방법은 없고 완전히 망한 방법도 없다..|좋은 인사이트 얻었습니다, 감사해요|정말 대단하시네요!!! 
아이디어도 좋고 끊임없이 좋은 방향으로 가는 방법을 연구 하시는 모습이 본받고 싶네요^^ ❤️❤️❤️|화장품 사업 관련해서 질문드리고 싶은데 연락은 어떻게 하나요 ㅠ|증말 증말 증말 많이 배워갑니다|왠만한 브랜딩 온라인 강의 뺨치는 가치있는 영상입니다. 이것저것 많이 공부하고 실행해 본 티가 나네요.|ㅋㅋㅋㅋㅋ본인 얼굴 체크 넘 자주하심..|대견하네요 영리해서 어디 내놔도 잘 살아갈 사람으로 보이네요
조그맣게 스토어 운영중이긴한데 배워갑니다^^
우리아들도 청년만큼 영리하면 좋을텐데 놀기만하니ㅠㅜ 
훌륭한 사업가가 되기 바랍니다^^|상품개발 4:39|혹시 저 밑에 나오는 광고 설정법 아시는분 계실까요??|정말 멋지십니다.|재밌는 정보네요! 감사합니다:)|얘기거리가 끊임없이 솟아나는 앞서가는 분이네요. 정말 재미있게 시청했어요.
두분의 편안한 대화 들으며 큰 인사이트 얻어갑니다.|오늘도 통수 맞은 기분으로 잘보고 갑니다. 항상 고맙습니다.|사입이나위탁보다 역시 자체제작으로 가야 스스를 키울수있는것인거죠?|머리가 어때서요. 예쁘신데 ^^|사업계 유아인|똘똘한친구네요. 많이 배우고갑니다|이야 상품개발과정 정말 도움이 많이 됐어요. 젊은 분이 정말 멋지시네요. 이야 이야 감탄하면서 봤습니다. 감사합니다~|와~ 유레카👍🏻|문의드려요, 페이스북 트랙픽광고는 유료는아는데요  ""게시물 참여형""은 무료 이닌가요?|멋지네요 응원합니다! 품절 설정은 생각지도 못한 꿀팁이네요|인별에서 유머글 보다가 갑자기 화장품 광고 나오면 화만 냈지 내가 할 생각을 못했네|어리고 잘생기고 똑똑해 우와- 약간 두 분 같이 계신거보니 신사임당님 주니어로 보여요 ㅎㅎ 부모님은 뿌듯하시겠다요:)|와....진짜 반성하게 됩니다. 고작 2~3시간 하고 왜 안 되지?
하다 말고서는 왜 안 팔리지? 라고만 생각하고 있었는데, 
갈아넣지도 않고서 바보 같이 있었네요. 
더불어 신사임당님이 회사를 다니시면서 사업하셨던 그 때
얼마나 힘드셨을지도 다시 한 번 생각하게 됩니다. 잘 봤습니다^^|sky 학벌 좋을수록 그동안의 노력과 능력 성공에 확률이 높은건 맞습니다.,  하지만 사회가 언더독의 승리를 응원하듯이 이런 스토리도 너무 좋네요. 기회가 있고 결과로 이어지길 물론 저두요..이번 영상 감사합니다|그래서 이분이 얘기하는 제품
링크는 알수없나요?ㅋ|우와 스마트스토어 상품등록일을 품절처리로 이용하여 바꿀수가 있군요! 수수료도 없이 빠른 정산을 해준다는 것도 좋은 정보네요~ 열심히 하는 과정에서 본인만이 깨우친 꿀팁이셨을텐데 공유해주셔서 감사합니다~|무엇보다 준비하신 브랜드 제품력이 정말 좋았겠다 싶었어요.
그러다 보니 계속 이어갈 수 있었던 것 같고요. ^^
게다가 현명한 마케팅 전략까지 ~ 잘 들었습니다. 
앞으로 페이스북을 키우는 것도 차후에 큰 도움이 되지 않을까 싶어요.|대박 좋은 내용!|되려 네이버트레픽을 역 이용했네요|나는 나이만 먹었네. 아름다운 청년일세"
올해 전세 더 오를까?  (아는선배),올해 전세 더 오를까?  (아는선배),실시간 스트리밍 시작일: 2021. 2. 18.,http://www.youtube.com/watch?v=55osn87i7TQ,"조회수 257,854회","좋아요 8,965개",싫어요 205개,"돈이 없으면 로또도 못 산다는 말... 진짜 현실 반영이네요|부익부 빈익빈을 더욱 가속화 시키는...|신사임당님은 여럿 먹여 살리신다 진짜 ... 절을 신사임당님 계신곳으로 해야겠다 너나위님께도 감사합니다 좋은사람 옆에 좋은사람|1:33:18 진짜 너나위님이 왜 이방송을 하시는지 그 진심이 느껴집니다.
많은 분들에게 분명히 큰 도움이 될 것이라 생각해요.
좋은 방송 감사드립니다.|너나위님과 신사임당님 덕분에  듣는것만으로도 부동산에 무지한 제가 
눈이 밝아지고 귀가 트이는 경험을 하네요~
이렇게 귀한 방송을 무료로 해주셔서
진심으로 고맙고 감사드립니다~
두분 모두 늘 건강하고 행복하셔요~^^|전반부 보다가 너무 화가나서 해당 기사 찾아들어갔더니 그사이 기사내용 수정됐네요. 기사내용보고 전세값 시세를 믿는분들은 없겠지만 저 정도로 기자 그만두셔야 하는거죠.  기자라고 버젓이 저걸 기사라고..|정치인 한번 불렀다가.. 난리 난리.... ㅋㅋㅋㅋㅋ 다시는 하지마요.|도대체 누가 누굴 위해서 만든법일까... ㅠㅠ 진짜 눈물이 나네요 ㅠㅠ|ㅈ됐다...빵 터졌어요~
신사임당님 건강 잘 관리하셔서 오래오래 유툽하세요~
솔직한 이야기 정말 쉬원합니다~^^|맞벌이 안하는 이상 답이 없습니다. 일은 하기 싫고 집은 사고싶은건 욕심이라 봅니다.|사연을 듣는데 꼭 한편의 인생 영화를 보는거 같아서 눈물이 나네요 ㅠㅠ|두분다 어쩜 맘이 그리 군고구마세요.
오늘은 듣다보니 저에게 위로와 희망을 주시는 것 같아 한반탕 울었어요.
울고나니 속은 후련 합니다.
어여 식사들 하세요.|돈없는 사람은 평생 못 살듯~~슬푸네요|계약갱신청구권을 다르게 해석하면 저 지역은 2년만에 3억이 올랐다는 거네...;;;ㅋ|아.. 근데.. 이 방송 보면서 왜 자꾸 울컥울컥 하는지.. ㅜㅜ|1회부터한번도안놓치고보는데 너나위님의 긍정적상담들과 임당님의 노련한진행과 플러스알파까지!오늘은너무감사히잘듣는다고 표현하고싶어 댓남깁니다!  응원많이 합니다그리고 건강하세요♡|정부 정책 그지같네 ㅋㅋㅋ 끝|요 며칠 날씨가 너무 추워서
따뜻해지려고 다시보기 계속 돌려보고있어요😍 매번 이렇게 좋은 연료로 모든 사연자분들을 위해 두분의 진심을 정해진 시간내에 따뜻하게 불태워주셔서 감사해요♡ fire!! 월부 정규강의 담엔 꼭!! 성공할꺼에유ㅠㅠ|25:18 솔직히 개소리에요... ㅋㅋㅋ 사이다...|와..전세가 뉴스 보는거 충격이네요...청구권 쓴 가격이라고 생각도 못 했어요|이게 바로 유튜브의 순기능이 아닐까요 ~♡
이렇게 좋은내용의 방송을 무료로 볼수 있다니 ㅎ
너나위님 따뜻한거야 두말하면 잔소리고 이 프로그램을 통해 신사임당의 새로운 모습을 발견하는것 같아 기쁩니다(^^;)|신사임당 ""노후준비 상담도 좀 해주세요""ㅋㅋㅋ(신나보입니다🤣)""말나온김에 다 해야해요""ㅋㅋㅋ(최곱니다👍)|아는선배님은 진심으로 어려운사람 자기마음로 도와줄려고 하는게 느껴지네요~이제 팬이 될렵니당~^^뭉클|대출받지않으면 입주의무도 없다던데, 진짜 돈있는사람은 더 돈벌기 좋은 구조는 맞는것같아요. 헛웃음만 나올뿐...|너나위님이 그간 얼마나 많은 임장을 하고 부동산에서 많은 경험을 해왔을지 암묵지들이 엿보입니다.. 탄탄한 실력에 따뜻한 마음이 합쳐지니.. 거기에 신사임당님의 영리함까지.. 이 컨텐츠가 10년 20년 오래도록 빛나면 좋겠습니다. 참으로 선업입니다. 자식들이 아버지를 참 자랑스러워 하겠습니다 ㅎ|진짜 너나위님 찐이십니다! 진심이 느껴져요.|다들 따뜻한 보금자리 마련 하세요 ! 파이팅|부동산 관련 뉴스기사 걸러야겠어요. 뉴스도 다시보자ㅜㅜ|정말 두분 있어서 그나마 마음의 위안이 됩니다.. 너무 감사드립니다..|영상 보다가 광명 소리 들리자마자 “안돼 팔지마!”가 마구 절로 나왔는데, 너나위님 상담 진정성있게 하셔서 영상 잘 보고 갑니다:)|이정도면 유튜브가 아니고 공중파로 가야합니디!! 👏👏👍👍|서민의 삶이 달려있는데 정책을 1차원적으로 생각해서 해버리넹 이생망|전 집 마련 해서 크게 관심 없지만 진심어린 영상을 만들어 주신 두 분께 감사 드립니다|이방송 정말 짱이다~ 두분다 신뢰 갑니다~|종종 신사임당님 깨알생활연기하는거 귀엽습니다ㅋㅋㅋ|오마이갓... 오늘 낮에 못 봐서 지금 보는 중인데 옥수동 전세가 기사는 정말... 소름이네요 와.... 진짜 이건 호러다 진짜...|두분은 공공재입니다. 무슨말이 더 필요할까요. 늘 감사합니다.
두분 복 받으실 겁니다. 
너무 좋은일 하고 계세요.^^|좋은 사람 옆에는 좋은 사람이 많군요 ㅎㅎ|오늘 방송 진짜 대박이네여 ~~ 갱신청구권 시세시장 완존 쇼킹 😱😱😱😱|부동산상담유트브 여기저기듣고있는데 여기신사임당이 제일믿음이가고와닿네요
분식집하시는 광명뉴타운상담은
정말명쾌하시네요|실질적으로 어떻게 대응해야할지 알려주셔서 감사합니다 ^^
오늘 방송도 넘 좋았습니다♡|아...들을수록 열받는건 저혼자인가요ㅠㅠ하..  돈이돈을버는판이네요|두분 진짜 너무좋아요~~^^
완전 빵빵터지네요~|부동산의 ㅂ 도 모르는데 쉽고 재밌게 설명해주셔서 너무 감사드립니다 (--)(__)(--)(__)|두분 헤어스타일이 점점 볼륨이 살면서 부티가 나기시작한다는...|돈 싸들고 가서 집 사는 사람만 사라는..ㅠ
탁상행정... 아니면 사다리 걷어차기..|두 분의 컨설팅은 참 감동~입니다|05:30 전월세금지법이란, 분양가 상한제가 적용되는 구역들은 21년2월19일 이후에 분양하는 단지는 일반청약 당첨자들이 전월세를 주면 안된다는 규정|이게..... 도대체..??? 무슨정책이지..??|너나위님 진심 최고입니다...|손흥민 닮았어요|첫번째 대구에사시는분  진심어린사연에 눈물이 핑도네요  그와중에 후원까지.꼭꼭 좋은일만 생겼음좋겠어요|광명 팔면 안돼!!!!!|진짜 광명 집 안파셨겠죠?? ㅠㅜ
공부안하면 정말 큰일나네요 😭😭

좋은 방송 항상 감사합니다👍👍❤️|정말 감동이에요. 코끝이 찡해지네요.|돈없는 서민들을 위해ᆢ 집을 지어라~~|방송 듣는 내내 감동이었습니다. 특히 광명에 대한 20년 사연과 진심어린 두 분의 답변에 마음이 뭉클했어요. 요즘, 젊은 분들의 유튜브 방송을 통해 참 많이 배웁니다. 고맙습니다~~^^|두분 너무 감사하고 따뜻한 두분의 마음 덕분에 이렇게 추운 겨울이 따뜻하게 느껴집니다 항상 응원 합니다. 너나위님 신사임당님 복 많이 받으실거에요 ❤️|오늘 방송도 너무 재밌게 시청 잘 했습니당 ✨💙 두분 일주일동안 건강하시고 담주에 또 볼게요!!😵ㅋㅋㅋ|10만 짝짝짝|ㅋㅋㅋㅋ 아..신사임당님 너무 웃겨요~
안철수  아....이제 안올립니다 ㅋㅋㅋ
나도 18억이 있었음 좋겠다..부럽다 ㅋㅋㅋ너무 웃었네요^^|두분 너무 귀엽고 사랑스러워요.|이번주도감사합니다 두분♡^^♡|30분후쯤부터 나오는 두번째 기사에 대한 팩트체크 방법~정말 인상적이에요. 너나위님^^ 잘 참고하겠습니다.|저 방송 몇번씩 보고 있어요~~
볼때마다 새롭게 보이는게 있어서 볼때마다 재밌어요^^|대구사연님ㅎ 우리집두 유치원, 13개월 아이있는데에도 맞벌이 한답니다~ 할수있어요 화이팅!|마지막 사연자분 제발 안파셨으면 좋겠네요 ㅠㅠ 그리고 너나위님의 진심이 느껴졌어요 💕|신사임당님 너나위님 좋은 방송 만들어 주셔서 감사합니다^^|등록금 비싸다고 하소연하는 학생들에게 ""스테이크 살 돈이 없으면 안 먹으면 된다"" 하던 대학총장 말이 다시 상기되면서 속이 땁땁~합니다...|서민들은 강남 관심없다|전세 관련 기사는 그냥 대놓고 사기이네요. 어떤 저런 기사를 낼수 있는지....|눈물나요...사연 소개.현실공감.
두 분 항상 고맙습니다
목소리도 참 듣기 좋아요|매력 둥이들,,,❤️ 나도 18억 ㅋㅋㅋㅋㅋ 38억~~~~~|슬픈 말인데 '쌩돈' 전 왜 이렇게 웃기죠. 이상한...부동산 정책이네요.|너무 고맙습니다 두분 ~ 사랑합니다❤️|저도 복습하게 되요..^^
정치인편은 보다 껐네요|너무나 소중한 방송과 상담내용 도움이 많이 되네요~ 감사합니다~~|다시듣기!|방송내내 마음이 먹먹합니다.
제일같이 마음이 
저도 무주택자지만 좋을 날 있을겁니다.
나름 소득만 믿고 부동산에 문외한이엿는데  이제부터 공부해서 호구 안될겁니다|신사임당님 너무 귀여워요! 안되요.... ㅋㅋㅋㅋㅋㅋㅋ"
주식 부자 될 사람은 '눈높이'부터 다르다 (슈퍼개미 이정윤 1부),주식 부자 될 사람은 '눈높이'부터 다르다 (슈퍼개미 이정윤 1부),2021. 2. 7.,http://www.youtube.com/watch?v=55osn87i7TQ,"조회수 182,299회","좋아요 4,157개",싫어요 105개,"안녕하세요. 이정윤입니다. 신사임당님 채널에 다시 출연하였네요. 신사임당 구독자 여러분들께서 성공투자하시길 바랍니다:)|500만원이면 공격적으로 해도 되지. 
30% 충분히 가능하지.
왜냐면 사람은 500만원 더 있고 없다고 인생 뭐 어떻게 안되거든.
문제는 시드가 늘어날 수록 변동성을 견딜 멘탈이 안되니깐 분산투자 하라는거다.
공부 하루에 5시간씩 10시간씩 공부한다고 투자 지식은 늘지 몰라도 내돈내산하는 투자에서 멘탈은 

그렇게 쉽게 길러지는게 아니다.
그리고 이론과 실전은 겁나 괴리율 쩐다ㅋㅋ 해보면 안다 무슨소린지 ㅋㅋ
물론 공부는 겁나 해야한다. 근데 실전투자하면서 제일 많이 배운다. 
그리고 소액일때 깨져봐야 한다.
리스크 관리가 제일 어렵고도 꼭 배워야 하기 때문에 ㅈ밥일때 깨지면서 배워야 자만하지 않고 운용자금이 커졌을때도 멘탈과 잔고를 지킬 수 있다.|한 평생 지수를 이기는 투자자는 전세계에서 손을 꼽을 정도로 적다.
자만하지 말고 꾸준히 이기는 투자를 해야한다.
무슨 말인지 아는 사람은 알 것|투자는 공부를 하면 분명히 보입니다.
이건 맞습니다.
여기에 혜안과 상상력이 추가 된다면 분명히 더 확실하게 보입니다.|포인트는  승률 7-80프로가 아니라 매일 하루 공부시간이 5-7시간이다.|랄프 웬저의 '작지만 강한 기업에 투자하라'에서 이야기 하는 내용과 정확히 일치하네요! 다들 한번 읽어보시길 추천드립니다! 좋은책이에요!|주식 상승을 소망하는 세무사님의
빨간색 드레스코드에
감탄합니다~👍👍👍|근데 세무사의 말을 오해하면 안되는게 공부하고 리스크 감수하고 들어가야지 아무것도 공부안하고 냅다 수익률 좇으면 대가리 터집니다|제가 좋아하는 두분이!!
나는 10년안에 100억 부자될거야!🎶
이정윤 세무사님 방송 너무 재밌어요 주식을 정말 이해하기 쉽게 설명해주심|젊을수록 더 도전하라.
공부하라. 와닿네요..ㅎㅎ
감사합니다...ㅎㅎ|나는 10년안에 100억 부자 될거야~~~~ 이세무사님 화이팅!!!|이세무사님 도움이 되는 말씀 감사합니다!! 자만하지 말고 꾸준하게 공부하라는 말씀 새겨듣겠습니다 ㅎㅎ|신사임당님 컨디션이 안좋아보이네요ㅠ 무리하지마세요 건강잘챙기세요!!!!|하루 5시간 주식공부 -> 상위 1% 가능.
왜냐 아무도 그렇게 하지 않으니까.
주식 전문가들의 책은 많이 읽을수록 좋다.
 
열심히 노력해서 알파를 창출하는 사람이 되겠습니다.
시장 평균수익률에 만족하지 않겠습니다. 호호.|8:50  완전 제 이야기... 반성합니다 ㅠㅠ|주식 여러 전문가 많이나오는데 이세무사님보다 주린이 잘이끌어주는 분은 없는 것 같습니다
복 많이받으시고 항상 감사합니다|하루에 5시간씩 공부해서 노력이 재능이 되는 날 너무 행복할꺼 같아요! 진짜 노력 많이 해야겠어요! 공부 방법 알려주신 이세무사님 감사합니다~ 신사임당님도 감사해요!|우와 내가 구독하던 분이 여기 나오니
신기하당~ㅎㅎ
괜히 반갑다는.|여윽시 믿고 봅니다
귀에 쏙쏙 들어오네 ㅋㅋ|신사임당님 영상 자주 보지만 댓글은 첨 다는데 신사임당님 안색이 많이 안좋아 보여 걱정입니다. 건강 잘 챙기셨으면 합니다.|이제 주식 시작하는데 도움되는 영상 올려주셔서 감사합니다!|무슨 공부를 해야해요?|좋은 영상 감사합니다.|영상 감사합니다 ~|이정윤님 참 진솔하시네요 
내용들이 두리뭉실하지 않구 
쫄깃하네요 
분산투자가 모두 옳치는 않아요|주린이로써 이세무사님~
말씀 감사합니다.|내가 제일 좋아하는 두 분의 만남!^^ 선 좋아요! 선 댓글 후 시청 ㅋㅋ|감사합니다~~ 꾸벅|이세무사님 신사임당 만나러 오셨네요 반갑습니다 ~|씨아이에스|신사임당님 팬입니다. 건강을 먼저 챙기셨으면해요. 힘들어보이세요.|이 영상도 잘보고 갑니다. 저도 세무사 준비해볼까 생각중이에요~ ㅎ|2차전지 3대장 lg화학,sk이노베이션,삼성sdi|넘 잘듣고갑니다~~^^|공부의 자극이 되네요. 전혀 몰라서요. 감사합니다^^|17분이라는 시간이 정말 아깝지 않았습니다. 특히 수익률에 관한 의견이 참 와닿았습니다.
뭔가를 얻기 위해 손에 있는것을 놓아야 하는것처럼, 리스크 또한 하나의 도구로서 관리운용한다는 것이 중요한 것 같다는 생각이 듭니다.|와 비유가 정말 적절하다..
100미터 달리기 선수.......|오늘 잘볼게요😄 감사합니다|와♡뭐라해도 1빠는 기쁨♡|그래서 CCIV에 몰빵...마 그냥 모 아니면 도! ㅠㅠㅠㅠ 합병 했으면 좋겠네요 ㅠㅠ 저는 미국장이라 빨간옷 싫고 파란 옷이 좋네요.|마켓 아웃퍼폼은 어려워요.
인덱스 위주로 하시는 게 좋습니다.
세무사님 말에 신뢰가 가네요.
책팔이 보다 진솔한 내용 같아요.
다들 성투하세요^^|와 이정윤 세무사님이 여기 나오시네요!!!
요즘 대세가 확실히 주식인가보네요
부쩍 신사임당님 채널에 주식 콘텐츠가 많아졌네욜|감사합니다|화이팅|감사합니다^^|매년 주식투자 수익율은 플러스 수익이지만, 지수 상승율을 꾸준히 능가하지 못하기에 지금은 전문가에게 맡기는 적극적 ETF나 펀드 투자 비중이 높네요.|난 4년안에 지금 투자금을 22.2배로 불릴것이다.|이세무사님은 주식천재 ㅎㅎ 항상 많이 배웁니다~!|오 이정윤 세무사님 실물 처음 보네요! 부자의공식 잘 읽고 있습니다!|성공한 투자자로써 최고의 현실적인 조언이다. 감사합니다^^|힌트 많이 얻고갑니다~재미있고 유익한 인터뷰 감사해요^^♡|대표님~~~
여기에서 뵙다니ㅋㅋ
반갑습니당^^|오늘 내용 주옥같네요|이정윤세무사님~~ 멋지십니다😃|증권사 리포트는 어디서 볼 수 있나요, 홈페이지?|구구절절 공감가는 말씀만 하시네요 잘 보고 갑니다|나는 5년 안에 50억, 10년 안에 100억 부자가 된다.|공부하고 투자해야줘~
이세무사님 말씀 공감합니다~
저는 50프로는 안되도 그보다 안전하게 투자하는스탈이에요
공부는 꾸준히해요|세무사님께서 저와 같은 생각을 하시네요. 
공부를 하지않으면 사지않는게 맞습니다. 공부를 하다보면 느끼는게 시야도  넓어지고 본인이 끌리는 분야가 분명히 있을겁니다. 또한 조정이 오더라도 공부로 통해 확신이 있어 마음에 안정도 되구요|공부해라~☆|대표님 여기서 뵙네요.
반갑습니다.
소중한 강의 잘들었습니다
감사합니다|후후|백조대장님 방가워요~|좋은 정보 감사합니다
토ㆍ일 두시간씩  네시간 이라도 꾸준히 공부하라는 말씀 공감하고 갑니다  ᆢ

두분 영상 감사합니다 ~^^|세무사님 찐팬인데 여기서도 뵙게되니 반갑네요ㅎ 신사임당님의 예리한 질문들과 세무사님의 자세한 답변들 너무 좋게 잘봤습니다^^|증권사 리포트는 어디에서 볼수있나요?|공부하지않아도 주식할 수 있어요.
그래도 수익율 낼 수 있어요. 일단 진입해서 해보면 공부가 됩니다|이세무사님~~  👍👍👍최고|20년이상 경력은 무시 못하는것 같습니다 매번 감사합니다.|참고하겠습니다|리스크없는 투자는없는듯..리스크를감수할수있을때 .투자를 하는것이 맞는듯|이세무사님 영상 찾아가서 구독했어요. ^^|주식|공부중에서도 가장 중요한 공부는  멘탈공부입니다.|역시 공부만이 살길이네요|좋은 영상 감사합니다|하긴 초보인 저도 1000만원으로 150프로 수익냈네요 아까워서 못빼고있지먼|저 공부 시간에 다른 분야를 공부하면 거기서 더 이윤 창조를 낼 수 있을즛...|20대에 시작했던 주식...
60살까지 1조가 목표이고..
반박할 수 없게 거의 매일 주식 실전 매매 일지 기록중
(지금처럼 주가지수 날아 오를것도 작년 3월에 전부 기록~)|이세무사님  감사합니다."
'이런 주식'을 반드시 사야 합니다  (주식고수 김종봉 3부),'이런 주식'을 반드시 사야 합니다  (주식고수 김종봉 3부),2021. 2. 6.,http://www.youtube.com/watch?v=55osn87i7TQ,"조회수 425,794회","좋아요 11,954개",싫어요 173개,"촬영 당시 신사임당님이
힘드신 컨디션으로(병원까지 가신)
방송을 이끌어 나가시는 모습과
좋은 인사이트를 위해
많은 대화를 해주신 점 너무 감사했습니다.

이 영상을 보시는 분들 모두가
자신만의 시나리오를 구축하시길
진심으로 기원합니다.|신사임당님 저분에게 투자 잘배워서 더 부자 되셨으면 좋겠어요|신사임당님 인터뷰 장점은 다른 인터뷰 하시는 분들하고 달리 어리석거나 쓸데없는 오버를 안한다는게 엄청 듣기에 편합니다.|1.시장보다 강한 종목을 찾아라! 왜? 그래야 대장주에 올라탈 수 있다.
2.3개월마다 리밸런싱하라! 왜? 시장의 변화에 대응할 수 있다.
3.개미가 가치투자가 어려운 이유는? 분할 매수 할 자금이 없어서 폭락시 매수가를 낮출 수 없다.
4.자신의 성향을 파악하라! 
5.투자하려면 사업을 해봐라! 왜? 자기주도적 사람이 될 수 있다. 돈이 되지 않는 구간을 유용히 이겨 낼 수 있다.
*맞춤법 수정 환영합니다😁😁😁|자동차할부 60개월 분할매수 ㅋㅋㅋㅋㅋㅋㅋㅋㅋㅋㅋㅋㅋㅋㅋㅋㅋ|돈이 되지 않는 기회비용을 견뎌야 한다.|대장주를 찾자
센 녀석을 찾자
주도주 찾기 감사합니다.
열공할께요.^^|김종봉 대표님!! 너무 인간적이라 정감이갑니다 늘 말씀 잘 새겨듣고있습니다
도움많이되어 항상 감사드립니다|월 말고 주나 일별로도 가능한거죠? 액수를 쪼개서?|루틴에 대한 말씀이 저에게 인상깊게 남았습니다. 성과가 보이지 않는 구간도 버티게 해주는 루틴. 잊지 말고 지속해 나가야겠다 싶습니다. 감사합니다^^|지금 지수 대장주는 효성티앤씨 시총2조 올해 영업이익 6000억 아직도 너무 싸서 계속 가는중|심사임당님 채널 많이 받는데   오늘 영상 너무 유익하네요. 주식에 대해 혀를 찌르는  조언 감사합니다~^^건강하세요^^|넘 소중한 지식..
본인은 힘들게 얻었을텐데,
감사히 잘 들었습니다~|추천 쎄게 박고 갑니다|너무 공감되는 영상~감사드립니다.^^|아하~!|지금 저에게 꼭 필요한 정보네요
공부해야하겠습니다^^|넘 알찬 말씀 놓치지 않으려고 세번씩 보며
귀담아 듣습니다
감사합니다|좋은 영상 잘보고 있습니다 감사합니다|이 분 말씀 너무 좋아요!! 👍❤️|주식에 기법이 있다고 돈받고 교육.
주식이 세상에서 젤 어렵고 창업이 1000배는 쉽다는
분...|종봉이형님~~~~|와/~~감사요|돈 공부는 나에서부터 시작, 내가 뭘 잘하는지 ~ 성공 루틴을 잘 활용하자. ^^
주식 지수를 눈여겨보고 연구하라는 팁도 좋아요. 😀|저도 댓글 정말 잘 안 쓰는데 좋은 말 감사합니다!^^|3개월 6개월단위로 움직이는 법칙|수많은 유투브를 봤지만,오늘 방송이  최고였어요~*|""맞아요"" 중독 될 것 같아요. 되게 기분 좋아지는 말 ❤|구독 강려크하게 처박고 갑니다|김종봉 대표님 고정출연 부탁드려요!
주식 뿐만 아니라 인생을 살아가는 마음가짐에 대해서도 배울 점이 정말 많네요. 말씀도 조곤조곤 잘하셔서 이해가 아주 잘됩니다 감사드려요 ^^|감사합니다.|김종봉님 덕분에 잃어버릴뻔한 주린이 현금 지킬 수 있었어요
감사해요 ~ ♡|이분 여기 나올줄 알아따ㅜㅜ|이 분 나온 다른 채널도 봤었는데 신사임당님 채널에서 제일 와닿는 얘기를 많이 들은 것 같아요.|전  적금  안들고 ㅋㅋ 예금만 들고  나머진 주식에 투자합니다, 적금이자5프로가  예금 환산  하면 5x0.55=2.75프로예요|대장주 찾기라. 
감사합니다 ^^|너무 감사해요! 힘이 됩니다!|와.. 주식 뿐 아니라 인생에 대해서 알려주시는 것 같아요! 정말 정말 잘 봤습니다👍🏻👍🏻 신사임당님 건강 잘 챙기시길 바래요~|진짜 좋은 영상입니다 많은 도움이 되었어요|김종봉 이분
자주 초대해 주세요
핸드폰으로 편하게 앉아서
공부 할 수 있게  되어 감사합니다|어제꺼가 2부고 오늘꺼는 3부던데 1부는 나중에 올라오나요??|예전부터 매번 느끼지만
신사임당님은 뭐 거의 아시는 부분을
구독자를 위해 
알아야 될 부분을 딱 캐치해서
몰라서 질문하는 느낌으로 하시고
새로운 사실을 깨닫는 듯한 리액션이 
너무 좋네요 
이번 컨텐츠도 잘 봤습니다~|신사임당님이 잘 이끌어내는거같아요 ... 같은 분을 모셔도 내용이 더 좋아요|뒷배경이 뽀샤시해서 그런지 이뻐보이는🤣
좋은 말씀 감사합니다!|아 좋은 컨텐츠네요. 말씀도 참 조리있게 하시고요. 루틴에 강한 사람이 성공하는 이유. 성공할 수 있는 루틴 제공 되면 그것을 지속적으로 반복하는 실행력이 있기 때문이라는 말. 참 머리를 탁 치고 가게 합니다. 루틴은 머리가 아닌 몸으로 쌓는 것. 그래서 내가 발전할 좋은 요소 생길 때 루틴화하여서 성장한다. 그리고 이 말도 인상적이에요. 주위를 돌아봐도 그렇습니다. “똑똑할 수록 실행력이 떨어진다.” 머리 속으로만 디밸롭하기 때문에 생각만 하는 오류가 있다는 것을요. 그래서 생각을 하되 생각보다는 행동으로 옮기는 사람이 오히려 성공한다는 말 공감합니다. :)|이렇게 나눠주셔서 감사합니다. 이 영상을 볼 수 있어 행운이라는 생각이 듭니다.|늘 행복한 하루를 만들어 주는 신사임당님, 오늘도 좋은 말씀 해 주신 대표님 두 분 모두 감사합니다!  건강하세요~!|대표님 투자방법으로 열심히 공부중이고 유니셈 샀는데 수익났어요! 자만하지않고 좀 더 공부할게여!! 감사해요~~~|영상을 보고 너무나 큰 도움이 되어서 좋아요랑 구독을 저절로 누르게 됩니다.|많이 배워갑니다~|신사임당님 60개월에 빵 터졌어요~~ 웰케 웃겨요 ㅋㅋㅋㅋ|맞아요~맞아요~|지수를 이기는 종목을 찾아서 투자를 하는 것도 김대표한테 맞는거지 
모든 개미투기꾼들에게 다 맞는 것은 아니다..
왜냐면 지수가 빠질때 그동안 많이 빠져 있던 종목들은 지수와 관계없이 오르기 때문에..
그리고 이 나라의 시장은 장기는 커녕 중기로 들고가도 승산이 없는 경우가 많으므로 분명 자신만의 매매법이
확고해야만 한다..시장의 고수 그 누구의 설명을 듣고 영상을 봐도 자신의 것이 되기까지는 최소 3~5년이 걸린다는 걸 잊으면 안된다..
오히려 껍닥만 이해하고 시장을 이기려 하면 훅을 존나게 맞고 퇴출된다..
모소 대나무의 자세로 5년 정도를 투자하면  후엔 내가 먹고 싶은 것..가지고 싶은 작은 것은 가질수 있다...
흉내내려 해도 안되니 그냥 열심히들 하는게 최고의 방법이다...|진심 알멩이만알려주시는듯 👍|지수가 하락할 때 버티고 상승하는 종목 찾으라고 해서.... 갑자기 뜬금포 쏘는 DOG잡주를 대장주라고 생각해서 들어가는 분은 없겠죠^.^|젊으신데도 배울점이 정말 많네요|인생배웁니다..|차살때 ㅎㅎㅎ|이분은 찐이다~ 투자 로부터 자기개발 근원까지....!|후후|영상 다 보고 책사러 갑니다.감사합니다|와 근데 이건 다른 유튜브에서 못들은 굴팁인데요..?  와..|돈의 시나리오 책보다 영상에서 더 구체적으로 알려주시네요~~ ^^ 감사합니다. 김종봉대표님!|감사합니다 감사합니다 감사합니다|헉 진짜 똑똑하시네요~~ 정말 배울점이 많아요~~|16:43 사실은 똑똑해서 석박사 진학을 안 했을지도...|하  어렵네ㅠㅠ|이건 좀.. 진짜 다 퍼주시네..ㅠㅠ
수업료 4000넘게 내면서 배운건데 ... 이 분 진짜 착하신 분이네요.|두분 케미가 진짜 좋네여 ㅎㅎ|이건 꼭 들어야|오늘 천기누설이네요|감사합니다.^^|감사합니다~~^^|4부는 안하나여 정말 좋았슺니다!|아 네 맞아요|설명을진짜잘하시네|15:33 트름|생각보다 중요한게 실행력이다.
정말 뼈때리는 말이네요~
감사합니다.|인버스사면 되는건가요? 지수 떨어질때마다 오르던데... 농담입니다.... 하..|참 저는 여지껏 대장주가 아닌 종목으로 세월아 내월아 했던것같아요. 
진심 감사드립니다"
2천만원 → 40억원 만든 2가지 투자원칙 (주식고수 김종봉 2부),2천만원 → 40억원 만든 2가지 투자원칙 (주식고수 김종봉 2부),2021. 2. 5.,http://www.youtube.com/watch?v=55osn87i7TQ,"조회수 446,442회","좋아요 8,427개",싫어요 229개,"많은 분들의 응원이 감사합니다만
저의 방송이 투자의 진리는 아니니
스스로 꾸준히 성장하시면서
스스로의 시나리오를 작성하길 바라는 마음에
이렇게 여러 방송에 나오게 되었습니다 ^^

영상을 보신 모든분들이
자신의 시나리오를 가지는 투자자가 되시길 기원합니다.

P.S
전일 신사임당님의 몸 컨디션이 정말 ㅠㅠ
안좋았던 것으로(병원까지) 알고 있습니다.

일정을 미루셔도 되셨지만
약속을 지켜주셨던, 
그리고 좋은 인사이트를 위해
많은 대화를 해주신점 감사드립니다.|기회잡은 사람들의 공통의견 : 일단 돈을  모아라 그다음에 상황에 맞게 투자배율을 조정해라 돈없으면 투자도 못한다|인플레가 두려워 준비되지 않은 투자를 하느니 현금을 비축해둬라 정말 맞는 말씀입니다 적어도 투자를 하려면 공부하고 노력을 하고 들어가야쥬|1.단기간에 큰 부를 이를 수는 없다. 
2.시기가 좋아야 돈 벌 확율이 크다 
3.손절을 반드시해야 한다-> 포트폴리오의 변경
4.철저한 준비가 없다면 섯불리 투자하지 말고 돈을 벌면서 기다려라.|현금 갖고있는게 돈 잃는거다.  진짜 이 말이 유행이 되어버렸지. 박스피, 하락장 무서운지 모르고 부추기거나 뛰어들지 말기를|성공한 사람들을 보면 대부분 주식투자 이든, 부동산투자 이든
명확한 투자기준, 위험시에 자기심리조절에 철저한 분들이 많은 것 같습니다.|10년 잘허구 11년째 말아먹는게 주식이래.. 항상 겸손하자..|수익률이 높다고 자랑하지말자. 익절하지않는 이상 내 돈이 아닌 그냥 ""숫자""일 뿐이다.|남들과 다르게 생각해야 돈을 번다. 그래 이거야라고 했던 제가 어느새 벼락거지라는 말에 남들과 같이 생각하고 행동하고 있었다는 사실에 흠칫했습니다. 감사합니다.|그동안 수많은 어느 누구 보다도 전 이분의 말씀에서 엄청나게 많은걸 깨달았습니다. 정말 고맙습니다.|김종봉님~팬입니다
넘 좋은 마인드를 지니신 분이라고 생각합니다~책도 구매했어여~유투브에  많이 나오시고 행복한 부자되시길 응원할께요|댓글에 가치투자의 대가들이 참 많네ㅋㅋ 계좌 좀 까봐라|5:56 '내 월급'이란 말이 바로 생각나네|상처가 있으면 조심하는 법이다 상처가 아물면 다시 그릇을 키우고 덤벼라|이 영상의 핵심,""늘~~~자기를 통제해야돼요.""
첫 멘트에 답이 있네요.좋은 말씀 감사합니다|소위 전문가라고 불리는 사람들 중 이렇게 솔직하게 말씀하시는 분은 처음 봤습니다. 젊은 분이 대단하네요. 진솔한 말씀 정말 감사합니다. 정말 귀기울여 들어야 할 보석 같은 말씀입니다.|9:28  신사임당님도 맞아요에 걸려들었네요. 악센트에서 진정성을 느낌니다. 귀에 쏙쏙.. 마음속에 팍팍 꽂히네요. 
저도 마자요 마자요 하며 듣고 있습니다..|뭐든 자신이 핸들링 할 수 있는 만큼만🙂👍|이분은 진짜 경험서 우러러 나옴이 느껴짐. 감사합니다|마자여~마자여~ㅋㅋ계속 생각날꺼같아여 ㅎ|욕심을 버리고 공부하며 때를 기다리면 기회가 오겠죠 그걸 알아볼수 있는 눈을 👀키워야겠네요|이분 말씀은 도움이 많이 됩니다.|영상을 보다보면 제가 사임당님이 된 것처럼 이야기에 빠져드네요ㅎㅎㅎ|김종봉 이분 말에 무게가 있네요   고생많이하셨겠음.. 돈벌자격있네여:)|이분은 좀 진정성이 느껴집니다.|와...👍👍통찰력 어마어마 하신 분...김종봉 대표님 정말 너무 감사합니다💕 신사임당님 건강하세요!|돈의시나리오를 읽고나서 진짜 대단한분인걸 느낌...|원래 주식으로 돈벌었다는 사람들은 본인들이 벌고나서 얼마벌었다만 말하죠 ㅋㅋㅋㅋ 그러고 며칠 뒤 번 거 다잃어도 입 싹 닫고 있음 주변에서 그사람은 주식으로 돈 번사람으로 인식되어 있으니 주변에 돈번사람 많아보이는거 ㅋㅋㅋㅋ|1부에 이어 좋은 강의였습니다. 대표님 많이 배웁니다.!감사합니다.|맞아 지금 20~30%수익이 중요한게아니지 상방은 낮고 하방이 깊으니까 위기때 300%먹으면 다 회수하는 건데 농사도 남들 다 짓는거 작물하면 망해 남들 망했을때 안한다는 작물 할때 버는거지 대표님 고맙습니다.|0:00 늘 자기를 통제해야 한다|“마!~자!요!~”  ㅎㅎㅎㅎ신사임당님도 옮으셨어요 , 두번째 보고있는 저도 옮았네요 마!자요~! 정말 무릅치고갑니다|와... 넘 좋은 말씀 감사해요. 상대적 박탈감에 괴로웠는데 다음 기회를 노릴 수 있게 마음가짐을 준비하는 자세로 바꿔야겠네요|이분은 지금 장을 꼭대기라고 생각하시는 거 같은데....과연 그말이 맞을지 궁금하네요|준비된 자만이 황금 열매를 딸 수 있는 거고, 기회는 다시 또 온다는 것.
가감 없이 솔직한 주식 비롯 돈 버는 이야기 재밌게 시청했어요 ㅎㅎ
신사임당님 김종봉 투자자님 이번 편도 감사합니다! ⭐|엄청난 내공과 자신감이 느껴지십니다. 개미들에게 현실적이고 정말 도움이 되는 조언해주시네요. 유튜브 시작하실 생각 없으신지..|김종봉 투자자님 영상을 볼때마다 제자신을 다시한번더 돌아보게됩니다 감사합니다|안오른건 내월급이지|김종봉 대표님 영상 보고 책도 주문했어요.
마음 급한 주린이인데  진정이 되네요
감사합니다.|‘패 들어왔을 때만 레이스해라’가 포인트네요 정말|뼈 때리는 강의 잘봤습니다. 주식이 쉽다고 착각과 오만함,자만함으로 풀매수 때렸다가 눈 감았다 뜨니까 300만원이 증발했습니다. 반성하고 초심부터 다시 시작하겠습니다.|8:30~ 인버스지 뭐|대구분이신가보네요ㅎ  운율이 듣기 좋습니다.ㅎ|영상~ 잘 보았습니다.
감사합니다.|말씀이 진정 공감되는 분이시네요. 포트폴리오 변경도 손절이다.|진짜 현실적 투자 대화 너무 감사합니다.|댓글부터....|약간 쿡방 느낌이네요 ㅜㅜ메이저 방송에서 쉐프분들이 많이 나왔었는데..지금은 간간히 나오시는|처음 소개될때 그냥 흔히 보이는 전문가라 생각 했지만 정말 대단한 고수네요 존경스럽습니다|통찰력 있는 말씀들 정말 인상깊었습니다! 책도 사서 읽어봐야겠네요 :) 감사합니다|너무 잘 들었습니다. 감사합니다!|진짜 좋은 말씀, 잘 듣고 갑니다~~|돈의 시나리오 책 써주셔서 진심으로 감사합니다.^^|대상에 따라 인플레이션에 대한 체감이 예전과는 다르게 느껴집니다.
차나 가전제품, 소비재의 인플레이션은 낮게 느껴지는데, 자산은 인플레이션이 높게 느껴집니다.
화폐의 가치가 떨어져서 화폐로 표시된 가액들만 보고는 인플레이션에 대해 잘못된 인식을 주는 것 같습니다.
공부가 된 후에 투자하는 것은 깊이 공감하나 그 공부기간읕 길게 가져가는 것은 위험하지 싶습니다.
김종봉님 잘생겼어요. 책 신간도 샀습니당;;|감사합니다|언제나 좋은 내용 너무 감사요❤️❤️❤️|어제 이어서 오늘도 듣고있네요 
너~무  감사합니다|오늘 정말 좋은 말씀 감사합니다~~|진정성이 느껴집니다. 참고하겠습니다.|맞아여 맞아여 ~|이분이 그 전설의 포켓몬 마자용인가요?|하락장이 오면 하락장때도 봐야하는게 신사임당님 유튜브아니겠습니꽈..도움되는 방송 언제나 감사합니다|통찰력 좋네요 역시  존리와는 달라서 좋네요! 미국장하고 국내장하고는 구별을 해야!!|두분 서로 사랑에 빠진것같아요....ㅋㅋㅋㅋㅋㅋㅋㅋㅋㅋㅋㅋㅋㅋㅋㅋㅋㅋㅋㅋ
그동안 나왔던 그 어떤 출연자들 말씀보다도  진심(?)으로 공감하시는게 눈에 보이네요...|요새 물가 오르는거 보면 겁나던데.... 부동산 뿐 아니라 매일 먹는 쌀까지 가격 엄청나게 오름.|넘 멋있으세요
현금 가지고 있어도 괜찮다는 말씀 마음에 와닿네요|차근차근 준비하며 하는 주식투자! 좋은 내용 감사합니다 :)|내용 너무좋아요 힘들어하시는분들이 이 분 말씀들으면 다시 힘내서 시작할수 있을듯해요|마자요!|이번 영상을 다시보니 종봉님 진짜 '찐'이다.|진짜 김종봉 대표님 말에 전적으로 동의함ㅋㅋ 운이 좋아서 돈 번 인간들이 실력인거 마냥 말하는거 역겨움ㅋㅋ 운도 실력이라고 하면 할말 없음ㅋㅋ|요즘마트가면 물가 엄청상승했다는 느낌이 드는게 뭘까요..|저는 작년 2020년 5월에 코스피를 손절하고 테슬라를 샀습니다. 그리고 월급 때마다 꾸준히 담았습니다.|대박.. 싸울 수 있을 때만 싸워라....|영상 감사합니다. 👍👍|너무 말이 포괄적이네요|감사합니다^^|정말 찐이시네요. 배워갑니다.|대단하세요.  존경합니다.  ㅎㅎ|이 분 정말 진솔하고 이분이 쓰신책
지금 읽고 있습니다..
저 같은 주린이를 위해서라고 이분 계속 인터뷰 해주세요~!!"
주식 부자되는 타이밍은 끝났다 (주식고수 김종봉 1부),주식 부자되는 타이밍은 끝났다 (주식고수 김종봉 1부),2021. 2. 4.,http://www.youtube.com/watch?v=55osn87i7TQ,"조회수 244,520회","좋아요 6,154개",싫어요 173개,"지금 우리가 준비해야할 것들을 알려주시네요. 감사합니다!
미래 부자가 되기위해 준비해 보자구요^^|부자되는 타이밍은 끝났으니 다음 사이클을 준비해라....  그어느 애널리스트들 보다도 현실적인 조언인것 같습니다...|정확히 맞는 말씀입니다. 내가 실력이 좋아서가 아니고 시장이 좋아서 돈을 버는겁니다. 시장이 안좋을때 어떻게 잘 보내느냐가 그 후에 다시 시장이 좋아지면서 차이가 나는거라는걸 전적으로 공감합니다.|시장에서 소외된 것을 인정해라. 저 위는 그들의 파티다
뼈 맞고 갑니다..|쇼크를 대비해 실전없이 공부만 한사람이 쇼크왔을때 1억을 그냥 담기가 쇼크장에서는 또 공포때문에 못 담궈요.
결국은 투자도 경험치가 중요합니다. 소액으로 내림장이든 오름장이든 경험치를 쌓아야 어떤 특징장이 왔을때 대처를 쉽게해요.|증권회사직원이나와서 얘기하는건 신뢰가안가는데 이분건 좋네요|진정한 주식 고수는 요동치는 박스권을 버티며 스스로 컨트롤 하다가 폭락장에서 살아남고 후에 상승장에서 돈버는 사람인 것 같네요.|제가 모르고 있던 너무 중요한 이야기인 것 같습니다.. 휘둘리는 건 이미 준비된 분들의 파티를 더욱 성대하고 기름지게 해주는거지 제가 배부른건 아니니 제 파티를 준비 잘해야겠어요|젊은 분이 이렇게  내공이 깊은  이야기를 할 수 있다는 것이 놀랍네요
반백년 넘게 산 사람처럼 깊이가 있네요 진솔함도 느껴지고|주식투자든지, 부동산투자든지, 포트폴리오는 필수적으로 해야하고, 
일확천금을 꿈꾸시면 너무 위험합니다. 일단은 살아남야 되는 것이 투자기법의 기본입니다.|지수가 4천 5천 갈려면 그만큼 큰 기업이 생겨야하는데 지금도 삼전이 이끌어가는게 코스핀데 
과연 어떤 기업이 삼전처럼 시총 500조 기업으로 성장할지 생각도 해야함|부동산이 유행할때 부동산하고 주식이 유행할때 주식하고......전 이렇게 생각합니다  유행해도 관심없고 유행안해도 관심없고 내일 아니니까 관심없다... 이게더 문제라고 생각합니다  유행할때라도 한번 해보세요 유투브에 다있습니다 여러 방송보시면서 공부하시고 소액이라도 좋으니 투자해보세요 행동하는 사람에게만 기회는 옵니다|이런 영상이 진짜 개미들을 위한 영상이네요 무조건 사고 기다리라는 어디 영상보다|항상 생각합니다. 돈 공부는 처음이라. 파이프를 만들어라|몰빵주식 30%빠지고 지수가 박스권에서 계속 있다면 ㅎㄷㄷ 최악이넹
최악의 시나리오는 항상 가지고 있어야 할 듯 하네요|확고하고 단단하다고 생각했던 제 가치관에 조금 틈을 주었던 유익한 배움이었습니다. 정말 감사합니다.|사임당님 오늘따라 청순하시네요..
저한텐 서브프라임 같은 게 미중무역분쟁이었죠..
휴.. 물려있던 것 반 손절하고 반 존버 타면서 몇 년간 번 것 싹 털리구 이천 건지고 나왔네요ㅠ
+ 주식하실거면 잔잔하게 장투하시다가(우량주 위주로) 3월이나 크게 터질때 때려박으심 됩니다 저도 스윙 위주로 하다 이제 우량주 위주로 중장기하는데 편해요ㅜ|결국 부자가되려면 창업하라는 주식고수의 말 본인도 그러고싶은게 아닐까요|으어 종봉님이시당|김종봉님 인싸이트 너무 마음에 듭니다~ 출연 감사해요|소름... 내가 딱 2억 넣고 1억 먹엇는데...  바뀐거 하나없음 ㅋㅋㅋ|-70%...손절..진짜 대단합니다ㅜㅜ저는 지금 한종목 35%에 멘탈이 나갈 것 같은데...후|김종봉 대표님은 정말 말씀하시는 것 들을때마다 통찰력이 대단하단 생각밖에 안드네요ㄷㄷ...부자되는 이유가 있구나 싶습니다. 또 한번 느끼는 부자들의 공통된 속성이 '자기 생각'을 갖고있다는 것 같습니다. 대표님 말씀이 맞다 틀리다를 떠나 그 생각이 자기의 것이냐 남의 것이냐가 중요한 것이죠. 사람들은 '누구말이 맞냐'에 관심을 가지지만 사실 누구 말이 맞든 그건 부자되는 것과는 무관하지요. 세상을 어떻게 이해하고 있는지,  자기만의 가치관을 뚜렷하게 갖고있는지가 무엇보다 중요한 것 같습니다. 지속적으로 강조하시는 것이 지금의 시장이 오를거다 내릴거다가 아니라 이런 시장을 통해 '배우고 생각하라'는 것이고 그렇게 할 수있는 사람이 되어라는 것이네요. 주식이냐 창업이냐를 말씀하실때도 주식은 공부하고 노력해서 컨트롤 할 수 없지만 창업은 그것이 가능하다. 결국 그 말도 내면의 성장이 중요하다는 말과 일맥상통하는 말이네요. 왜 이런 멋진 인터뷰를 듣고도 창업보다 주식이 확률이 높네 어쩌네 하는 댓글이 보이는건지 모르겠습니다...일단 '확률' 이야기를 한다는 그 자체가 성공 요소를 외적인 부분에서 찾는다는 뜻이라 완전히 핀트가 어긋난 것인데도요...대표님의 모든 의견과 주장이 다 투자자든 창업자든 자신의 내면을 키우고 배우고 성장하고 지속가능한 부를 창출하라는 것. 기요사키가 주장했던것처럼 부자는 뭔가를 가지거나 누리는 것이 아니라 '되는것' 이라고 한 이유를 알것 같습니다. 잘 들었습니다 감사합니다|신사임당님은 정말 이해력이나 순발력이 뛰어난것 같아요

오늘 얘기는 정말 피와살이 되네요👍👍👍|이새벽에 대가리 총맞고 갑니다...
시간의 유ㆍ무의미를 일깨워준 시간이었네요.|와 오늘영상은 진짜 재밌네요|쉬워보이죠 초짜는 이런 장에서도 돈 털려요 ㅠㅠ|감사합니다!|너무 감사합니다 
많은걸 느끼게해주시네요|마~자용!!|좋다|2천으로 40억원 만들면서 발견한 것은 주식해서 부자되기가 대한민국에서 가장 어렵다.|1억벌고...|다들 더 간다고 하는 데,, 이분 솔직하게 말씀하시네요,, 맞고 틀리고 예측이 정확할 순 없겠지만 진솔하게 예기를 해주니 신뢰가 갑니다!|정신차리게 해줘서 감사 합니다~~~ㅠㅠ|그래도 1억 벌고 이런 얘기해봤으면 좋겠네요 ㅎㅎ|새로운 시각을 갖게되네요.. 깊이 생각해보겠습니다.. 감사해요|창업은 엄청 쉬운것처럼 말하는것같기도 하고|이분 갈수록 훈남되시네,,박경느낌|존리 선생님 다음으로 너무조은 영상이네요! 조회수 더 많이나오길!|와 이 두분을!!!!+++!+!+|최근 본 영상 중 가장 소름 돋는 영상입니다.. 정말 감사합니다!|주식은 그럼 정말 공부한다생각하고 일단 공부만 하는걸로ㅋㅋ^^|무릎을 탁 치게만드는 말씀이네요😃😃😃|핑크빛만 보는 시선에서 실질적인 조언과 김대표님의 팩폭. 적극 동감합니다~!^^|97%는 손실나서 퇴출되고 3%만이 살아남는 바닥이죠 10년뒤에 말이죠 모두 오래 살아남으시길요|올해들었던거중에 제일 공감하고 갑니다// HTS본다고 일에 집중을 못하는데 요세 뼈씨게한데 맞고갑니다,...꾸벅|어찌됐든 하락장을 경험해야 다음 상승장에 큰 수확물을 걷는다는 말씀에 크게 공감합니다.|김종봉님과 신사임당님 콜라보~~~^^ 기대됩니다!! 영상 잘 들을게요!! 김종봉님 최근 영상들 거의 다 시청한 팬으로써 ㅎㅎ 
(썸네일 바꾸셨네요! 새롭게 한 번 시도하신~^^ 신사임당님 원래 게스트 얼굴+ 심플한 글자 썸네일이 더 좋아요~ ㅎㅎ)|죽기 전에 무조건 한번의 기회는 온다|명강의ㅠ|진짜 뼈때리는 조언 감사합니다|유익한정보 감사합니다~|마자용 아저씨 나오셧넹 ㅎㅎ|배울게 많아요!! 오늘도 선댓글 후감상!!😍|갈팡질팡 정신 못차리겠어요
요즘..|부자가 되기 위한 로드맵을 
각자 스스로에게 맞춰서 시나리오를 써야 한다.
김종봉 투자자님, 신사임당님 감사합니다 ~ ^.^|잘보고갑니다~채널 구경오세요~|여기서 보니 더 반가워요!|지금 자기가 잘한다는애들 나중에 아주 궁금하다.|마자요!|경창하시는
모습이 되게 보기 좋네요 :) 너무 잘 봤습니다!|나한테 겁나 뭐라고 하는것같네...|근래 들었던 방송중에 가장 유익해요|진짜 똑똑하시네|20대중반  2006년부터 주식해서  금융위기 경험해보고 2009년도 다 회복하는거 보고 정리했는데...개인적인 사정으로 돈이 없어서 십년정도 공백 후 2018년도 다시 시작했는데, 2009년도 돈이 없어서 관심을 갖지 못한시기가 제일 나에게 후회스럽습니다. 돈이 없어도 투자는 못했어도 계속 공부만 했어도 2020년도  투자 방향을 잡았을건데 ㅠㅠ 다시  오기힘든 좋은장에 ^^;;아쉬움이 가장 많이 남는장이고~~정말 다음장을 준비하며 공부중입니다.
준비된자가 기회를 얻는다 ,...진리인듯|너무 좋은 말씀 감사합니다.|최고. 역시나 투자는 내 상황과 내 생각으로. 다시 한번 새기고 갑니다! 감사합니다❤|투자에 대한 통찰을 주는 영상입니다. 감사합니다.|오늘 패널분 감사합니다! 그리고 신사임당님도 건강 잘 챙기시고요 ^^|고맙습니다.|지금 기아 현대 떨어지는 시점에서 이 영상 보니 소름이 돋습니다.|좋은 말씀 감사합니다 !! 🙏🏻|최근에 본분중에 가장 명쾌하네요|진짜 맞는 말씀! 감사합니다|왜이리 와닿죠ㅎ|정말 인상깊은 영상이네요:) 다들 부자되셨으면 좋겠습니다🙂|완전 공감합니다.. 저역시도 지금 장은 작년에 미리 투자한 사람들이 누리는 장이다라고 생각하고 있었는데,  이분도 진솔하게 말씀하시네요... 그래서 조정이 좀 많이 오면 들어가야지... 아슬아슬한 시점에 들어가서 마음 졸이기 싫고 편안한 구간에 들어가서 중장기 투자하는게 낫겠다 싶어요|그냥 단순함, 상승장에 들어가면 물린다. 끝|나도 주식이 너무어렵다. 안해"
