title,date,video_url,view_num,likes_num,unlikes_num,comments
히든마켓 – 비메모리반도체 힘 못쓰는 삼성전자 / 최성민의 빅샷+ / 최성민 앵커 글로벌 투자 전략가 / 한국경제TV,2021. 6. 22.,http://www.youtube.com/watch?v=RUhpM39BS54,"조회수 5,063회",좋아요 104개,싫어요 3개,"이 형님 진짜 멋있네|그러게요~~
삼전 힘 못 쓰네요~~|감사드립니다 ^^|천천히 기다려봅시당|어차피 실적 상승하면 하반기때 올라간다 작년가격일때 매수해놔라 주린들아|❤ * 티피씨글로벌 * 열배 간다 = 이재명 (이정훈 대표..동갑,안동출신,안동기업,향우회장)
        (안동기업 - 동신건설..매출 300억 적자가 20배 상승...현재 시총 5,000억)
❤ 시총 500억..매출 800억  이익 30억  순자산 1,200억 - 코스닥 해성티피씨 지분만 500억
❤ 전기차&로봇감속기..BMW Crysler Ford TOYOTA  현기차=티피씨글로벌 *시총 1조 간다"
너도나도 메타버스 3대장 제칠 기업은 / 최성민의 빅샷+ / 이상로 와우넷 파트너 / 한국경제TV,2021. 6. 22.,http://www.youtube.com/watch?v=RUhpM39BS54,"조회수 5,744회",좋아요 110개,싫어요 2개,"덱스터|음성이 잘안들니네요|❤ * 티피씨글로벌 * 열배 간다 = 이재명 (이정훈 대표..동갑,안동출신,안동기업,향우회장)
        (안동기업 - 동신건설..매출 300억 적자가 20배 상승...현재 시총 5,000억)
❤ 시총 500억..매출 800억  이익 30억  순자산 1,200억 - 코스닥 해성티피씨 지분만 500억
❤ 전기차&로봇감속기..BMW Crysler Ford TOYOTA  현기차=티피씨글로벌 *시총 1조 간다"
"삼성전자, SK하이닉스 외인이 파는 진짜 이유 / 최성민의 빅샷+ / 김주영 칸서스자산운용 대체투자본부 상무 / 한국경제TV",2021. 6. 22.,http://www.youtube.com/watch?v=RUhpM39BS54,"조회수 37,510회",좋아요 632개,싫어요 33개,"한국 주식판 최대 세력 = 국민연금|분석 백날해봐라 세력 형님 마음이지 ㅋㅋㅋ 전문가들 분석이랑 나랑 적중률이 또이또이|니들이 뭘알어?|헐~~~|그래봐야 길게 보면 어차피 삼성전자는 우상향이다..|연봉 조금이... 몇억은 되실듯...|언제나 감사합니다|스카웃 되셨나|메타버스 현금화가 바로 될까요?
만들어졌어요. 더 크게될거고, 가상화폐나 가상자산이 상용화될 날이 얼마 안남았는데...|어차피 우상향|아카치오 컴퍼니에 계시지않았나...|잘보고갑니다 사시다가 힘드실 때 J stock box 📦 를 방문해주세요 많은 선물이 준비되어있습니다 행운은 준비된 사람에게 어느날 다가갑니다|정부와 한국은행은 CDBC를 잘 진행하고있나 궁굼하네요!|지금이 제일 어려운 시장이라고들 하시던데 ........ 전문가들도 모른다고 하니 ...........|외국인이 비중을 줄이고 기관도 내다팔고 개미만 샀네. 가상화폐 먼저 조정받고 그다음 주식 그다음 부동산이 될거같다. 횡보말고 확실하게 조정 나오면 들어가는게 나을듯. 어차피 영원한 조정도 없으니까.|언론은 가상자산과 암호화폐를 제대로 공부해서 국민들 대부분이 잘못 인지하고있는 부분에 대해 올바른 길로 안내해야 할 의무가 있다고 보입니다. 자극적인
스켐 다단계 및 투기성 자본만 부각시키지 마시길...|삼성전자를 외인이 파는 이유는 공매도 수익을 노리고 때문이다. 또한 일 거래량은 30%를 불법인 무차입공매도를 한다. 무차입공매도 막는 전산시스템 만들어야한다.|한국 경제 TV 돈깡님 불사조님 시윤주식님 영상 보면서 공부하는 주린이 입니다 한국경제 9시만 되면 땅하고 틀고 시청중인데 유투브로도 이렇게 있네요 ㅎ 공부 많이 하고 갑니다!|❤ * 티피씨글로벌 * 열배 간다 = 이재명 (이정훈 대표..동갑,안동출신,안동기업,향우회장)
        (안동기업 - 동신건설..매출 300억 적자가 20배 상승...현재 시총 5,000억)
❤ 시총 500억..매출 800억  이익 30억  순자산 1,200억 - 코스닥 해성티피씨 지분만 500억
❤ 전기차&로봇감속기..BMW Crysler Ford TOYOTA  현기차=티피씨글로벌 *시총 1조 간다|●        ■  ㆍ



서울 구축아파트 핵폭발 상승률은 

♡♡전농sk아파트 30평대♡♡ 

gtx +면목선
지하철역이 정문 

청량리개발 직접호재"
증권사 Pick 여행주 모두투어·티웨이항공·파라다이스·호텔신라 / 나의 투자 / 한국경제TV,2021. 6. 22.,http://www.youtube.com/watch?v=RUhpM39BS54,"조회수 3,611회",좋아요 61개,싫어요 1개,"인터파크 ㄱㄱ|제가 주식유튜브 안보는 채널이 없는데 주식 유튜버중 실시간 실전매매 원탑이네요
주식으로 10만원에서 30억으로 만들고 종목에 대한 매매 날짜랑 가격대 계좌까지 전부 다 까 놓고 매매하는데 승률이 계산해보니 98.7%더군요
[주식의정석]이란 채널인데 아마 은둔고수로 추정이되는데요 입으로 주식하는 사람들하고는 차원이 다르네요
광고 아니니 오해없으시길..|◆ 삼성전자(우): 2분기 배당일(D-3): 배당일 전에 선 매수 유리
-->매수 적기      
보통주와 갭 줄이려, 우선주 급등 시점: 우선주 매수 유리!
우선주 공매도 제외(보통주: 공매도 대상): 우선주가 보통주 보다 상승 유리

1. 드디어 2분기 배당일이 다가 오네요: 6/28(월)
배당일 다가 올수록 매수세 몰려, 점진적 상승 전망
5개월 긴 조정 마무리 국면: 2차 상승랠리前 매수 유효!

2. 1년에 배당 5번 주는 회사 없음(정규 배당 4번+특별배당 1번)
삼성전자/삼성전자우: 2종목만이 받는 배당 특혜 임

◆ 삼전(우): 10년간 5~10배 상승(대박 수익)+고배당 주는 유일한 종목
향후 10년: 시스템반도체 171조 투자로, 실적 증가 및 주가 5배 급등 전망
 
◆ 삼성전자(우): 보통주 보다 주가 저렴, 우선주가 배당 15% 더  많아 유리! 
시스템반도체 성장성 매우 커, 2년내 20만원 전망: 지금은 저가 매수 기회|❤ * 티피씨글로벌 * 열배 간다= 이재명 (이정훈대표..동갑,안동생,안동기업,향우회장)
    (안동소재- 동신..매출 300억 적자가 20배 상승..시총 5,000억)
❤ 시총 500억...매출 800억 이익 30억 순자산 1,200억 (코스닥 해성티피씨 지분만 500억)
❤ 전기차&로봇감속기 제조...BMW Crysler Ford TOYOTA 닛산 # 티피씨글로벌 * 시총1조 간다"
솔루스첨단소재 매출 성장 OLED 소재주 / 나의 투자 / 한상혁 유안타증권 파이낸스허브 과장 / 앞으로 종목 / 한국경제TV,2021. 6. 22.,http://www.youtube.com/watch?v=RUhpM39BS54,"조회수 6,759회",좋아요 127개,싫어요 1개,"나민호 앵커님.. 자꾸 웃음이 납니다... 응원합니다^^|실적이 향후 마니 오를거라고 하더군요|◆ 삼성전자(우): 2분기 배당일(D-3): 배당일 전에 선 매수 유리
-->매수 적기      
보통주와 갭 줄이려, 우선주 급등 시점: 우선주 매수 유리!
우선주 공매도 제외(보통주: 공매도 대상): 우선주가 보통주 보다 상승 유리

1. 드디어 2분기 배당일이 다가 오네요: 6/28(월)
배당일 다가 올수록 매수세 몰려, 점진적 상승 전망
5개월 긴 조정 마무리 국면: 2차 상승랠리前 매수 유효!

2. 1년에 배당 5번 주는 회사 없음(정규 배당 4번+특별배당 1번)
삼성전자/삼성전자우: 2종목만이 받는 배당 특혜 임

◆ 삼전(우): 10년간 5~10배 상승(대박 수익)+고배당 주는 유일한 종목
향후 10년: 시스템반도체 171조 투자로, 실적 증가 및 주가 5배 급등 전망
 
◆ 삼성전자(우): 보통주 보다 주가 저렴, 우선주가 배당 15% 더  많아 유리! 
시스템반도체 성장성 매우 커, 2년내 20만원 전망: 저가 매수 기회!"
상장사 초대석 노랑풍선 / 나의 투자 / 정진원 노랑풍선 전무 / 한국경제TV,2021. 6. 22.,http://www.youtube.com/watch?v=RUhpM39BS54,조회수 822회,좋아요 14개,싫어요 1개,질문해주신 청정지역님을 찾습니다. 청정지역님 혹시 보시면 댓글 남겨주세요! :)
연준의 최대 리스크 파월의 연임 여부 다음 Fed 의장 위해 미국 기준금리 올릴까(최양오)/ 주식경제 이슈분석 / 한국경제TV,2021. 6. 22.,http://www.youtube.com/watch?v=RUhpM39BS54,"조회수 2,657회",좋아요 57개,싫어요 2개,"명쾌한전망 내일이 기대 된다|이 분 이봉규tv에 게스트로 나오시는분인데 말씀하실때 사기꾼인줄알았는데 쌉전문가시네요ㄷㄷ
이봉규박사하고 형동생하면서 농담따먹기하는데ㅋㅋㅋ"
매파 Fed에 놀랐다 차트로 보는 미국 증시 등락 안심해도 될까(이진우)/ 주식경제 이슈분석 / 한국경제TV,2021. 6. 22.,http://www.youtube.com/watch?v=RUhpM39BS54,"조회수 13,221회",좋아요 281개,싫어요 6개,방송 잘보고 있습니다 감사합니다|2:13|믿고 보는 두 분|제가 좋아하는 이진우 소장님^^
손현정의 오늘장 뽀개기 (6/22) / 나의 투자 / 오전장 복기 / 한국경제TV,2021. 6. 22.,http://www.youtube.com/watch?v=RUhpM39BS54,"조회수 1,271회",좋아요 26개,싫어요 1개,감사합니다 🙏|제목도 참! 뽀개긴 뭘 뽀개나!
영국 '델타 변이' 관련주 코로나19치료제 셀트리온 / 한국경제TV / 증시라인,2021. 6. 22.,http://www.youtube.com/watch?v=RUhpM39BS54,"조회수 18,814회",좋아요 365개,싫어요 5개,"셀트리온, 셀트리온헬스케어, 셀트리온제약 3형제 기존 수출 주력품인 바이오 시밀러 약품외에 코로나 변이 확산에 따른 렉키로나주 치료제 수출 증대 예상으로 호재가 만발~ 이제 상승할 일만 남았다~~|삼성바이오 로직스는 카피약 만들며 주가도 잘올려주는 연기금 떨거지도 있는데 셀트는 뒷배가 없는지|조만간 날아간다|셀트리온도 네이처셀처럼 날아오를날이 얼마 안남았습니다|신약은 아무나 만드나 
셀트 50가즈아~~~~|박대출 의원이 발의한 법안 수개표 국회청원에 동의를 합시다 마감 7월 1일까지입니다 휴대폰 본인 인증으로도 동의를 할수 입습니다 공병호 T.V 댓글창에서 동의합니다 꼭 부탁드립니다|잘봤습니다~! 지인이 셀트리온으로 겁나 고생중이요.. ㅠㅠ 그래서 전 바이오는 겁나서 못하겠고,, 코로나 수혜주로, 인테리어관련주로 수익봤어요 ㅎㅎ것도 사실 불사조 유튜브에서 한국가구 분석해줘서 운이 좋게도 얻어걸렸네요 .ㅋ 델타변이 무서운데 언제쯤 코로나가 끝날지.. ㅠㅠ 모두들 지치시겠지만, 건강합시다. 주식 오래 해야지요 ㅎㅎ|ㅋ셀트리온 폭락|굿|셀트야
날라라|사과tv 수위 실화냐 보니까 다 입고있다|전주고/10425/한요셉/코로나 바이러스의 변이 형태인 델타 바이러스의 확산으로 인해 주식 시장의 형태가 코로나 이후의 성장을 기대하는 것에 초점을 두던 유동성이 큰 시장에서 확실한 실적을 내는 것에 초점을 두는 실적 시장으로 전환되었고, 이에 따라 셀트리온의 코로나 치료제 임상 및 완성을 기대하며 실적을 기대하며 투자 계획을 세울 수 있었다. 앞으로는 이 세상의 흐름에 따라 시장의 흐름이 크게 변동 될 수 있음을 파악하며 투자해야겠다.|셀트리온은 공매도 주 먹이감이라 ᆢ개미들 잘못 들어가다가는 짭짭됨|에휴 또 뛰우기 ᆢ
고만해라 
많이 해먹다 아이가 이것들아ᆢ|2006년 5월 22일, 너무일찍 세상을 떠나셔서 매우 안타깝고 1년넘게 진정되지 않는 전세계 코로나19 상황에 이종욱 세계보건기구(WHO) 사무총장님의 존재가 더욱더욱더 크게 느껴집니다. 지금도 살아계셨다면 코로나 대응방식은 지금과는 아주 많이 달라졌을것이다. 변이 바이러스 보고에도 지금과 같은 이러한 큰 어려움은 없었을 것이다라는 말이 나올 정도 이게 다 현재 WHO 사무총장이란 인간때문 초창기에 중국 편향적인 발언을 해서|ㅉㅉㅉ 낼또 폭락각이구먼 국내외 세력들이 장난치는 셀, 겉만 번드러 했지 실속이 없는 회사였네요 개미는 절대 접근금지 하세요 피눈물 납니다|화합물
처음부터 자연에서 치환된 화합물로 나갔으면 전세계인 코로나로 인해서 한사람도 희생자 없었을 것이고 경제적으로도 고난을 겪지도 안했을 것이다. 하기사 모르는 것은 모르기때문에 누구의 잘못도 아니다.|헤키로나는 현재 발생한 모든변이에 다 적응가능하다.
특히 영국 일본 브라질 중국 인도네시아등에 임상으로 증명했고,
인도와 남아공 변이에도 효과있음이 약품임상에서 증명하고, 동물에 적용임상중임.
그러니 전문가라고 이런 곳에서 강의하려면 
먼저 강의 자료를 확인하고 말을 해야 본인의 신뢰성이 높아집니다.
특히 한경에서는 상담 자료를 미리 검증히는게 좋을듯...ㅎㅎ|인제봐라
가나 안가나
긍께 돈을 못벌지ㅎ|응 셀트리온은 아니야|구라 주식은 안돼"
"아마존이 선택한 포인트모바일, 최대주주는 대출? / 공진단 / 한국경제TV",2021. 6. 22.,http://www.youtube.com/watch?v=RUhpM39BS54,"조회수 2,614회",좋아요 53개,싫어요 없음,"포인트모바일 2021년 안에 70,000원 넘어간다.|날아가겠네 e커머스 공룡의 물류용 단말기라니...  거기다 대표와 지분이 비슷하다니..."
"시장의 구토현상, 추가 변동성에 대비하라! 뱅가드·블랙록이 노리는 것은? / 이승조의 진짜전략 / 한국경제TV",2021. 6. 22.,http://www.youtube.com/watch?v=RUhpM39BS54,"조회수 79,365회","좋아요 2,350개",싫어요 68개,"무극선생님
통찰력은 정말 무극|노후를 대비해서 십년 묻어둘 주식 추천해 주세요~--|이승조 선생님 영상은 매일 챙겨 보고 있습니다.|이승조 선생 독특한 시황관 참 대단합니다.|대표님  감사합니다|감사합니다|이대표님 
👍👍👍👍👍|감사합니다|선생님   감사합니다|감사합니다 ~~~~|감사합니다|^^|현대로템도 큰 수익 보고 있네요
정말 고맙습니다^^|삼성전자 분할로 매도했어요~ 
놓기 가장 힘든 주식이었어요^^|에구 ㅉㅉ|고급정보 감사합니다|역시지존!|두분  고생이  많으십니다
주린이들이  많이  배우고 있습니다
복많이 받으시기를 기도드립니다|ㅎㅎ|무극슨상님감사합니다|와 오늘도 무극 선생님 무쌍 찍으셨다|무극선생님   차바이오텍   cmg주신종목 다 고맙습니다^^|지금이라도 팔아야 하나요|감사합니다|정말로 대단하신분 평생 존경합니다|11:25 까까오 너무 큐트하십니다 선생님|차바이오 수익 감사합니다|대표님  큰그림을 보게해주셔서 감사합니다 대표님 멋있어요  늘 응원합니다|시장에 대한 전략 감사합니다
그동안 종목만 볼려고 했지 시장대응은 신경쓰지않았는데 역시 주린이의 한계였내요 
미리 흐름을 알아두고 투자해야 성공하는 투자가 될수있는 시장..
좋은영상 감사합니다 대표님 다른영상도 찾아봐야겟내요
불사조님 슈카님  보면서 종목 수익만 챙겼었는데 이젠 무극샘님영상도 보며 시장공부할게요 ㅎㅎ|선생님말씀대로가두리네요|굿이예요♡♡♡|날카로운 지적입니다|늘감사드래ㅕ요~~~♡♡♡|감사합니다~~|이승조대표님 대단하십니다
감사합니다|무극 선생님  좋은말씀   감사합니다|선생님 감사합니다|너무 어려워요.|매주 화, 금 두분의 방송을
 기다리고 시청하고 있습니다
두분께 유익한 정보를 주셔서
감사드립니다~~|차바이오텍 대박 감사합니다~~^^"
"[한상춘의 지금세계는] / Fed 회의 이후 ‘7대 수수께기’ 현상…지속시 테슬라와 비트코인 ‘빅쇼트’, 삼전은? / 한국경제TV",2021. 6. 22.,http://www.youtube.com/watch?v=RUhpM39BS54,"조회수 6,792회",좋아요 157개,싫어요 15개,
글로벌 급등주 7종목 점검 / THE PULSE  / 한국경제TV,2021. 6. 22.,http://www.youtube.com/watch?v=RUhpM39BS54,"조회수 2,535회",좋아요 55개,싫어요 1개,"예뻐요 너무!!^^|캐쥬얼 복장이 신선하네요..!!잘봤습니다.!!|이미 들어가긴 늦음 RSI 지표 보고 괜찮다 판단서면 투자하는거고|오르기전에 알려줘야죠 ㅠㅠ|이미 급등한거 알려주면 설겆이 당함|❤ * 티피씨글로벌 * 열배 간다 = 이재명 (이정훈 대표...동갑,안동출신,안동기업,향우회장)
        (안동기업- 동신건설...매출 300억 적자가 20배 상승...현재 시총 5,000억)
❤ 시총 500억...매출 800억  이익 30억  순자산 1,200억 - 코스닥 해성티피씨 지분만 500억
❤ 전기차&로봇감속기...BMW Crysler Ford TOYOTA  현기차=티피씨글로벌 *시총 1조 간다"
오늘장 놓쳐선 안 될 당신이 잠든사이 일어난 해외 이슈 7 / 출근전 꼭 봐야하는 글로벌 이슈 / 한국경제TV,2021. 6. 22.,http://www.youtube.com/watch?v=RUhpM39BS54,"조회수 87,759회","좋아요 2,836개",싫어요 46개,"매 아침마다 잘 보고잇습니다|♥♥♥ 방송 날짜 표시 감사드립니다 !!!
표현이 제 의견보다 더 좋습니다 ^^
역시 시청자와 소통하는 방송이군요 ^^|좋은 뉴스 감사합니다.|잘보겠습니다~~!|매일 새벽부터 고생이 많으시네요. 오늘도 좋은 하루 되세요|기분 좋은 소식을 일찍 접하게 되어 행복합니다.
감사합니다.|이런 꺄끄 중독자들~

셀트리온 뭐하나
꺄끄치료제 개발안하고~|오늘하루도 꺄끄로 시작합니다|매일아침 미장 정리 해주셔서 잘 듣고 있습니다. 감사합니다^^|편집자님 설명란에 꺄끄나오는 시간도 추가하셨네 ㅋㅋㅋㅋ 센스 굳|멘트 너무 귀여워요! 꺄끄 ^^로 시작할께요 ~|아랫줄에 날짜도 써주고 .
꺄끄로 하루시작허라는...말 재밌어용.

고운님 꺄꿍♡|꺄끄^^~~~~~~~~~~~~ 얼굴울 한번 보고 오늘도 활기찬 하루 출발|오늘 하루도 꺄끄로 시작하세요!|고운누나의 꺄끄~♡|잘보고 갑니다^^ 채널운영에 좋은 공부가 되었어요~|감사합니다!~~~|고운님대박 오늘 너무이쁜디|좋아요~|감사합니다~~|화욜 꺄끙^^|항상 감사합니다~~|꺄끄로 하루 시작했습니다~|선플 선플~|까끙?|좋아요~~!|ㅋㅋㅋ오늘하루도 꺄끄로 시작하라닠ㅋㅋㅋㅋㅋㅋㅋㅋㅋㅋㅋㅋㅋㅋㅋㅋㅋㅋㅋㅋ|졸려요, 아니 좋아요 꾹 1등. 그리고, 비트코인 32K 달러 깨고 내려가는 중. 업비트 비트코인은 3천8백만원 깨고 내려가는 중.|꺄끄누나 팬많당ㄷㄷ좋아요 눌렀습니다|꽈끄~|꺄끄♡|기분 좋게 시작해봅시다 최고의 하루!|감사합니다 ^^출석하고갑니다|아침마다 잘보고있습니다 항상 감사합니다|감사합니다|감사합니다|감사합니다|간밤 시장정리 이 뉴스로  끝나네요. 감사합니다|아침에 늘 이방송보고 하루를 시작합니다 감사합니다|감사합니다"
"상승하는 강판가격, 역대급 영업이익! '최강의 실적주' / 퇴근길 꼭 봐야할 내일장 공략주 / 성공투자 오후증시 / 한국경제TV",2021. 6. 21.,http://www.youtube.com/watch?v=RUhpM39BS54,"조회수 8,451회",좋아요 125개,싫어요 2개,"감사합니다 김도윤님  ^^|이경은 아나운서 미인이네요^^|뭐여 성괴네|◆ 삼성전자(우): 강력 매수 신호 발생 -->매수 적기
5달간 조정 마무리: 이젠 급등 시점!
보통주와 갭 줄이려, 우선주 급등 시점: 우선주 매수 유리!
삼전(우): 공매도 제외: 우선주 공매도 염려 없어 상승 유리!

1. D램 슈퍼 사이클 도래
: 향후 3년간 반도체 실적 호황기
최근 D램값 70% 급등으로, 
실적 급증+주가 상승 당연지사!

2. 파운드리(위탁생산): 역대 최고 실적 전망!
올해 20조 이상: 3년전 11조 대비, 100% 성장 전망
특히, 인텔 물량수주로 대박
: 실적과 주가 급등 요인!

3. 스마트폰 최고 실적 전망
: 스마트 3억대 판매 목표!
폴더블 스마트폰: 高價로, 실적증가에 큰 보탬 될 것

4. 삼전(우): 배당 증가 4%: 현금 보유액 110조 이상+향후 3년 실적 급증
향후 주가 급등과 배당 증가 전망
: 매수 이유 충분!

◆ 삼성전자(우): 보통주 보다 주가 저렴, 우선주가 배당 15% 더 많아 유리
시스템반도체 성장성 매우 커, 2년내 20만원 전망
-->매수 기회!"
"초성장주 고르는 법 수소, 메타버스, 전기차 / 최성민의 빅샷+ / 최성민 앵커 글로벌 투자 전략가 / 한국경제TV",2021. 6. 21.,http://www.youtube.com/watch?v=RUhpM39BS54,"조회수 7,733회",좋아요 228개,싫어요 10개,"감사합니다 ^^|감사합니다|최근에 메타버스 열풍을 타고 재출간된 sf소설 <스노 크래시> 추천합니다. 재미있어요. 소개해 주세요~~~|◆ 삼성전자(우): 강력 매수 신호 발생 -->매수 적기
5달간 조정 마무리: 이젠 급등 시점!
보통주와 갭 줄이려, 우선주 급등 시점: 우선주 매수 유리!
삼전(우): 공매도 제외: 우선주 공매도 염려 없어 상승 유리!

1. D램 슈퍼 사이클 도래
: 향후 3년간 반도체 실적 호황기
최근 D램값 70% 급등으로, 
실적 급증+주가 상승 당연지사!

2. 파운드리(위탁생산): 역대 최고 실적 전망!
올해 20조 이상: 3년전 11조 대비, 100% 성장 전망
특히, 인텔 물량수주로 대박
: 실적과 주가 급등 요인!

3. 스마트폰 최고 실적 전망
: 스마트 3억대 판매 목표!
폴더블 스마트폰: 高價로, 실적증가에 큰 보탬 될 것

4. 삼전(우): 배당 증가 4%: 현금 보유액 110조 이상+향후 3년 실적 급증
향후 주가 급등과 배당 증가 전망
: 매수 이유 충분!

◆ 삼성전자(우): 보통주 보다 주가 저렴, 우선주가 배당 15% 더 많아 유리
시스템반도체 성장성 매우 커, 2년내 20만원 전망
--> 매수 기회!|❤ * 티피씨글로벌 * 열배 간다 = 이재명 (이정훈 대표..동갑,안동출신,안동기업,향우회장)
        (안동기업- 동신건설...매출 300억 적자가 20배 상승...현재 시총 5,000억)
❤ 시총 500억...매출 800억  이익 30억  순자산 1,200억 - 코스닥 해성티피씨 지분만 500억
❤ 전기차& 로봇감속기..BMW Crysler Ford TOYOTA  현기차=티피씨글로벌 *시총 1조 간다"
반도체 수요는 계속된다 세정 장비주 톱픽은/ 최성민의 빅샷+ / 박영호 와우넷 파트너 / 한국경제TV,2021. 6. 21.,http://www.youtube.com/watch?v=RUhpM39BS54,"조회수 8,363회",좋아요 195개,싫어요 5개,"^^|매일 경청합니다.
유익한 정보에 감사드립니다 ^^|ㅎㅎㅎㅎㅎㅎ거래정지인데요|삼전  닉스  외인  공매도 로   상 하로  장난질/개인은 안하는게 ~|❤ * 티피씨글로벌 * 열배 간다 = 이재명 (이정훈 대표..동갑,안동출신,안동기업,향우회장)
        (안동기업- 동신건설...매출 300억 적자가 20배 상승...현재 시총 5,000억)
❤ 시총 500억...매출 800억  이익 30억  순자산 1,200억 - 코스닥 해성티피씨 지분만 500억
❤ 전기차& 로봇감속기..BMW Crysler Ford TOYOTA  현기차=티피씨글로벌 *시총 1조 간다|◆ 삼성전자(우): 강력 매수 신호 발생 -->매수 적기
5달간 조정 마무리: 이젠 급등 시점!
보통주와 갭 줄이려, 우선주 급등 시점: 우선주 매수 유리!
삼전(우): 공매도 제외: 우선주 공매도 염려 없어 상승 유리!

1. D램 슈퍼 사이클 도래
: 향후 3년간 반도체 실적 호황기
최근 D램값 70% 급등으로, 
실적 급증+주가 상승 당연지사!

2. 파운드리(위탁생산): 역대 최고 실적 전망!
올해 20조 이상: 3년전 11조 대비, 100% 성장 전망
특히, 인텔 물량수주로 대박
: 실적과 주가 급등 요인!

3. 스마트폰 최고 실적 전망
: 스마트 3억대 판매 목표!
폴더블 스마트폰: 高價로, 실적증가에 큰 보탬 될 것

4. 삼전(우): 배당 증가 4%: 현금 보유액 110조 이상+향후 3년 실적 급증
향후 주가 급등과 배당 증가 전망
: 매수 이유 충분!

◆ 삼성전자(우): 보통주 보다 주가 저렴, 우선주가 배당 15% 더 많아 유리
시스템반도체 성장성 매우 커, 2년내 20만원 전망
--> 매수 기회!"
7월 거리두기 완화! 마스크 벗으면 이 종목을 주목하세요! 클리오·씨앤씨인터내셔널 / 나의 투자 / 도현정 메리츠증권 부장 / 생활 속 종목찾기 / 한국경제TV,2021. 6. 21.,http://www.youtube.com/watch?v=RUhpM39BS54,"조회수 2,448회",좋아요 33개,싫어요 없음,"나라의 경제를 얘기하는데 모기를 부르신 그 분아닌가요?|클리오 이미 52주 최고가 찍었네요 다들 빠르세요|파리 아저씨 아닌가요 ?|씨앤씨 물려있는데 제발좀 가줘라~~|❤ * 티피씨글로벌 * 열배 간다 = 이재명 (이정훈 대표..동갑,안동출신,안동기업,향우회장)
        (안동기업- 동신건설...매출 300억 적자가 20배 상승...현재 시총 5,000억)
❤ 시총 500억...매출 800억  이익 30억  순자산 1,200억 - 코스닥 해성티피씨 지분만 500억
❤ 전기차& 로봇감속기..BMW Crysler Ford TOYOTA  현기차=티피씨글로벌 *시총 1조 간다"
"하반기 전망 ""반도체, 저가 매수 기회"" / 나의 투자 / 이재윤 유안타증권 연구위원 / 한국경제TV",2021. 6. 21.,http://www.youtube.com/watch?v=RUhpM39BS54,"조회수 39,744회",좋아요 737개,싫어요 20개,"사회자 옜날 그 파리 그분아닌가?  경제를 얘기하는데 파리가|SK하이닉스ᆢ
ㅠㅠ  갖고 있기 힘드네요|반도체에 파리가 앉아서 최근 않좋은 것.|메모리 반도체 는  절대 사지말자 / 단 헐값에만 매수 하자~|삼전 좋은거 누가 모르나.. 중단기적으로는 수급이 좌우. 국민연금 7개월 연속매도가 풀려야 간다 그전에는 가망 없다|조만간  쏜다아아|아무리좋으면무얼합니까ㅡ반도체  말로만십만원간다  이런소리는안했으면좋겠네오|전문가란분들이 지난간 과거을 가지고 해석은 누가나 해용. 실적을 보고 오르는건 누구나 알아영^^|지처요 지쳐|파리아저씨넹|유안타도 반도체에 물린건가|삼성전자 좋다고한것이 선반영된거네요^^|돈벌자 오빠들|그런데,  너희들은 왜 파니?
나쁜 자들이 그입을 놀리나?|한경 전문가들 삼전을 빠져도, 올라도,보합에도 검색 1위에 올려놓고 10전자  삼전 어천가를 불러대더니 이제는 하반기를 보라하네. 국민주는 삼전이 아니라 카카옵니다.|저 유안타증권에 유동원이라는 사람이 반도체, 퀄컴, 신재생에너지 상승여력 100%넘는다고 너무좋으니 매수하라고 약간의 조정왔을땐 흔들리지 말고 추가매수하라고...그런데 지금 퀄컴 (-20%) & 태양광 (-40%) 바닥에서 5개월째 머무르고 있습니다!!! 반도체는 나스닥지수 최고점일때 전고점을 뚫지 못하고 다시하락!!! 본인이 나오면 비난 받으니 이제는  다른 사람을...ㅋㅋㅋ 본인방송에 비난댓글들은 모조리 삭제하고 좋은글만 남겨놓는 당신은 도대체 어떤 사람입니까??? (물론 도를 넘어서는 악플들에 대해선 삭제가능!!!).|주식 이젠 정말 떠나야할때 
코로나 전보다 지금 2배 오른상태
코로나 때문에 돈 풀어서 여기까직왔다 
그렇다고 코로나 전보다 월급이 2배 오른것도 아니고 물가는 지금도 
주식대비  10%정도 오른 상태다 
일시적 인플레이션 웃기는 소리 말아라   아무리 경제하고 담 싸놓고 
말한다고 해도  이것은  거품이고 
초 인플레이션 초입 부분에 있는것이다  
달러 긴축 지금도 늦었다 
그것을 감당 어찌할지 .|❤ * 티피씨글로벌 * 열배 간다 = 이재명 (이정훈 대표..동갑,안동출신,안동기업,향우회장)
        (안동기업- 동신건설...매출 300억 적자가 20배 상승...현재 시총 5,000억)
❤ 시총 500억...매출 800억  이익 30억  순자산 1,200억 - 코스닥 해성티피씨 지분만 500억
❤ 전기차& 로봇감속기..BMW Crysler Ford TOYOTA  현기차=티피씨글로벌 *시총 1조 간다|그놈의 반도체...전부 선반영임|제가 주식유튜브 안보는 채널이 없는데 주식 유튜버중 실시간 실전매매 원탑이네요
주식으로 10만원에서 30억으로 만들고 종목에 대한 매매 날짜랑 가격대 계좌까지 전부 다 까 놓고 매매하는데 승률이 계산해보니 98.7%더군요
[주식의정석]이란 채널인데 아마 은둔고수로 추정이되는데요 입으로 주식하는 사람들하고는 차원이 다르네요
광고 아니니 오해없으시길.."
2023년 금리 인상 가능성 시사 FOMC 시사점 및 대응전략은? / 한국경제TV / 증시라인,2021. 6. 21.,http://www.youtube.com/watch?v=RUhpM39BS54,"조회수 2,707회",좋아요 65개,싫어요 없음,"05:25 멘트 수정합니다^^ 1시간 11초짜리 파월 의장 기자회견 영상이며 혹시 관심 있으신 분들을 위해 아래 링크로 남겨드립니다^^

https://www.federalreserve.gov/monetarypolicy/fomcpresconf20210616.htm|소나기는 피하는게 상책이지않남~~~~|❤ # 티피씨글로벌 # 열배 간다 = 이재명 (이정훈 대표..동갑,안동출신,안동기업,향우회장)
        (안동기업 - 동신건설...매출 300억 적자가 20배 상승...현재 시총 5,000억)
❤ 시총 500억...매출 800억  이익 30억  순자산 1,200억 -코스닥 해성티피씨 지분만 500억
❤ 전기차&로봇감속기..BMW Crysler Ford TOYOTA  현기차=티피씨글로벌 *시총 1조 간다"
센터장이 말한다 하반기 유망한 투자 포트폴리오 톱픽 10선/ 주식경제 이슈분석 / 한국경제TV,2021. 6. 21.,http://www.youtube.com/watch?v=RUhpM39BS54,"조회수 33,099회",좋아요 516개,싫어요 27개,"774ㅣ1|이런 설명운 왜 하는지 모르겠네요.
내리면 비관론 오름면 낙관론.
내릴 때 비관론자를 부르는 것인가?
인사이트가 없네요|오늘도 좋은영상 감사드립니다|제목으로 봐서는 무슨 하반기 톱픽 10개 찝어 주듯이 하고 그냥 오늘 오른거 10개  
톱픽이라고 하는 수준보소 ㅋㅋ

그러고는 3분기를 봐야 주도주를 알 수 있다고 하고 ㅎㅎ 진짜 쓰잘떼기 없는 소리만 주절주절 떠들어 되는거 아니냐??|내가 투자하고있는 에스피지 언급이 되서 깜짝 놀랐네. 실적이나 향후 전망에 비해 너무 저평가라 조용히 저가 매집중인데. . .  ㄷㄷ|들으나마나 시간낭비.."
이종우 앵커 내공으로 보는 하반기 증시 4가지를 기억하라/ 주식경제 이슈분석 / 한국경제TV,2021. 6. 21.,http://www.youtube.com/watch?v=RUhpM39BS54,"조회수 2,887회",좋아요 117개,싫어요 3개,이분 좋으신데 왜요~|^^|이분은  늘 화가 나신가봐
손현정의 오늘장 뽀개기 (6/21) / 나의 투자 / 오전장 복기 / 한국경제TV,2021. 6. 21.,http://www.youtube.com/watch?v=RUhpM39BS54,"조회수 1,508회",좋아요 35개,싫어요 없음,
"국민연금이 지분을 늘리는 씨에스윈드, 美 공장도 인수·수주 계약도 / 공진단 / 한국경제TV",2021. 6. 21.,http://www.youtube.com/watch?v=RUhpM39BS54,"조회수 2,838회",좋아요 55개,싫어요 1개,무조건 같이 갑니다. 씨윈!|씨에스윈드  관심종목이라 사팔했는데 앞으로는 모아가야겠네요~
FOMC충격 지속...극복될까? 중소형 건설·철강 눈 여겨 보자 / 강영현의 진짜전략 / 한국경제TV,2021. 6. 21.,http://www.youtube.com/watch?v=RUhpM39BS54,"조회수 8,164회",좋아요 189개,싫어요 8개,"이분 말투 겁나 친근하네요ㅋㅋ|구수하네~~~~~~~~ㅋㅋ|글로벌경제에 박학다식이 
호랑발톱 같은데요 멋짐뿜뿜|농사 잘 지으실거 같다.
소도 잘 키우실거 같고.
진심이 느껴지네.|한구켱제TV  매일 빠짐없이 시청하고 도음 받고 있어요.
감사합니다.|D L 건 설|내용이 70대어르신의 경험에서 얘기하시는것 같네요 농촌출신인가?|나이스가이 ~~~~~"
향후 2~4년 강세 예상되는 곡물 원자재  / THE PULSE  / 한국경제TV,2021. 6. 21.,http://www.youtube.com/watch?v=RUhpM39BS54,"조회수 1,403회",좋아요 30개,싫어요 1개,
주요 이벤트 종료 “프리 어닝시즌 진입” / 선택! 오늘의종목 / 한국경제TV,2021. 6. 21.,http://www.youtube.com/watch?v=RUhpM39BS54,"조회수 5,256회",좋아요 165개,싫어요 1개,"감사합니다~~|박부장님 매우 감사드립니다!|박병창부장님
잘 듣고 있습니다.|ㅂ2|더존비즈온 가즈아 ㅎㅎ|조금만 천천히 여유있게 말씀하심 좋을 듯 해요"
기술주 ‘견조’…지속 가능할까? / 글로벌금융 투자센터 / 한국경제TV,2021. 6. 21.,http://www.youtube.com/watch?v=RUhpM39BS54,"조회수 1,256회",좋아요 47개,싫어요 2개,"❤ # 티피씨글로벌 # 열배 간다 = 이재명 (이정훈 대표..동갑,안동출신,안동기업,향우회장)
        (안동기업 - 동신건설...매출 300억 적자가 20배 상승...현재 시총 5,000억)
❤ 시총 500억...매출 800억  이익 30억  순자산 1,200억 -코스닥 해성티피씨 지분만 500억
❤ 전기차&로봇감속기..BMW Crysler Ford TOYOTA  현기차=티피씨글로벌 *시총 1조 간다"
"[한상춘의 지금세계는] 어느 날 갑자기 ‘제로’ 코인, 실제로 발생… 코인개미 “원금 1억원이 한순간 0원 됐어요 / 한국경제TV",2021. 6. 21.,http://www.youtube.com/watch?v=RUhpM39BS54,"조회수 9,681회",좋아요 207개,싫어요 14개,
오늘장 놓쳐선 안 될 당신이 잠든사이 일어난 해외 이슈 7 / 출근전 꼭 봐야하는 글로벌 이슈 / 한국경제TV,2021. 6. 21.,http://www.youtube.com/watch?v=RUhpM39BS54,"조회수 64,616회","좋아요 1,605개",싫어요 28개,"꺄끄~~한주 출발~~~~|꺄끄|홍성진 캐스터~~ 정말 기계처럼 또박또박 정확하게 발음 좋습니다! 화이팅입니다|이번주 시작을  꺄끄와 함께 ᆢ|한주의시작
감사드립니다|썸네일 바껴서 한참 찾았어요|꺅|오늘의 꺅끄♡|썸넬바껴서 꺄끄 못들을뻔~|한주의 시작도 까끄와 함께♡|한국경제Tv로 하루를 시작합니다 아직은 이해가 어렵지만 무조건 시청하고 봅니다 오늘도 좋은하루 행운을 빕니다🍀|박고운 아나운서 최고다 👍 
사랑해요 꺅끄~|썸네일ㅎㅎ 너무좋다끄!|Welcome back 홍성진캐스터~ 즐거운 한주 되세요|꺅모닝|꺄끄!|끼야꾸!|강다은 캐스터도 너무 멋지고 아름다우십니다!|1빠 12꺅끄♥|월욜 꺄끙^^|꺄끄~~!|지난주 마감시황 전해드렸습니다아~ ^-^ 😀|오늘도 꺄끄!!!|고은님 너무 예뻐요♡ 사랑해요|우와~~ 홍성진캐스터 목소리가 신뢰감있고 엄청 안정적이어서 듣기 좋아요^^|꺄끄 ♡|마감시황 끝나고 글로벌 이슈투데이 전 나오는 음악 뭔지 알려주세요~~~|ㅎㅎ.... 진짜....|까끄~~ㅎ|선 깍끄후 시청|땡큐!|감사합니다|항상 잘 보고있습니다|사람들은 왜이렇게 꺄끄에 열광하는가 ㅋㅋㅋㅋ|꺄끄~~🙃|5:30 오늘자 꺆끄 😍|꺅끄 ~|1일1 꺄끄|좋은 뉴스 감사합니다. 즐거운 한주 되세요.|16:50"
인간과 로봇의 조화를 꿈꾸는 기업 트위니 천홍석 대표 / 혁신성장코리아 / 한국경제TV,2021. 6. 19.,http://www.youtube.com/watch?v=RUhpM39BS54,"조회수 6,710회",좋아요 147개,싫어요 5개,
"[경제전쟁 꾼 16회] ‘빅4 리서치센터장’ 하반기 증시 핵심변수, 삼성전자 부활? 금리인상 시점? 유망업종은? (김지산, 신동준, 윤지호, 최석원, 김동환)",2021. 6. 18.,http://www.youtube.com/watch?v=RUhpM39BS54,"조회수 221,432회","좋아요 5,055개",싫어요 147개,"00:00 하반기 시장 전망과  전략
11:50 자동차, 반도체 상승반전할까?
13:19 외국인의 귀환, 언제?
19:55 테이퍼링 시기 영향은?
23:52 경기과열, 금리는 하락 이유?
33:59 수출 호황! 하반기 상승 동력?
35:47 삼성전자, 10만 전자 가능?
39:15 불확실 시대, 성공 투자전략!|헛 진짜 신들의전쟁이네.내로라는 센터장들 대박. 김프로 섭외력 칭찬합니당|다 이미 알고있는 얘기. 좀더 대담하게 본인 의견을 내는 토론으로 만들어주세요|윤지호 센터장 님 말씀 옳다고 생각해요. 컨센이 너무 앞서가니 실적 나오면 주가 하락...|증권사 직원들은 당연히 오른다 그러지 자기들 밥그릇 챙겨야하는데 ㅋㅋㅋ|윤센이 최고다|좋은 영상 감사합니다^^|삼전사야겠네 ㅋㅋ|감사합니다.|좋은 내용 잘 참고하겠습니다. 선택은 내가 ~~|넘 알찬 방송 감사드려용:)|윤지호 화이팅!!!!^^|아주 좋은 내용입니다.주가가 너무 많이 오른 현상태에선 개미가 수익을 내기가 힘들것 같아서
최근 대폭 배당위주의 투자로 바꾸고 등락에 신경끄기로 했어요.어차피 은행금리가 원체 낮아서|촬영날짜도 함께 올려주심 감사하겠습니다|[요약/느낀점] '테이퍼링 이슈는 선반영되었으니 신경 쓰지 말자'는 것이 핵심|주식 격언... 누구나 상방을 외칠 때, 진정한 하락이 시작한다.|단 한번도 맞는걸 보질 못했다 ㅎㅎㅎ 단한번도 ㅎㅎ 애초에 3000을 그렇게 훅넘을거라고 예상한 인간들 한명도 없었고 ㅎㅎ|잘들었습니다 감사합니다|증권회사 직원들인데.. 다 상승을 노래하지...당연할걸|윤지호 센터장님의 의견에 공감하며 한표드립니다~~^^|너무감사합니다~👍👍👍|포트짜는데 많은 도움되었습니다 감사합니다!|증권사 견해가 비슷하면 대체로 안 맞던데...
아무튼 감사합니다.|와우 신동준센터장님|주린이여서 어린이가 대학 강의 듣는 느낌이지만, 3회 복습하니  이해가 되네요
유익한 정보 감사드려요^^|분명히 장의 흐름은 바뀌고 있는 데
계속 좋다고 하는 것 거짓말이라는 거지.
상황에 따라 판단이 바뀌어야지 
무조건 상승이라면 뭔가 의심해 봐야 한다.|ㅇ|27:05 틀리셨네요 ㅎㅎ|윤센터장 홀로 외롭게  솔직한  말씀 용기 있다고 생각합니다🙆‍♀️

올라간다고  하면 인기야 있겠고 
열광하겠죠  
리스크  관리 중요하다고 봅니다 

증권사들이야  무조건  go를  외치겠죠|김프로님 하우스라는 표현 안한다고 해놓고 자꾸..|주식으로 수익을 내는 사람은 긍정론자이다. 전 이말에 동감합니다. 우리 장을 너무 부정적으로 볼 필요 없고 리스크 관리를 하면서 장기적인 우상향을 즐기면 됩니다. 좋은 방송 감사합니다.|3600|올해 후반기의 큰 그림을 볼수있었습니다 콘텐츠 최고입니다 항상 챙겨보고있어요 👏👏👏|삼전에 개미투자가 역대급550만명인데
올라가겠니
역시 기관사람들.,..|약상승에  전반적인횡보박스장....|전문가?????|유튜브에서 배인재 검색하면 재미있는 주식이야기와 영어배우기 동영상 있어요^^ 공매도 세력에게 매운 맛을 보여줍시다|수업 잘 들었습니다 ㅋㅋ|신동준 센터장님 학생때, 교수님 가장 좋아했었는데 ^^ 여기서 보니까 반갑고 멋지십니다~ 하반기 성장주 봐야겠네요! 염블리님과 불사조님 콜라보 영상을 방금 불사조 유튜브에서 보고왔는데 좋은 얘기 많이 들었거든요, 여기에 경제전쟁 꾼까지~~ 주말에 고퀄리티 강의를 들은 것 같아서 배가 부르네요 ^^|다음주 부터 조정나옵니다
조심하세요
나중에 욕먹지마시고"
MZ세대의 밈(Meme) 투자 돌풍. 카카오 너도?  / 오기석의 미리보는 글로벌 이슈 / 성공투자 오후증시 / 한국경제TV,2021. 6. 18.,http://www.youtube.com/watch?v=RUhpM39BS54,"조회수 6,529회",좋아요 124개,싫어요 2개,"감사합니다 :)|아 카카오도 밈타나요~ ㅎㅎ 기대할게요!|오법인장님 앵커님 잘 보겠습니다.감사합니다.|❤ # 티피씨글로벌 # 열배 간다 = 이재명 (이정훈 대표..동갑,안동출신,안동기업,향우회장)
        (안동기업 -동신건설...매출 300억 적자가 20배 상승...현재 시총 5,000억)
❤ 전기차 & 로봇감속기 제조...시총 500억...순자산 1,200억 -코스닥 해성티피씨 지분만 450억
❤ 애플카..BMW Crysler Ford TOYOTA 닛산 현대기아차 협력사=티피씨글로벌 * 시총 1조간다|카카오 조금씩 모아야겄네요|20-30세대는 그냥산다투자법 오르면사고 떨어지면 판다 투자법"
완성차! 없어서 못 판다 부품주 실적 기대해볼까 / 최성민의 빅샷+ / 최성민 앵커 글로벌 투자 전략가 / 한국경제TV,2021. 6. 18.,http://www.youtube.com/watch?v=RUhpM39BS54,"조회수 5,702회",좋아요 155개,싫어요 4개,"감사합니다|감사합니다 ^^|반도체?|구독헸습니다.|❤ # 티피씨글로벌 # 열배 간다 = 이재명 (이정훈 대표..동갑,안동출신,안동기업,향우회장)
        (안동기업 -동신건설...매출 300억 적자가 20배 상승...현재 시총 5,000억)
❤ 전기차 & 로봇감속기 제조...시총 500억...순자산 1,200억 -코스닥 해성티피씨 지분만 450억
❤ 애플카..BMW Crysler Ford TOYOTA 닛산 현대기아차 협력사=티피씨글로벌 * 시총 1조간다"
달러 강세 심상찮다! 하반기 변수는 ‘외국인’ / 최성민의 빅샷+ / 신중호 이베스트투자증권 연구위원 / 한국경제TV,2021. 6. 18.,http://www.youtube.com/watch?v=RUhpM39BS54,"조회수 10,251회",좋아요 218개,싫어요 5개,"❤ # 티피씨글로벌 # 열배 간다 = 이재명 (이정훈 대표..동갑,안동출신,안동기업,향우회장)
        (안동기업 -동신건설...매출 300억 적자가 20배 상승...현재 시총 5,000억)
❤ 전기차 & 로봇감속기 제조...시총 500억...순자산 1,200억 -코스닥 해성티피씨 지분만 450억
❤ 애플카..BMW Crysler Ford TOYOTA 닛산 현대기아차 협력사=티피씨글로벌 * 시총 1조간다|저도 sm들고있어요 ~~~감사합니다  그리고 알림오면 바로바로 시청합니다|킹베스트 신중호위원님 최고!|최선생님이 몇달전 말씀하신 에스엠은 테슬라다. 명언이셨습니다. 진원생명과학도 오늘 상한가네요. 감사드립니다|원달러환율 3-3파동중 8월안에 1200 1차 1500 2차 파동나옵니다. 무조건.|대가리를 왜 저따위로 ...|달러강세없음1100-1200원박스권삼년이상지속학것임한국사람달러사서고생하는사람너무많음금리상승도제한적호들값떨어도안정적일것임"
300조 메타버스 시장 찐 수혜주를 찾아라 / 최성민의 빅샷+ / 이상로 와우넷 파트너 / 한국경제TV,2021. 6. 18.,http://www.youtube.com/watch?v=RUhpM39BS54,"조회수 5,238회",좋아요 82개,싫어요 3개,"❤ # 티피씨글로벌 # 열배 간다 = 이재명 (이정훈 대표..동갑,안동출신,안동기업,향우회장)
        (안동기업 -동신건설...매출 300억 적자가 20배 상승...현재 시총 5,000억)
❤ 전기차 & 로봇감속기 제조...시총 500억...순자산 1,200억 -코스닥 해성티피씨 지분만 450억
❤ 애플카..BMW Crysler Ford TOYOTA 닛산 현대기아차 협력사=티피씨글로벌 * 시총 1조간다"
A I의료사업 속도 부진 그럼에도 주목하는 이유 / 최성민의 빅샷+ / 강준혁 와우넷 파트너 / 한국경제TV,2021. 6. 18.,http://www.youtube.com/watch?v=RUhpM39BS54,"조회수 1,898회",좋아요 52개,싫어요 3개,
베스트 애널리스트 출신 CEO 동학개미에게 전하는 투자 조언 / 나의 투자 / 조윤남 대신경제연구소 대표 / 한국경제TV,2021. 6. 18.,http://www.youtube.com/watch?v=RUhpM39BS54,"조회수 2,638회",좋아요 74개,싫어요 3개,"사회자분 서론이 너무 길고 사족이 너무 많네요|애매하다 하반기는 ㅋㅋㅋㅋ
무슨 얘긴지? ㅋㅋㅋㅋㅋ
주식을 확신 없이 사는 사람이 있을까요? 
다 확신을 가지고 사지 ㅋㅋ|지금의 문제는 상방을 동학개미들이 올리면 연기금이 
포트 에서 매도치고 그 기간이 4개월 간 으로 지친 겁니다 
결국 외인이 들어와야 하는데 환율이 1100원대니 
안들어오는 겁니다 
간단 원리|https://youtu.be/22bwc76aQUE 
주식 마음편히 투자해야하는 정확한이유|지루한 빤한 사회자 부터 싫은데 더구나 혼자 말하네
지겨워서 못 듣겠다"
탐방 기업 리포트 바디텍메드 / 나의 투자 / 도현정 메리츠증권 부장 / 한국경제TV,2021. 6. 18.,http://www.youtube.com/watch?v=RUhpM39BS54,"조회수 2,640회",좋아요 45개,싫어요 없음,"감사합니다|매수 추천 아니다..
난 여기서 죽을힘을다해 3달를 버티고있다
아무도 오지마
나같은 사람만 먹을 자격있어.."
제이시스메디칼 실적·밸류에이션 매력적 / 나의 투자 / 윤주호 엄브렐라리서치 대표 / 앞으로 종목 / 한국경제TV,2021. 6. 18.,http://www.youtube.com/watch?v=RUhpM39BS54,"조회수 2,269회",좋아요 57개,싫어요 2개,
손현정의 오늘장 뽀개기 (6/18) / 나의 투자 / 오전장 복기 / 한국경제TV,2021. 6. 18.,http://www.youtube.com/watch?v=RUhpM39BS54,"조회수 1,440회",좋아요 21개,싫어요 없음,짱이에요
테이퍼링 논의를 논의? 신중한 미 연준 미세조정을 넘은 '극세사조정'(김일구)/ 주식경제 이슈분석 / 한국경제TV,2021. 6. 18.,http://www.youtube.com/watch?v=RUhpM39BS54,"조회수 9,539회",좋아요 221개,싫어요 8개,"내 마음속 방향타에서 가장 큰 지분을 가진 분,|일구상무님 해석 좋아요~^^|자주뵙고싶습니다~~|ㅋㅋㅋ 너무 웃기다 다우가 10일째 음봉입니다|미국채 2년물-10년물 스프레드가 줄고 있습니다..

영상 감사드립니다|사실 연준의 이번 FOMC에서의 스탠스가 매파적인 것도 아니었는데
월가에서 매파적이라고 떠드는 것만 봐도 이미 하방에 베팅했다는 증거임.
9월까지는 빠질 일만 남았음.
파월이 그렇게 두리뭉실하게 언급해도 월가애들은 본인들이 급락시켜야 되면
필요에 따라 매파적이라고 해석함. 주가를 끌어 올려야되면 비둘기파 적이라고 하고.
똑같은 사실을 보고도 본인들 입맛에 따라 해석함.
미세조정이냐 아니냐는 어디까지나 월가가 판단하는 것임.|아니 김일구 상무님 올해 미국채금리 2%넘길거라면서요.. 국채금리 이게 뭔가요ㅠㅠ"
삼성출신 이세철 베스트 애널이 보는 반도체 전망 핵심! 역대급 호황 온다? / 반도체가 온다 / 한국경제TV,2021. 6. 18.,http://www.youtube.com/watch?v=RUhpM39BS54,"조회수 40,291회",좋아요 720개,싫어요 22개,"명쾌하고 객관적인 분석 잘 들었습니다.|이세철 상무님.. 실력있는 분이 나오셨네요 정말 도움 많이되고 있습니다|CNBC방송 콘퍼런스에서 팻겔싱어  인텔 최고경영자가 반도체 성장률 상향 조정하고
특히 삼성전자와 SK하이닉스가 주도권을 쥐고 가장 큰 수혜자로 앞으로 10년은 호황이라는데
빠른 반도체의 상슬률을 기대합니다|메모리 주가 넘 많이 올랐나|전쟁도안했는데 집을뺐기고 노숙자신세가되는세상 광명뉴타운에는 국가유가족에게 입주권도안주고 강제로내쫒아버리는것은 국민차별 노숙자양성 양극화시대 보이지않는 전쟁이다 라는 말이 왜 이렇게. 모든뉴타운에서 집을뺐겨버린원주민들에게 입주권이라도 찾아주어야 진짜민주주의정부 입니다|반도체 다시 가자|분석은 참 좋은데요..수급이 별로라서 눈치게임중임니다 ..|할렐루야 아멘  원래 경기란 왔 갖다 합니다  다들 힘내새여..아자자자자자|좋다는데 주가에반영이않되냐..|전문가라 어렵게 얘기하네 그럼 ㅜㅡ뭐 있어 보이나!
현재 D램 메모리 단가 자체가 안 오르는데 무슨 슈퍼 싸이클 이라는 건지? 
수요가 더 많다? 무슨 근거지? 수요가 많을 경우 
D램 고정가가 왜 안 오르지? 
말이 안 맞지 
서버D램 낸드 모두 단가 횡보인데 
무슨 ㅋㅋㅋㅋㅋ 참 …|마이크론 폭락.|제가 주식유튜브 안보는 채널이 없는데 주식 유튜버중 실시간 실전매매 원탑이네요
주식으로 10만원에서 30억으로 만들고 종목에 대한 매매 날짜랑 가격대 계좌까지 전부 다 까 놓고 매매하는데 승률이 계산해보니 98.7%더군요
[주식의정석]이란 채널인데 아마 은둔고수로 추정이되는데요 입으로 주식하는 사람들하고는 차원이 다르네요
광고 아니니 오해없으시길..|삼전 팔아야할 시기인가보다 경제지에서 사라는 식으로 말하면 팔아야 하는 시기임|앵커님 눈빛에 쏘여서 기절할 지경입니다. 
 So~~~ sexy~
성형이나 화장의 힘은 아닐 듯 하고요. 
저런 눈빛은 자고로 경국지색‥
지적이기까지하고. 
몹시 매력적, 뇌쇄적이네요|저 사람 삼성전자에 많이 물렸나보다.  삼성전자 시총이 500억인데. 이걸 끌어 올리려면 이제 외국인이 사주는 수밖에 없다.  그런데 외국인은 미국 증시가 워낙 좋아서 우리나라에 눈돌릴 필요가 없다. 우리나라 동학개미들은 대부분 삼성전자에 이미 데여서 추가 투자는 안해. 오히려 탈출 기회만 기다리고 있는 상황이다. 딱 8만원 무너지면 그거 지지해주는 것이 동학개미들 패턴이야. 그거 아니까 외국인이랑 기관이 계속 털어먹는거고. 동학개미는 계속 또 물리고.  그냥 79000-83000원 사이에 가둬놓고 희망고문하면서 신규개미들 탈탈 털고 있다."
수익률 상위 1% 주식 초고수의 선택/ 한국경제TV / 증시라인,2021. 6. 18.,http://www.youtube.com/watch?v=RUhpM39BS54,"조회수 5,479회",좋아요 77개,싫어요 3개,"https://youtu.be/22bwc76aQUE 
주식 마음편히 투자해야하는 정확한이유|아나운서님
너무 이쁘십니다 👍🏻|●    ■ 



서울 구축아파트 핵폭발 상승률은 

♡♡전농sk아파트 30평대♡♡ 

gtx +면목선
지하철역이 정문 

청량리개발 직접호재|ㄷㅅ민국 권력자 졸개들은 국민을 사기쳐서 양키한테 조공을 바쳐랴 하기에 공매도나 ipo를 양키에게 현저히 유리하도록 운용한가.
안그래도 정보격차와 외환 종속성에 기울어진 운동장이니 얼마나 불리한 거냐?
이러니 우리 국민개미는 이미 알고 있는 수법에도 아느 한순간 마음 놓으면 당하기 일쑤인 게다."
[글로벌사인즈] 외국인 투자 전문가가 선택한 꼭 보유해야 하는 종목 / 진저 루이스 엘리베이트 피트니스 트레이닝 센터 설립자 및 대표 / 한국경제TV,2021. 6. 18.,http://www.youtube.com/watch?v=RUhpM39BS54,"조회수 1,107회",좋아요 12개,싫어요 없음,
ETF가 시장 흔든다 거짓 수급에 속지말고 자연자본 관련주 주목 / 이승조의 진짜전략 / 한국경제TV,2021. 6. 18.,http://www.youtube.com/watch?v=RUhpM39BS54,"조회수 90,452회","좋아요 2,569개",싫어요 81개,"이승조선생님 정말 감사드립니다. 한발앞서시니 항상 갸우뚱 하게 되다가 결국에는큰수익을보게됩니다.항상존경합니다❤❤|선생님의 시장을 보는 남다른 시각은 실로 존경스럽습니다.|무극선생님 덕분에 큰 수익 얻고있어요 진심으로 감사드립니다!!!!|난 이 두 분 조합이 왜 이리 재밌지... ^^|진짜 주식의 대가|이대표님,
정말 대단하십니다,

♥️|이분이 진정 전문가네요 
잘보고 있습니다.|대표님 알고부터 계좌가 붉게 변하네요
감사합니다~~^^|이승조대표님  노력하시는 모습에 박수를 보냅니다 최고방송입니다|차원이 다르십니다ᆢ|계속 찾고 보게되는 이승조쌤님
매일 보고 싶어요|무극쌤거는 꼭 찾아 봅니다
감사합니다 쌤🙏|존경합니다 ♡♡|늘 감사한 마음으로 듣고 있습니다!
건강하시고  행복하세요! ~^^|진짜 금 급락중이에요 ㄷㄷ|이승조대표님
저도 존경합니다..
열정적인 모습에|이대표님  늘  감사드려요|밸류에이션으로 봤을때도 알리바바가 팡주보다 훨씬 저평가되어있어서 지금 사는게 맞다고보는데 다른 흐름으로 보시는데도 틀린 말씀이 아니라는게 신기함...|항상 감사합니다~|감사합니다 선생님|무극선생님 항상 열심히 챙겨듣고있습니다. 다른분들과 다른시선이어서 고개를 기웃했지만 결국 주식을한발빠르게 보셨더군요.아직 추천 매수 매도는 차마못했어도 지금부터 집중해보려합니다.|선생님 감사합니다 ~~~|감사히 잘 듣고 있습니다.|감사합니다|수고  하셔습니다~|감사합니다|선생님~감사합니다|감사합니다|선생님..존경합니다..|선생님
존경합니다.

건강하세요|대표님 감사합니다~|이승조 대표님 방송 출연한다기에 얼른 티비 앞으로.
감사합니다.|감사합니다|이승조쌤~💗👍👍👍|듣고싶은 이야기, 말씀해주셔서 감사합니다. 대단하십니다^^급한 매매는 투기나 마찬가지죠. 요즘 한경에 좋은 분들 많이 나와서 좋아요. 염블리님은 저의 최애.. 그 다음은 불사조. 며칠 전 두분이 함께 방송하기도 했는데,, 불사조 이정복 전문가도 한번 나왔으면 좋겠네요.^^|안녕하세요 늘 건강하세요 오래오래 같이할수있게요|까까오|감사해요 선생님|실전투자는 무극선생님 가르침대로 ~!|ㄴ   63"
영업이익 흑자전환 전망 OCI / 한국경제TV / 증시라인,2021. 6. 18.,http://www.youtube.com/watch?v=RUhpM39BS54,"조회수 9,541회",좋아요 157개,싫어요 6개,"와드박아놓습니다|염블리|대단하네요|최고의 분석가~~|제가 주식유튜브 안보는 채널이 없는데 주식 유튜버중 실시간 실전매매 원탑이네요
주식으로 10만원에서 30억으로 만들고 종목에 대한 매매 날짜랑 가격대 계좌까지 전부 다 까 놓고 매매하는데 승률이 계산해보니 98.7%더군요
[주식의정석]이란 채널인데 아마 은둔고수로 추정이되는데요 입으로 주식하는 사람들하고는 차원이 다르네요
광고 아니니 오해없으시길..|내맘대로산거 마이너스15프로 염부장님 방송보고공부하고산거 수익5퍼

많이배웁니다|역시 염부장님|염부장님 종목감사드립니다
공부해보겠습니다|제발좀 잘가는 주식언급해서 떨구지좀마라~~~~~"
"900억 빌린 방시혁, 괜찮아?  / 공진단 / 한국경제TV",2021. 6. 18.,http://www.youtube.com/watch?v=RUhpM39BS54,"조회수 2,512회",좋아요 37개,싫어요 2개,"900억이 하이브에게 돈이겠어요~ㅎ ㅎ ㅎ 계약되고 받은 돈이 두세군데 만 계산기두둘겨도 저정도보다 많지않을까.싶은데|900억ㅋ 뭐할라고 돈 걷었을까?|투자하려고하는거죠|BTS괜찮나요? 미국에서 젊은시간을 쏟아붓고있는데...
타격 입지않길 바래요~"
"[한상춘의 지금세계는] / 금리인상 시사한 6월 FOMC ‘시장 평가’ ‘원‧달러 환율↑ 금값 급락’, 어디까지 지속? / 한국경제TV",2021. 6. 18.,http://www.youtube.com/watch?v=RUhpM39BS54,"조회수 9,526회",좋아요 212개,싫어요 21개,
"美 투자, 실적 장세 대비하라 / 유동원의 글로벌 포트폴리오 / 한국경제TV",2021. 6. 18.,http://www.youtube.com/watch?v=RUhpM39BS54,"조회수 5,387회",좋아요 373개,싫어요 5개,"👍|갓동원님~~|감사합니다|유동원화이팅|1|감사합니다|감사합니다|감사합니다|본부장님👍|유본부장님 쵝오~~|감사합니다.|자주 나와주세요~~감사합니다|본부장님 감사합니다.|잘듣고갑니다~|유동원본부징님 짱^^*|본부장님 감사합니다|따봉 👍|본무장님 짱|유동원 본부장님 홧팅!|최고십니다!!!|잘 듣고 갑니다 ^^|본부장님  방송만 찾아봅니다|늘 잘보고 있습니다|최고입니다|최고입니다|말씀잘들었습니다. 감사합니다.|본부장님 잘들엇습니다|유본부장닝 감사합니다 
잘듣고있어요|💯🙏🙏🙏|감사합니다 선생님|유 본부장님, 감사합니다~😊|믿고듣는 유본부장님 감사합니다.|믿고 보는 갓동원님!!! 감사합니다~~~|반도체 2%넘게 하락!!! 도대체 언제 오른다는 건지...ㅋㅋㅋ 퀉컴 & 태양광은 4개월 넘게 계속 바닥!!! 당신은 도대체 어떤 사람 입니까???|본부장님 최고 입니다 항상 감사합니다|갓동원~~ 
깊은 인사이트와 뷰 항상 감사합니다~~|결국 유본부장님이 맞았네요. 금일도 감사합니다.|본부장님 나오는 방송은 모두 찾아듣습니다 
데이터가 워낙 많으셔서 반복학습 하느라 ^^;; 
물론 다른분 방송도 듣지만 꾸준히 데이타를 중심으로 말씀하시는분은 많지 않은듯 해서 이분은 믿고 봅니다|들어보면 그럴듯한데 실제로는 돈잃기 딱좋은 인사이트임|제가 주식유튜브 안보는 채널이 없는데 주식 유튜버중 실시간 실전매매 원탑이네요
주식으로 10만원에서 30억으로 만들고 종목에 대한 매매 날짜랑 가격대 계좌까지 전부 다 까 놓고 매매하는데 승률이 계산해보니 98.7%더군요
[주식의정석]이란 채널인데 아마 은둔고수로 추정이되는데요 입으로 주식하는 사람들하고는 차원이 다르네요
광고 아니니 오해없으시길.."
오늘장 놓쳐선 안 될 당신이 잠든사이 일어난 해외 이슈 7 / 출근전 꼭 봐야하는 글로벌 이슈 / 한국경제TV,2021. 6. 18.,http://www.youtube.com/watch?v=RUhpM39BS54,"조회수 73,723회","좋아요 1,947개",싫어요 43개,"5:40  오늘의 꺅끄♡|박고운 캐스터님 시황 정리 👍👍|꺄끄^~^/|나날이 발전하는 까끄😁😁😁|다들 뉴스에는 집중 안하시고 꺄끄만 돌려보시나ㅋㅋㅋㅋ|고운이 꺄끙 꺄끄^^^|5:41 꺄끄!!|금요일 꺄끄 보러 왔습니다.|오늘 장 마감시황 전해드렸습니다아~^-^ㅎ|꺄끄누나 나왔어~~~ㅋㅋ|굿모닝 꺄꾸~~♡♡|꺄끄~!😍😍😍|불금 꺄끙^^|꺄끄님들 ㅎㅇ|감사합니다 🙏 💕|까ㅡ끄|한 주 동안 고생하셨습니다 ㅎㅎ|한 주 동안 정말 고생하셨고 좋은 정보 전달해주시어 💓 감사해용|오늘도 감사합니다!|감사합니다~|꺄끄 ♡|꺄끄♡|꺅모닝♡|꺄아끄|구독자 60만 넘었네요~
축하드립니다^^|아침마다 꺄끄~ 지수 소리 들어야 잠 깸♡ 이뻐요♡|감사합니다|까끄~|감사합니다|꺄끄꺄끄~|꺄끄|꺄끄 들으러 왔어용|와우~워렌버핏 포트폴리오 종목까지~~!
알찬내용 너무 감사합니다~
구독했습니다.
한 주 동안 수고하셨습니다.|꺄끄 ㅋㅋㅋㅋㅋㅋㅋㅋㅋㅋㅋ 나만한생각이 아니였네 ㅋ|홍성진 캐스터님 영어신문좀 많이 읽어주세요|감사드립니다^^|꺄끄 누나 안녕ᆢ|매일아침의시작을 함께합니다
감사합니다~😍|1등|오늘은 금요일인데요??"
"삼성, ‘보다폰 5G 사업’ 수주 美日에 이어 유럽도 진출  / 최성민의 빅샷+ / 이상로 와우넷 파트너 / 한국경제TV",2021. 6. 17.,http://www.youtube.com/watch?v=RUhpM39BS54,"조회수 6,438회",좋아요 110개,싫어요 1개,"감사합니다.|머큐리
전반기 5G투자부진에 주가 부진 이어가, 최근 삼성전자 영국 보다폰 5G사업 수주
후반기 5G장비 투자 본격화 전망에 강세
피피아이, 쏠리드, 에이스테크, 서진시스템 등 안테나 관련주 우선선호도
하지만 5G 투자에 대한 불확실성 여전, 6G로 넘어가려는 움직임도 일부 보여
머큐리 공공와이파이 확대는 디지털뉴딜 정책의 일부, AP 독점적 위치에 수익성개선기대
목표가 12000원 전망, 대안주 : 서진시스템, 에이스테크 기관 매수세 유입, 후반기 미국내 5G 주파수 경매 기대감 직접적 관련"
특집 코스피 레벨 UP 하반기 주도 산업은 / 최성민의 빅샷+ /김병연 NH투자증권 투자전략부 부장  / 한국경제TV,2021. 6. 17.,http://www.youtube.com/watch?v=RUhpM39BS54,"조회수 4,364회",좋아요 107개,싫어요 4개,최성민앵커님 언급해주신종목 감사합니다. ㅎ
스마트폰 시장 성장 기대 OLED소재 주도주는 / 최성민의 빅샷+ / 박근형 IBK투자증권 영업부 차장 / 한국경제TV,2021. 6. 17.,http://www.youtube.com/watch?v=RUhpM39BS54,"조회수 4,574회",좋아요 95개,싫어요 3개,엘디 공매도와 싸워 꼭이겨 한강 보내고 만다. 엘디스탑 가즈아
히든마켓 – OLED소재 애플 ‘아이폰13 출시’ 기대 / 최성민의 빅샷+ / 최성민 앵커 글로벌 투자 전략가 / 한국경제TV,2021. 6. 17.,http://www.youtube.com/watch?v=RUhpM39BS54,"조회수 1,819회",좋아요 45개,싫어요 1개,항상 잘 듣고 있어요.배울게 많습니다|그러게요. 우연히 봤는데 내용좋드라구요
'노마스크' 중국 수혜주 K-뷰티 / 한국경제TV / 증시라인,2021. 6. 17.,http://www.youtube.com/watch?v=RUhpM39BS54,"조회수 2,121회",좋아요 34개,싫어요 없음,
하반기 증시전망 이거 보시면 됩니다! / 나의 투자 / 윤지호 이베스트투자증권 본부장 / 한국경제TV,2021. 6. 17.,http://www.youtube.com/watch?v=RUhpM39BS54,"조회수 40,557회",좋아요 970개,싫어요 35개,"윤지호 센터장님  얘기는 꼭 찾아서 참고합니다 ~~|본부장님  멋.지십니다.
초면이지만.굉장히 반갑습니다 
염블리님 께서 워낙 본부장님 자랑을 많이하셔서~^|주린이가 간과할 수 있는 ..ㅎ 핵심 부분을 짚어 주셔서 감사합니다 ^^|파리 아재~~|파리팀장님!!! 렛츠파리~!!! ^^|증시방향성 제시 감사합니다|나라의 경제를 이야기하는데, 파리가 앉았습니다.|전설의 파리 앵커님이시다...|감사합니다|내용은 좋은데 음향이 영 ㅠㅠ 제작팀 신경좀 써주세요|ㅣㅣ5ㄷ|킹베스트증권 대장님 오셨네|파리아저씨 오랜만이네요!!|파리가 앉았습니다|나소장님, 새 프로 진심으로 축하드립니다!|어제부로 월가는 이미 하방에 꽂힌 것 같음.|믿고보는 이리온|염블리님 덕에 본부장님 알게되었는데 이런 좋은 스승님이 또 계실줄이야~ 앞으로 영상 꾸준히 기대해도 되까요?^^ㅋ 설명을 넘 잘해서리~ 불사조님과 염부장님 콜라보 봤었는데 여기에 본부장님까지 셋이서 하심 찰떡 궁합이겄구먼~|ㅇㅈ|같은 이베스트 증권인데 염부장이랑 윤지호 본부장이랑 의견이 상이하네요.|시간을 앞당긴다고 하지만 실재 실시까지는 좀 오래걸릴 듯|윤센타장님 반갑습니다 ㅡ 젤   믿음이 가요|연준은 매파적,
테이퍼링 속도가 빨라질 듯. ..증권사 하반기 전망 장미빛?|이 분은 신중이 장점. 그 외엔 글쎄.. 삼전 2분기 예측 틀리고 전체 지수 추측도 틀리고.. 미국채 금리는 예측대로 올라서 시장이 출렁했지만 복구했지..|제가 주식유튜브 안보는 채널이 없는데 주식 유튜버중 실시간 실전매매 원탑이네요
주식으로 10만원에서 30억으로 만들고 종목에 대한 매매 날짜랑 가격대 계좌까지 전부 다 까 놓고 매매하는데 승률이 계산해보니 100%에 깝네요
[주식의정석]이란 채널인데 아마 은둔고수로 추정이되는데요 입으로 주식하는 사람들하고는 차원이 다르네요
광고 아니니 오해없으시길..|●    ■ 



서울 구축아파트 핵폭발 상승률은 

♡♡전농sk아파트 30평대♡♡ 

gtx +면목선
지하철역이 정문 

청량리개발 직접호재|삼성전자 총수가 감옥살이 중인데 집구석이 잘 돌아가겠나 대한민국이 심히 걱정됩니다 문통의 융퉁성이 뒷받침되지 못하는 한심함~~!"
티와이홀딩스 폐기물처리 자회사 모멘텀 기대 / 나의 투자 / 한병화 유진투자증권 이사 / 애널리스트 뷰 / 한국경제TV,2021. 6. 17.,http://www.youtube.com/watch?v=RUhpM39BS54,"조회수 4,901회",좋아요 129개,싫어요 9개,"인선이엔티 와이엔텍이 더 낫죠 ㅋㅋㅋㅋ
추천하신거 넘 마니 물려 있어 이제 좀 거르고 봅니다|여당대표건 누구건 잘못 알고 있는 것을 분명히 지적하는 한의원이어서 참 든든하다.....|나라경제 파리가 그 레전드분 이시네요"
손현정의 오늘장 뽀개기 (6/17) / 나의 투자 / 오전장 복기 / 한국경제TV,2021. 6. 17.,http://www.youtube.com/watch?v=RUhpM39BS54,조회수 986회,좋아요 32개,싫어요 2개,"휴젤 4프로빠졌는데 오름세란다
이거생방인가?"
FOMC결과와 해석 금리 상승 전망에 깜짝 놀란 시장 테이퍼 당겨질 수도(문홍철)/ 주식경제 이슈분석 / 한국경제TV,2021. 6. 17.,http://www.youtube.com/watch?v=RUhpM39BS54,"조회수 8,797회",좋아요 148개,싫어요 4개,"중요한 건 
실제 테이퍼링 실시 전에 10년물 금리는 피크 치고
주가는 바닥간다는 거지.|2년물부터 10년물까지 금리 폭등한 건 완전 무시해버리고 30년물 변동만 보고 판단한다고?ㅋㅋㅋ"
이륙시간은 끝났다 시장 내부에 집중하자 센터장에게 듣는 하반기 증시 전망(김형렬)/ 주식경제 이슈분석 / 한국경제TV,2021. 6. 17.,http://www.youtube.com/watch?v=RUhpM39BS54,"조회수 7,485회",좋아요 166개,싫어요 2개,"👍|제가 주식유튜브 안보는 채널이 없는데 주식 유튜버중 실시간 실전매매 원탑이네요
주식으로 10만원에서 30억으로 만들고 종목에 대한 매매 날짜랑 가격대 계좌까지 전부 다 까 놓고 매매하는데 승률이 계산해보니 98.7%더군요
[주식의정석]이란 채널인데 아마 은둔고수로 추정이되는데요 입으로 주식하는 사람들하고는 차원이 다르네요
광고 아니니 오해없으시길.."
금리 두 차례 올린다 증시 조정 폭도 커질까? / 이진우의 진짜전략 / 한국경제TV,2021. 6. 17.,http://www.youtube.com/watch?v=RUhpM39BS54,"조회수 24,928회",좋아요 547개,싫어요 18개,"이번 FOMC 에서는 파월의장이 본인 입으로
테이퍼링 논의 중이며 기준금리 두 번 인상 예정이라는 사실을
실토함으로써 사실상 인플레이션을 인정한 셈이고
테이퍼링은 향후 2개월 내에 공식발표하고 실시할 것 같고
금리도 다음번 FOMC 점도표에선 결국 2023년이 아니라 2022년
상승으로 바뀔 듯.
중요한 건 앞으로 테이퍼링은 언제든지 할 수 있는 시한폭탄이라는
점이며
지금부터 테이퍼링 공식발표 사이에
주가가 바닥으로 갈 확률이 매우 높다는 점임.
7, 8월은 외국인들 휴가기간이라 이달 중 급락이 올 확률이 높아 보임.
그래야 테이퍼링 실시할 때 다시 대세상승 시켜야 되니.
그래야 월가, 외국인들이 바닥서 담아 올해 목표수익을 올리지.
이미 화살이 활 시위를 떠난 것 같음.|감사합니다 소장님|인플레이션이 일시적>잠깐 조정 후 날라감/지속적>연준실패로 주식폭락|테이퍼링 논의할것을 논의했다...
재밌네요..^^;; 미연준!!|감사합니다|이분 짧고 간단하게 그래서 어떻다 이야기흘 안하고 뉴스브리핑식이라 다듣고나도 그래서 뭘멀하려는거지?늘 궁금함|이소장님의 좋은 방송 감사합니다|주식은 더 올라가고 부동산은 더 올라간다 금리 웃기쥐ㅎ|소장님 감사합니다|2년 뒤의 일을 왜 벌써부터 걱정하냐..|서민이 살기 힘든 나라요,, 이렇게 돈을 풀다니요|이진우  소장님  마무리맨트  감사합니다  ㅡ도움이 되었습니다|올해 금리 인상은 없고, 내년 말에 할거냐 내 후년에 할거냐로 시장이 판단하는 것 같습니다. 올해 하반기에는 인플레 압박이 줄어들 것이니 기준금리 인상을 당기려는 압박이 다시 느슨해 질 수도 있겠어요. 또 델타 변이가 세계 경제에 어느 정도 영향을 끼칠 것이냐고 중요하고요. 하반기에는 골디락스가 될지 연준이 매로 변화할지 알 수 있을거 같습니다. 3개월 더 지켜봅시다.|하경민 앵커님이 나오시면 다른 사람들 마이크 볼륨 높여서 녹화해야 하는데, 너무 목소리가 작게 녹화됐네요. 예전부터 사람들이 계속 댓글 달았는데, 신경을 안 쓰시는 듯...|돈풀면 인플래 당연한거지 연준의 뻥카가 얼마나 통할까|님들 2년뒤에 걱정이 지금 주가에 반영되네요 
2년뒤에 카카오 삼성 현대차는 어차피 성장|이진우 소장님, 항상 감사드립니다. 연합인포맥스도 잘 시청하고 있어요. 건강하세요.|제가 주식유튜브 안보는 채널이 없는데 주식 유튜버중 실시간 실전매매 원탑이네요
주식으로 10만원에서 30억으로 만들고 종목에 대한 매매 날짜랑 가격대 계좌까지 전부 다 까 놓고 매매하는데 승률이 계산해보니 100%에 깝네요
[주식의정석]이란 채널인데 아마 은둔고수로 추정이되는데요 입으로 주식하는 사람들하고는 차원이 다르네요
광고 아니니 오해없으시길..|표준어 좀 사용합시다. 욕도 자제하시고요"
"코로나 테마주로 급등했던 부광약품, 최대주주 지분 축소 / 공진단 / 한국경제TV",2021. 6. 17.,http://www.youtube.com/watch?v=RUhpM39BS54,"조회수 2,194회",좋아요 16개,싫어요 2개,"사기꾼집단|부광괜찮겠죠?|깡통차기 좋은 부광약품|부광은 조심하삼 기술력은 없고 사기성이 다분함|제가 주식유튜브 안보는 채널이 없는데 주식 유튜버중 실시간 실전매매 원탑이네요
주식으로 10만원에서 30억으로 만들고 종목에 대한 매매 날짜랑 가격대 계좌까지 전부 다 까 놓고 매매하는데 승률이 계산해보니 100%에 깝네요
[주식의정석]이란 채널인데 아마 은둔고수로 추정이되는데요 입으로 주식하는 사람들하고는 차원이 다르네요
광고 아니니 오해없으시길.."
"[한상춘의 지금 세계는]미 증시, 사상 최초 ‘점도표 쇼크’로 급락…한 증시, 과연 ‘금리 텐트럼’ 발생하나?",2021. 6. 17.,http://www.youtube.com/watch?v=RUhpM39BS54,"조회수 12,703회",좋아요 291개,싫어요 24개,
오늘장 놓쳐선 안 될 당신이 잠든사이 일어난 해외 이슈 7 / 출근전 꼭 봐야하는 글로벌 이슈 / 한국경제TV,2021. 6. 17.,http://www.youtube.com/watch?v=RUhpM39BS54,"조회수 72,980회","좋아요 1,968개",싫어요 47개,"꺄~~끄 들으러 왔습니다!|매일 아침 잘 보고있습니다 유익합니다|1771!@|🔋배터리 세계진출~ 감사합니다|꺄끄 ♡|아침엔 까끄~|목욜 꺄끙^^|고운누나랑 증시 얘기 하고 싶다 ㅠ 꺄끄 꺄끄|감사합니다|감사합니다|다음주 부터 랠리 고고|예쁘니앵커 두 분 다 목소리에 피곤이 묻었군요. 못주무셨나부다~~~ㅠ|오늘 장 마감시황 전해드렸습니다아~ ^-^ㅎ|꺄끄^^|5:57 꺄끄누나 넘모좋고
1일 10 꺄끄ㅋㅋ|꺄끄 누나 진짜 전달력 짱인듯ㅋㅋ|꺄꿍♡|꺅끄 들으러온 나는 무엇인가 🤭|꺄~~~끄♡|꺄끄듣고 갑니다~😀|와...불확실성해소 얼마나 기다렸노...휴 외인 매수들어오길|꺅끅|까크 들으러 많이 오네요 ᆢ|1일 1꺄끄~|강다은 캐스터님 파란색 잘어울리세요|감사합니다|꺅끄~♥ 마감시황 전해드렸습니 다아앙♥|좋아용|박고운씨 꺄꿍|3시간정도 밖에 못잤어요|까꿍|가즈아ㅏ|Fomc때문에 잠을 제대로 못 잤.....
오늘도 영상 감사합니다~~~~
꺄끄~~~~~~|5:58 오늘의 꺅끄♡|시장영향이 미미 하네|꺄끄ㅋㅋ|까끄 잘 듣고 갑니다 수고 하셨습니다 ^^|감사합니다|기준금리 동결인데.. 2년 뒤 올린다고 주식 떨구네.. 미리 걱정 왜 하는지 원.. 그때되면 달라질 수도 있는데..|♥♥♥ 자막뉴스 자체만으로 언제적 뉴스인지 알수있게끔 날짜 표시 부탁드려요 ~
☞ ex.
[본방송] 2021.6.17.05:30 '글로벌 이슈 투데이'"
‘플라스미드DNA’ 가치 4조원? 저평가 리포트 쏟아진다 / 최성민의 빅샷+ / 최성민 앵커 글로벌 투자 전략가 / 한국경제TV,2021. 6. 16.,http://www.youtube.com/watch?v=RUhpM39BS54,"조회수 11,411회",좋아요 283개,싫어요 9개,"굿 정보 감사 합니다|와 이 분 예상 분석 장난아니네.   진원 날아가네.   ㅠㅠ|좋은 정보~♡|에스엠에 이어 진원까지 형님 짱짱 ㅋㅋ|감사합니다|올릭스 분석부탁드려요   감사합니다  진원이처럼 상한가가게요 ㅎㅎ|최성민님 짱!! 진원생명과학 상한가 한번 쳤어요|어제 왜 안잡았을걸.|좋은정보|제가 주식유튜브 안보는 채널이 없는데 주식 유튜버중 실시간 실전매매 원탑이네요
주식으로 10만원에서 30억으로 만들고 종목에 대한 매매 날짜랑 가격대 계좌까지 전부 다 까 놓고 매매하는데 승률이 계산해보니 100%에 깝네요
[주식의정석]이란 채널인데 아마 은둔고수로 추정이되는데요 입으로 주식하는 사람들하고는 차원이 다르네요
광고 아니니 오해없으시길..|바이오쪽은 투자를 않하지만,
절찰병띄워봅니다...|빅샷 매회 잘 보고 있습니다.^^ 미국 이노비오 대표가 진원생명과학의 지분을 많이 갖고 있는데 지분율과 관련해서 좀 일이 있었던 것 같습니다. VGXI는 이노비오와 소송중이기도 합니다. 이 소송결과로 누가 뺏으려고 한 자인지 판단될 것 같습니다.|그래 조은 회사면 미국 자회사 나스닥 상장됐겠네요?
아니면 말이 앞뒤가|◆ 삼성전자(우): 강력 매수 신호 발생 -->매수 적기
5달간 조정 마무리: 이젠 급등 시점!
보통주와 갭 줄이려, 우선주 급등 시점: 우선주 매수 유리!
삼전(우): 공매도 제외: 우선주 공매도 염려 없어 상승 유리!

1. D램 슈퍼 사이클 도래
: 향후 3년간 반도체 실적 호황기
최근 D램값 70% 급등으로, 
실적 급증+주가 상승 당연지사!

2. 파운드리(위탁생산): 역대 최고 실적 전망!
올해 20조 이상: 3년전 11조 대비, 100% 성장 전망
특히, 인텔 물량수주로 대박
: 실적과 주가 급등 요인!

3. 스마트폰 최고 실적 전망
: 스마트 3억대 판매 목표!
폴더블 스마트폰: 高價로, 실적증가에 큰 보탬 될 것

4. 삼전(우): 배당 증가 4%: 현금 보유액 110조 이상+향후 3년 실적 급증
향후 주가 급등과 배당 증가 전망
: 매수 이유 충분!

◆ 삼성전자(우): 보통주 보다 주가 저렴, 우선주가 배당 15% 더 많아 유리
시스템반도체 성장성 매우 커, 2년내 20만원 전망
--> 저가 매수 기회!|저 앵커 저번에 정부 백신  비판하는거 보면서  국민의짐당 지지자란 생각이 팍 들더라.."
하반기엔 실적주! 피부미용기기 톱픽은 / 최성민의 빅샷+ / 윤주호 엄브렐라 리서치 대표 / 한국경제TV,2021. 6. 16.,http://www.youtube.com/watch?v=RUhpM39BS54,"조회수 7,009회",좋아요 144개,싫어요 없음,"말씀도 잘 하시고 아이디어 좋네요|에스테틱?
이라고 하신건가욤?"
"경기회복에 물류증가 택배업 주가, 다시보자! / 최성민의 빅샷+ / 이상로 와우넷 파트너 / 한국경제TV",2021. 6. 16.,http://www.youtube.com/watch?v=RUhpM39BS54,"조회수 1,448회",좋아요 19개,싫어요 1개,"CJ대한통운
택배노조 관련 합의 도출 가능성, 오늘 6~7시까지 합의 전망
우체국택배 사업 존폐여부 이야기까지, 갈등 확대 양상
글로벌 및 국내 물류 확대, 코로나로 인한 기저효과, 경기회복에 따른 물류 증가
CJ대한통운 택배 점유율 50%이상, 과점 차지, 국내 1위 
택배가격인상, 보복소비 활성화에 따른 주가 재평가 기대감 반영으로 추정
추격매수 가능한구간, 목표가 190000원 전망
대안주 : 한진, KCTC, 동방, 중소형주 Top Pick 한익스프레스"
사람들이 모인다 음식료 랠리 재현? / 최성민의 빅샷+ / 윤여민 하나금융투자 삼성동금융센터 FA팀장 / 한국경제TV,2021. 6. 16.,http://www.youtube.com/watch?v=RUhpM39BS54,"조회수 1,867회",좋아요 39개,싫어요 2개,아싸 빅샷 일등!!! ㅋㅋㅋ|난 이등...
[베트남 투자가이드]가열되는 베트남 산업용 부동산 시장/ 베트남투자가이드 / 한국경제TV,2021. 6. 16.,http://www.youtube.com/watch?v=RUhpM39BS54,"조회수 1,410회",좋아요 16개,싫어요 4개,참 부동산업자가 통신원 아닐랄까봐 산업용 부동산 안정세 공실률 안정이란다...온도시에 매물 차고 넘친다. 쪽박 안찰려고 눈물겨운 가격 고수? 고집이지.  산단 매물도 한두개 아니다.삼성 들어가 있는곳? 거기야 원래 업체들이 입주했으니깐 유지하는거지. 투자자 끊길라 밥벌이는 이해가 가는데 그래도 KTV 방송채널 걸었으면 유투브 개인채널처럼 하지는 말아야지.
6월 FOMC 미리 들어봤습니다! / 나의 투자 / 고태봉 하이투자증권 본부장·이동운 NH헤지자산운용 대표 / 한국경제TV,2021. 6. 16.,http://www.youtube.com/watch?v=RUhpM39BS54,"조회수 8,129회",좋아요 168개,싫어요 3개,"고본부장님 이분 진짜 만나보고 싶음 
레전드 중 한분일듯 
미국만 워린버핏 소지 소로스 짐소로스 있냐 
울나라도 이런분들이 많이 있다|파리형님, 하락할때 파리영상 보면서 한바탕 웃고 힘냅니다!!!|어 이분은… “나라의 경재를 이야기하는데 파리가 웁” 그분!|하이투자증권  고태봉본부장님  항상 감사합니다♡♡♡|vcr을 보자구요?ㅋㅋㅋ 좋네요 올드스쿨 감성|Fomc회의 결과 발표도 바로 방송해주시나요?|갓태봉|자동차에 반도체 점점 많이들어가는대  자동차가 가면 반도체도 좀 풀리것지요?|돔황차|금융통화위원회의 소집과 운영을 중단하고 어떠한 외부와의 소통을 실시하지않습니다|FOMC앞두고 시장에 경계감이 커진듯하네요,, 염승환부장님 실시간 스트리밍한대서 불사조 채널 기다리는 중에 공부하고 갑니다. ㅋㅋ 5시에 하는데 염부장님 팬이면 같이 봐요!"
3분기 신공장 가동! 대덕전자 / 나의 투자 / 도현정 메리츠증권 부장 / 앞으로 종목 / 한국경제TV,2021. 6. 16.,http://www.youtube.com/watch?v=RUhpM39BS54,"조회수 3,317회",좋아요 70개,싫어요 없음,"대덕전자 !
대덕우 !|◆ 삼성전자(우): 강력 매수 신호 발생 -->매수 적기
5달간 조정 마무리: 이젠 급등 시점!
보통주와 갭 줄이려, 우선주 급등 시점: 우선주 매수 유리!
삼전(우): 공매도 제외: 우선주 공매도 염려 없어 상승 유리!

1. D램 슈퍼 사이클 도래
: 향후 3년간 반도체 실적 호황기
최근 D램값 70% 급등으로, 
실적 급증+주가 상승 당연지사!

2. 파운드리(위탁생산): 역대 최고 실적 전망!
올해 20조 이상: 3년전 11조 대비, 100% 성장 전망
특히, 인텔 물량수주로 대박
: 실적과 주가 급등 요인!

3. 스마트폰 최고 실적 전망
: 스마트 3억대 판매 목표!
폴더블 스마트폰: 高價로, 실적증가에 큰 보탬 될 것

4. 삼전(우): 배당 증가 4%: 현금 보유액 110조 이상+향후 3년 실적 급증
향후 주가 급등과 배당 증가 전망
: 매수 이유 충분!

◆ 삼성전자(우): 보통주 보다 주가 저렴, 우선주가 배당 15% 더 많아 유리
시스템반도체 성장성 매우 커, 2년내 20만원 전망
-->저가 매수 기회!"
"반도체 신 냉전? TSMC와 손잡은 일본, 미중 반도체굴기 선언 깊어지는 한국의 고민(김양팽)/ 주식경제 이슈분석 / 한국경제TV",2021. 6. 16.,http://www.youtube.com/watch?v=RUhpM39BS54,"조회수 8,996회",좋아요 118개,싫어요 6개,"반도체 관련주 갖고있는 분이면, 염블리님 영상 자주볼텐데 곧 5시에 불사조채널에서 염승환 부장님이랑 생방송 스트리밍한대요 ㅋㅋ제가 왕팬이라 지금 대기 중. 언제 나오시려나~|무슨 답변이 이렇게 두리뭉실하냐~~~|Amd의 CEO는 대만에서 태어난 nvidia의 설립자와 관련이 있습니다."
손현정의 오늘장 뽀개기 (6/16) / 나의 투자 / 오전장 복기 / 한국경제TV,2021. 6. 16.,http://www.youtube.com/watch?v=RUhpM39BS54,"조회수 1,636회",좋아요 28개,싫어요 없음,좋은 분석 감사드립니다.
마그나·GM·BMW·포드 고객사로 확보 핵심 사업 포트폴리오 재구성 LG전자 / 한국경제TV / 증시라인,2021. 6. 16.,http://www.youtube.com/watch?v=RUhpM39BS54,"조회수 4,522회",좋아요 103개,싫어요 3개,
"수주잔고 1조 경신한, HSD엔진 최대주주 실질적 변화는 없어 / 공진단 / 한국경제TV",2021. 6. 16.,http://www.youtube.com/watch?v=RUhpM39BS54,"조회수 3,496회",좋아요 42개,싫어요 2개,
"테이퍼링만 아니면 서머랠리 온다, 성장실적주 선택하라 / 김우식의 진짜전략 / 한국경제TV",2021. 6. 16.,http://www.youtube.com/watch?v=RUhpM39BS54,"조회수 20,372회",좋아요 431개,싫어요 17개,"김우식 전문가님 덕분에~ 하이브 추천 감사합니다♡|감사합니다~~|좋은 방송 감사합니다~^^|언제나밝 고맑고귀여운목소리도기님 안뇽하시는목소리정말듣기좋아요.|떡상네오룩스가즈아|어제 덕산 완전 가고,엘디도 나르고요
전 한주도 안사고 ㅠㅠㅠ|1일 지나고보니 고수시네요|진짜 무능하네. 
이 사람 전문가 맞어?|주식창 고수 같은 소리 하고 있네. 겸손해야지|""서머랠리""=>""섬머랠리"" 로 표현 정정해 주시면 감사하겠습니다.
아나운서분의 발음이 맞습니다.  
방송에서까지 왜 외래어에 ""사투리""식의 발음들이 사용되는지 이해가 안가네요.."
[미주사한주사]유가 2018년 이후 최고치...에너지 관련주 전망 / 오늘장 관심주 : 코미코 / 한국경제TV,2021. 6. 16.,http://www.youtube.com/watch?v=RUhpM39BS54,"조회수 1,255회",좋아요 20개,싫어요 없음,오호~ 강다은캐스터님 ^^|이게 막방이였나 왜 더 안올라오져
"[한상춘의 지금 세계는]인도 델타 변이 코로나+미중 전방위 마찰…한 증시, 하반기 이후 최대 복병되나? / 한국경제TV",2021. 6. 16.,http://www.youtube.com/watch?v=RUhpM39BS54,"조회수 3,563회",좋아요 89개,싫어요 21개,
주요 밈 주식(meme stocks) 가격 동향 / THE PULSE  / 한국경제TV,2021. 6. 16.,http://www.youtube.com/watch?v=RUhpM39BS54,"조회수 3,203회",좋아요 70개,싫어요 4개,"제가 주식유튜브 안보는 채널이 없는데 주식 유튜버중 실시간 실전매매 원탑이네요
주식으로 10만원에서 30억으로 만들고 종목에 대한 매매 날짜랑 가격대 계좌까지 전부 다 까 놓고 매매하는데 승률이 계산해보니 100%에 깝네요
[주식의정석]이란 채널인데 아마 은둔고수로 추정이되는데요 입으로 주식하는 사람들하고는 차원이 다르네요
광고 아니니 오해없으시길..|AMC 30배상승~믿기어렵네요. 오늘도 감사합니다 예쁜 수현님|땡큐!|오늘이 그간 베스트ㅋ|심쿵지수 최고가 22억포인트돌파|의상 좋다|아줌마 그만읽고 착한 바보 남자 만나서 결혼하세요|"" 김수현 이사"" 가 전하는..
아직도 직위 내세우는게 그렇게 중요한가.
전 근대적인 사고의 토대에서 무슨 혁신적인 미래지향 주식분석이나 전망이 나올지 의구심이 듬이...."
오늘장 놓쳐선 안 될 당신이 잠든사이 일어난 해외 이슈 7 / 출근전 꼭 봐야하는 글로벌 이슈 / 한국경제TV,2021. 6. 16.,http://www.youtube.com/watch?v=RUhpM39BS54,"조회수 66,850회","좋아요 1,750개",싫어요 43개,"박고운님의 꺅끄 들으면서  출근합니다......|한 두번 보다 보니 매일 출근시 듣게되네요. 감사합니다.|박고운 전세원 박찬휘 강다은 홍성진 전가은
모두모두 감사합니다|꺄끄♡|오늘도 감사합니다~
아나운서님들! 그외 관계자님들!|박고운캐스터님 너무 매력적이에요 ♥♥♥|투자에 있어 정말 도움 많이됩니다
수고 많으십니다 ~|오늘도 좋은 정보 감사합니다 ^^|오늘 장 마감시황 전해드렸습니다아~^-^ㅎ|꺄끄^^|감사합니다|감사합니다:)|감사합니다|매일아침꼭챙겨듣고있습니다~
감사합니다~😍|꺄끄♡꺄끄♡
오늘자 마감시황 전해드렸습니다^-^♡|좋은 뉴스 감사합니다.|다들 항상 감사합니다~ 덕분에 요약본으로
잘보고있어요. 꺄끄! 킬포인트입니다 굿!|수욜 꺄끙^^|감사드립니다^^|여기가 제일 좋습니다 감사합니다|5:21 꺄끄꺄끄 😍😍|마감시황 전해드렸습니다~~~🌸|감사합니다. 오늘은 늦게 보게되네요 ㅠ.ㅠ|꺄아끄 2든|오늘도 꺅끄|♥♥♥ 화면 하단에 방송 날짜 좀 표시해 주시면 좋겠어요 ~
☞ ex.
[본방송] 2021.6.16.05:30 '글로벌 이슈 투데이'|꺄끄♡|감사합니다|!!!!!!!!|1등|끄약끄!!|요동치는 유가~감사합니다|박고운누나 깔끔한 정리 감사해요|밈주식 과연 오늘은..|5:20  오늘의 꺅끄♡|꺄꾸|흠......|눈뜨면서 시작하는 좋은 뉴스에  감사드립니다 
전앵커는 공중파스카웃 될것같아요 ㅎㅎ 가지마세요|환율관련 정보도 추가 되었으면 좋겠네요|오늘 꺆끄는 역대급이다! 
마감시황 전해드렸습니다~~ 이것도 최고"
"中 산아제한 완화 수혜, 스마트 솔루션 기업 / 퇴근길 꼭 봐야할 내일장 공략주 / 성공투자 오후증시 / 한국경제TV",2021. 6. 15.,http://www.youtube.com/watch?v=RUhpM39BS54,"조회수 4,043회",좋아요 53개,싫어요 1개,
압도적인 영업이익률 외국인이 노리는 이것! / 최성민의 빅샷+ / 김주영 아카치오앤컴퍼니 대표 / 한국경제TV,2021. 6. 15.,http://www.youtube.com/watch?v=RUhpM39BS54,"조회수 16,114회",좋아요 322개,싫어요 11개,"많이 올랐는데 안 물릴란가. 지금 추천이면 설거지 하러 들어가는거 같은데.|9:1앵커님, 오늘도 수고하셨습니다|감사합니다 잘보고 갑니다|지금 들어가면 패가망신|감사합니다|대표님. 이사님. 두분. 은근히. 잘어울리십니다 ^^|앵커님이 최고!!|이미 오를데로 오른 주인데 미용보단 수소가 앞으로 성장하기 좋지않을까요? 가치성장주인 두산퓨어셀이 훨씬 좋겠네요  제목을 그럴듯한데 실제 종목추천은 글쎄요|sbs 픽 이후 무조건 믿고가는 분|클래시스 살까 말까...
잘봤습니다|좀 더신중하게 종목 선택해주세요.고점에서 사서 고생합니다~~~~~프레스티지바이오 로직스....여기서 소개한 종목이죠..저렴하다고."
지금 필요한 건 면역력 건강기능식품주 초관심 / 최성민의 빅샷+ / 이기택 메리츠증권 여의도 금융센터 이사 / 한국경제TV,2021. 6. 15.,http://www.youtube.com/watch?v=RUhpM39BS54,"조회수 2,899회",좋아요 65개,싫어요 1개,오... 이번엔 소형주 아니네여ㅎㅎ
안소니 홉킨스 인증샷! 백신 접종률 확대 수혜 / 최성민의 빅샷+ / 이상로 와우넷 파트너 / 한국경제TV,2021. 6. 15.,http://www.youtube.com/watch?v=RUhpM39BS54,"조회수 1,067회",좋아요 19개,싫어요 1개,감사합니다..저는 4만원은 넘을걸로 보는데요
가상플랫폼의 미래가치 메타버스 주목 이유 / 최성민의 빅샷+ / 최성민 앵커 글로벌 투자 전략가 / 한국경제TV,2021. 6. 15.,http://www.youtube.com/watch?v=RUhpM39BS54,"조회수 3,450회",좋아요 93개,싫어요 3개,미래를 준비해야겠네요~!👍👍👍|인재는 미국으로 이적하고있는데 우리나라 생태계가 형성되겠나 가짜뉴스
SK이노베이션·금호석유 저평가로 판단하는 이유 / 나의 투자 / 한상원 대신증권 책임연구원 / 애널리스트 뷰 / 한국경제TV,2021. 6. 15.,http://www.youtube.com/watch?v=RUhpM39BS54,"조회수 17,668회",좋아요 318개,싫어요 14개,"어 이 분ㅋㅋㅋㅋㅋㅋㅋㅋㅋㅋ 나라 경제 얘기하는데 파리가 앉았다는 그 분인가요 ㅎㅎㅎㅎㅎㅋㅋㅋㅋㅋ|진행자 이분 파리때문에 뿜으신분 아님?ㅋㅋㅋ|무제한 공매도 아니었으면 벌써 달렸을 주식들이지|Jp모간이  per3배짜리가 고점이라니 참..|파리 짤ㅋㅋㅋㅋ|한국 주식시장을 가지고 노는 일부 외국계 투자회사 ?
투자자자들이 잘 보고 농락당하지 않아야한다. 그나마 국내 증권사가 반론을 해서 옳바른 시각을 가질수 있었지~|네~ 기관은 많이 팔더라구여|하지만 국내기관도 사지 않음ㅋ|한상원님의 논리를 항상
100% 신뢰합니다
고맙습니다|제가 주식유튜브 안보는 채널이 없는데 주식 유튜버중 실시간 실전매매 원탑이네요
주식으로 10만원에서 30억으로 만들고 종목에 대한 매매 날짜랑 가격대 계좌까지 전부 다 까 놓고 매매하는데 승률이 계산해보니 100%에 깝네요
[주식의정석]이란 채널인데 아마 은둔고수로 추정이되는데요 입으로 주식하는 사람들하고는 차원이 다르네요
광고 아니니 오해없으시길.."
공산당 창당 100주년과 중국시장 / 나의 투자 / 전병서 중국경제금융연구소 소장 / 한국경제TV,2021. 6. 15.,http://www.youtube.com/watch?v=RUhpM39BS54,"조회수 10,452회",좋아요 233개,싫어요 24개,"경제는중국에지탱하면서중국욕하는댓글다는놈들은무슨심보중국미워면중국하고경제고모든것을끊어야지|전병서교수님 감사합니다|미국  물가  올리는데도  한몫을  합나다.  2008금융위기때  미국국채5000억달러  구입해  줬지만  이번에  또  사달라고  주문들어왔는데  응답안하니   군용기가오산기지에서 대만에  갔다던데... 미국도  급해지는것  같은데  미국저녘시간대에   서너번 중국아침에 시간마춰  류허에  전화하는거  봐서|💯💯💯💯💯💯💯|짱|멀쩡한 사람들을  죽음의 골짜기로 몰고가지마시오|전병서교수님 진심으로 감사합니다~.|출근하면서 들었습니다 역시 전교수님!! 오늘도 감사합니다|2021-06-18
You Tube에서 제주도의 중국 공산당 100 주년 기념 행사를 보도하지 않는 매스 쓰레기. . .|한국인들이 반중 정서 있지만 중국은 아주 한국을 좋와 합니다 싸드때 빼고|똥개도 밥먹여주면 꼬리흔든다.재발 수출하지말라.밥 먹여주고 욕얻어먹느것 뭐라한는가?불효 자식?|미국은 자국기업들 피해를 감수하면서 중국을 견제하는것은 중공과 결코 함께갈수없다는것을 다시 깨달았았기 때문입니다. 
시주석이나 공산당들은 미국과 세계에 융합되고 싶어하나 미국이나 세계대부분 국가들이 중공을 싫어하느것입니다. 중국은 괜찮은데 중공은 싫다는 겁니다.
시주석의 축제발언을 들어봐도 맨날 피를 부르는 발언이나 자기를 건드리면 상대방을 쳐죽이겠다는 말맊에 없습니다. 야만인 즉 야만당 그자체들이죠…|중국 공산당은 북한이 선진국
주석 시진핑은 김일성이 롤 모델

멸공 중공
멸절 진핑

공산당 다 망하고 끝물에 살려줬더니
자유 민주주의 세계 전체에 칼 들이대

남북 통일도 중공이 북한 뒤를 봐주며 
훼방하니 안 되는 거

우선 여섯으로 쪼개야
대만 신장 티벳 몽고 만주
그리고 자유 민주주의 중국

여차하면 식량 수출 중단 한 방이면 끝
인민 반 굶어죽을겨?|멀쩡한 사람들을  죽음의 골짜기로 몰고가지마시오|교수님은 공산당|중국은 그래도 소장님이 정확하게 보시는 것 같습니다.
오늘 두 분 좋은 말씀 하시는 것 같습니다. 중국을 요즘 너무 언론에서 팩트가 아닌 감정적으로 다루는데 제발 사실만 다루었으면 합니다. 우리나라도 정치때문에 중국을 욕하는데 아닌가?  앞전엔 중국 전승절에 손 흔들고 다녀도 욕 하지 않더니 이번 정부 들어와서 너무 과하게 중국을 폄하하는 듯 해서 더 이상하게 보입니다. 유럽이 중국이랑 사이가 안좋다하기엔 유럽도 중국경제에 기대는것도 많다고 들었습니다. 우리나라 언론만 들으면 벌써 중국은 작년에 망해야 합니다. 그리고 중국 경제 망하면 우리나라에 좋을게 하나도 없는데....매번 화장품,의류,엔터주등은 중국 소비 체크하면서....|100주년 같은 소리하고 자빠졌다. 중국기업은 믿거|중국 만행 만세 중국처럼 못된짓 많이 하자|소련이 러시아가 되어 세계정치및 경제에서 큰 영향력이 없어진 것처럼 중국도 어떻게 될지 알 수 없습니다. 중국을 무시할 수는 없으나 너무 과대포장도 문제죠. 중국은 대국도 아니고 소국도 아니고 그래서 중국이다. 이런말도 있지 않습니까. 전병서씨는 중국을 너무 좋게만 본다고 생각이 됩니다."
손현정의 오늘장 뽀개기 (6/15) / 나의 투자 / 오전장 복기 / 한국경제TV,2021. 6. 15.,http://www.youtube.com/watch?v=RUhpM39BS54,"조회수 2,149회",좋아요 37개,싫어요 없음,이뻐여진행최고
G7정상회의 마무리 반중 동맹 구축에도 미국·유럽 동상이몽 B3W의 운명은(최양오)/ 주식경제 이슈분석 / 한국경제TV,2021. 6. 15.,http://www.youtube.com/watch?v=RUhpM39BS54,"조회수 2,700회",좋아요 73개,싫어요 5개,"이번 G7회담을 봐서도 알겠지만 국제관계는 오로지 힘의논리가 지배하는 관계다.
일본의 국력이 급격히 추락하면서 G7에서 왕따 당하는 일본~!
그럼에도 불구하고 주제파악,상황파악 못하고 자존심만 남아서리 온갖 추한 모습을 보이는 일본~!
현재 일본의 모습은 몰락해가는 국가의 최후발악~!
근래 일본은 국제적으로 한국에 맞서고....
국내적으론 김양호판사 사태를 봐서도 알듯이 그동안 정체를 숨기고 있었던 친일세력들까지 노출시키면서 한국내 분란을 야기시키려고 총력을 쏟고 있다. 
과거엔 경제력,군사력으로 한국을 압도하려 했던 일본이 이제는 이런 치사한 수작질만이 유일한 방법이 되었을 정도로 몰락한 일본~!

한마디더해서 이제 보수는 일본따위는 버려야 한다.
일본이 강대국일땐 친일도 어느정도 국가이익을 위해서 용납했지만 몰락해가는 일본따위와 굳이 가까워 지려고 노력 한다는건 수지타산을 따져도 너무 손해다. 차라리 친미,친유럽쪽으로 확실히 돌아서는게 이익이다.
솔직히 IT후진국의 아날로그 국가인 일본은 4차 산업혁명후 살아남기 힘들다.
보수가 살려면 친일매국세력및 친일매국언론과 손절해야 한다. 
막말로 우리보다 약한넘에게 머리 숙일수는 없는것 아닌가?|만들어지지도 않은 약이 뭔 게임체인저!!!|중국이 왕따 짓과 민폐짓 하는것도 하는 것이지만 G7에서 중국을 왕따 시키는건가요? 일본도 정상적이지 안은데 일본은 왜 끼워 주는거지?(그래서 일본은 한국보다 외면 받는 눈치인가?) 뭘 보고 왕따 대상을 정하는건지.. 왕따 당하는 나라나 왕따시키는 나라나 다 거기서 거기네. 결국 한 낱 인간들임 아이고..."
미국 인프라 투자 계획 처음과 달리 대폭 줄어든 규모 금리 하락 이유됐나(안영진)/ 주식경제 이슈분석 / 한국경제TV,2021. 6. 15.,http://www.youtube.com/watch?v=RUhpM39BS54,"조회수 4,158회",좋아요 47개,싫어요 1개,이코노미스트 깔끔발표 좋아요
전자가격표시기(ESL) 성장성 확대 3in1 보드 채택률 상승 솔루엠 / 한국경제TV / 증시라인,2021. 6. 15.,http://www.youtube.com/watch?v=RUhpM39BS54,"조회수 3,308회",좋아요 54개,싫어요 1개,
이커머스에서 네이버·쿠팡과 3강 구도 전망...카카오 주가는 어디까지? / 공진단 / 한국경제TV,2021. 6. 15.,http://www.youtube.com/watch?v=RUhpM39BS54,"조회수 4,510회",좋아요 64개,싫어요 6개,"쿠팡이츠 배달파트너의 갑질을 막아 주세요! - - - 청와대 국민청원 동의|쿠팡은 팔때임...|쿠팡 미국에서 베이스 구축해야 무제한 적으로 뛸듯|저는 현재 34살이고 부동산,주식투자로 부채포함 20억 자산을 형성했습니다. 1년간 카카오주식을 1.2억 매집했고(계좌 인증영상 있음), 훗날 손주에게 상속할때까지 더 매집 및 장투할것입니다. 저는 궁극에는 카카오가 우리나라 시총1위 기업이 될것이라 확신합니다. 독적점 구조의 사업이고, 제조업보다 수십배 효율적인 사업 확대가 가능한 플랫폼 보유하고 있으며, 의식주 및 문화(엔터)까지 카카오 없이는 소비자가 단 하루도 살 수 없는 카카오 제국을 만들었기 때문이죠.. 저는 카카오를 3억 이상 계속 매집할것이고, 제가 50살때 이 3억의 카카오 자산이 10억 이상 되어있을 것이라 믿습니다. 모두 성투를 기원합니다. 부자됩시다♡|개선을 바라는 자체가 무지임. 왜?
쿠팡입장에선 우리근로자가 외국인 노동자니깐.. 왜?
쿠팡 대표는 미쿡인임 그리고?
쿠팡 자본은 일본인임 그래서,
자국민보호의 명목이 없지
목숨보단 기계속도에 맞추는 로봇인재가 필요하지
실적부진한 라인 방송 마이크로 계속 독촉하고
경고압박가하는 실시간 감시체제 노역만봐도
아오지탄광을 연상케함
이런체제에 길들어질수록 그들은 노예근성에
길들어짐을 망각하지..

장시간 근속에 저임금노무비용
반복된 악순환 연결고리

노예근성은 또다른 회사 이직에 있어
경력 스펙이 될수없음
적응하는만큼 노예로 산다는것.
길들어지고 무뎌져서 모르는게 함정
인간의 몸을 짐승처럼 길들여선 안된다.

합법적 경제침략, 합법적 자본지배
21c형 세뇌된 또다른형태의 노비문화는
이미 오래전부터 자리잡고있음
개 돼지들은 그걸 미친듯이 사용 구매하고
누군 돈방석에 앉아 국적이적을 택하고.. 왜?
여기서 평생 내야될 세금 절반의 절반만 내도 그곳에선
순탄하게 남은삶 개꿀보장 영위할수 있거든 O.k
불편한 현실이지..

쿠팡대표는 미쿡인
쿠팡자본은 일본 소프트뱅크 손정희투자로 세워진기업
즉, 수익이 미국과 일본으로 빠져나가는 구조
이 수익창출을 기여하는데 막대한 인력이
극한노역 과로사로 쓰러져나가고
사망사고에 이르는 대한민국 근로자들은
그들입장에서 볼땐, 한낯 외국노역자에 지나지않는다.
인간행복추구에 대한 기업마인드는 존재치 않는다.
기업수칙에 아예 포함되있질않다
그냥 1분1초 시간과 인력 물량=돈 오직 그자체다.

NO BOYCOTT COUPANG
""물품등록 하지 않습니다""
""물품구매 사지 않습니다"""
"K자 증시 지속, 한미 정상회담 이후 종목 선별 전략 / 이승조의 진짜전략 / 한국경제TV",2021. 6. 15.,http://www.youtube.com/watch?v=RUhpM39BS54,"조회수 61,586회","좋아요 1,992개",싫어요 53개,"무극선생님 최고입니다|큰안목으로 시장보는 눈을 키우고 있습니다.선생님 감사합니다~! 어려운 장인데 선생님의 가르침대로 하고있어 수익보고 있습니다.|감사합니다|영화 블랙팬서 ㅎㅎ 
와칸다 포에버~!|대표님 감사합니다~|오~우~ '끌게' 단어를 좋아하시는 선생님 나오셨네요.|감사합니다 ~~~|감사합니다 선생님|승조쌤. 최고이십니다 ~!!♡♡♡|대표님. 항상. 건강하셔요. 감사합니다♡|현대로템오늘 많이 빠지는데,
앞으로 어떻게 해요?|넘~감사합니다   내공이 대단하십니다|선생님 감사합니다|이 대표님, 분석 감사드립니다👍😄|좋은 영상 감사합니다^^|대표님 항상 건강 하세요!|무극선생님  덕분에 현대로템  포스코ict  좋은수익 감사합니다  무극선생님 만나건 정말 행운이네요
선생님 방송을 찾아 다니면서 보고 있습니다
시황을 보는 눈이 정말 많이 넓어진것 같아요
항상감사합니다 ^^|직관 👍|이승조 선생님 강의는 두번 반복해서 새겨 들어요 감사합니다|이승조대표님~~좋은소식에늘감사합니다~~~~~|감사합니다|고생 많으셨습니다  감사합니다|으이구..외자본 친구덕에 이상한 것만 꽂혔네...투자는 단순해야 한다|무극 선생님  건강 잘 챙기시길 간절히 기도합니다|저의 영원한 스승님 항상 감사합니다|좋아요|항상 보면서 느끼는 거지만 이승조대표님은 판을 넓고 멀리보고 만들어가시는 능력이 대단하십니다. 항상 잘 보고 있습니다!!|감사드려요|이승조 대표님  큰그림을 보게해주셔서 감사합니다 늘 노력하시는 모습에 박수를 보냅니다  오래오래 방송해주세요|무극샘 장중 실시간 방송 청취는 어디에서 회원 가입 가능하신지요?|이승조 대표님 멋져요. 존경합니다.|추천주 매도하나요? 
현대로템  현대엘리베이  kt   한국가스공사매도하나요?|이승조 대표님은  항시  냉정하게  보셔서 좋습니다|공부할께 참 많네요|늘
좋은소식  감사합니다|감사드립니다|현대로템 어떻게 하나요?|좋은 정보를  주셔서   감사드립니다|새로운 통찰력을  주셔서 감사합니다
한국가스공사; 수소경제대표주
포스코ict: 스마트시티 대장주
차바이오텍: 원격진료
농심: 금리인상 관련주|명강의  고맙습니다"
FAANG 상승 / 오늘장 관심주: LG이노텍 / 어제장 놓쳐선 안됐을 미국주식 오늘장 놓칠지도 모르는 한국주식 / 한국경제TV,2021. 6. 15.,http://www.youtube.com/watch?v=RUhpM39BS54,"조회수 2,018회",좋아요 42개,싫어요 3개,"KG ETS 감사합니다|나스닥 상승
기술주 상승
FAANG주 상승
강다은 캐스터님 기분상승^^"
"[한상춘의 지금세계는] /  Fed보다 주목받는 ‘그림자 연준(SOMC)’… “6월 회의, 테이퍼링 논의 시작해야 한다” / 한국경제TV",2021. 6. 15.,http://www.youtube.com/watch?v=RUhpM39BS54,"조회수 5,662회",좋아요 158개,싫어요 12개,
미 정부가 콕 찝은 4개 섹터 / THE PULSE  / 한국경제TV,2021. 6. 15.,http://www.youtube.com/watch?v=RUhpM39BS54,"조회수 2,391회",좋아요 79개,싫어요 4개,"땡큐!|Thank you for the delivering the info|오랜만에 뵙네요~ 감사합니다|좋은 정보 감사합니다.|흠|나올때 좀 씻고 나오세요 ;;; 왜만날자다가 나온것같이 나오는지?
50대 아저씨들도 멀끔하게 나오는데 ㄷㄷㄷ"
오늘장 놓쳐선 안 될 당신이 잠든사이 일어난 해외 이슈 7 / 출근전 꼭 봐야하는 글로벌 이슈 / 한국경제TV,2021. 6. 15.,http://www.youtube.com/watch?v=RUhpM39BS54,"조회수 68,745회","좋아요 1,741개",싫어요 31개,"마이크로 쏴프트~|오늘 장 마감시황 전해드렸니다아~^^ㅎ|박고운캐스터 
한마디도 더듬거리지 않고 전달하는거 진짜 대단하다
박찬휘캐스터도 좋아하는 1인
늘고맙습니다|마이크로써픗~ㅋ|꺅끄언니 항상 터프하게 소개하다가 마지막에 너무 귀엽게 인사하셔요 ㅎ보고있음 미소가 스르륵 ㅎㅎ|고운님 최고👍
참 듣기좋고 편안하네요|기술주는 사상 최고치를 경신하는데 우리의 기술주들은 영 힘을 못쓰니...쩝|마이크롭솝흣ㅌ|감사합니다
아주 조아요|마이크뤄 쒭픗트|6:01  오늘의 꺅끄♡|10 꺅끄 1 마이크롯쏘옷프틋|꺄끄~~♡♡|감사합니다~ ^^|땡큐!|꺅끄언니 너무좋아요♡|오늘도퐈이팅!|마이크로우쏘우프투|출근길에 항상 챙겨보고갑니다
오늘도 좋은정보 감사해요~^^ 투자하면서 시황이랑 종목분석해주시는 전문가의견이 상당히 큰 도움이되더라구요
전 불사조대표님 분석 자주보는데 시황에맞춰서 종목담으니 수익이 차근차근 나내요|꺄끄 ♡|감사합니다|감사합니다|한경 사랑해요!|좋은 뉴스 감사합니다.|오늘 꺅끄는 100점 만점에 100점 ㅎㅎ|1등 ㅋ|좋은 정보 영상 감사드립니다|꺄끄~|오늘의 꺆끄~~~~ 아주 이뻐요|좋은방송 감사합니다|꺄끄~박고운 님이 최고에요!!!|경고하고 나섰다. ㅎㅎㅎ|Thank you 😊|매수랑 비중확대 중 어느게 더 강한 추천인가요?|:)|꺄끄~~|나도 꺄끄언니에 한표~|테슬라가   우주선만드는회사 맞나요?|NATO결합등 국제정세는 격변중~좋은 뉴스 감사합니다|머스크는 총맞을듯"
"[세상의 모든 절세] 중기중앙회, 가업승계 지원세제",2021. 6. 14.,http://www.youtube.com/watch?v=RUhpM39BS54,조회수 283회,좋아요 5개,싫어요 없음,조혜지 아나운서 반가워요~~|조혜지 아나운서 여기서 보다니 .. 자주 나와주세요 너무 이뻐요|우아우아우아
"철강도 쇼티지 우려, 건설용 철강 리스 업체! / 퇴근길 꼭 봐야할 내일장 공략주 / 성공투자 오후증시 / 한국경제TV",2021. 6. 14.,http://www.youtube.com/watch?v=RUhpM39BS54,"조회수 6,738회",좋아요 93개,싫어요 1개,"흘깃흘깃 하면서 누구랑 눈으로 말하는게 겁나 수상쩍어 ~~~걸르고본다|스몰캡 기업들은 정보 얻기가 힘든데 자세히 알려주셔서 좋네요|감사합니다|원래 코에걸면 코걸이 귀에 걸면 귀걸이 인거여
주식에 정답이 어딧겠니 ~~~
남자분 관상을 보니 뒤에 누군가 있는 관상이고
영화 작전에 나오는 누구닮았어 ~~ 면접탈락|이코너 너무 유익함^^  경은MC님  진행도 너무 좋구요 오랫동안 지속되면 좋겠어요|제가 주식유튜브 안보는 채널이 없는데 주식 유튜버중 실시간 실전매매 원탑이네요
주식으로 10만원에서 30억으로 만들고 종목에 대한 매매 날짜랑 가격대 계좌까지 전부 다 까 놓고 매매하는데 승률이 계산해보니 98.7%더군요
[주식의정석]이란 채널인데 아마 은둔고수로 추정이되는데요 입으로 주식하는 사람들하고는 차원이 다르네요
광고 아니니 오해없으시길.."
출범 앞둔 ‘LG마그나’ 다시보는 전장부품주 / 최성민의 빅샷+ / 이상로 와우넷 파트너 / 한국경제TV,2021. 6. 14.,http://www.youtube.com/watch?v=RUhpM39BS54,"조회수 7,657회",좋아요 152개,싫어요 4개,"Lg전자 가즈아!! 배당금도 가즈아|감사합니다 잘 배우고 갑니다|확실한거?|LG전자
LG전자, 마그나 다음달 출범 앞두고 강세 이어가
LG전자 지분 51%, 마그나 49%
전세계 자동차 반도체 부족화 심화, 전장부품 업체 추가 관심 올라갈수 있는 시점
LG전자 모빌리티 기반 다임러그룹 파워트레인 납품 보도 확정
유럽, 미국, 중국에 자회사 설립으로 전장사업 본격화 전망
신고가 가능성, LG이노텍 스마트폰관련 매출 전장부품으로 대체
대안주 : 일지테크, 토비스, LG디스플레이, 나라엠앤디, 에이프로, 아비코전자, 나인테크"
올해 드라이빙 시즌 전기차 타고 떠난다! / 최성민의 빅샷+ / 박영호 와우넷 파트너 / 한국경제TV,2021. 6. 14.,http://www.youtube.com/watch?v=RUhpM39BS54,"조회수 2,065회",좋아요 60개,싫어요 4개,
테이퍼링에 쏠린 눈 놓치면 안될 빅이슈 / 최성민의 빅샷+ / 박상현 하이투자증권 전문위원 / 한국경제TV,2021. 6. 14.,http://www.youtube.com/watch?v=RUhpM39BS54,"조회수 5,096회",좋아요 93개,싫어요 1개,기다렸습니다~
공급 우려가 해소되면 성장주 욕구가 커진다? / 최성민의 빅샷+ / 최성민 앵커 글로벌 투자 전략가 / 한국경제TV,2021. 6. 14.,http://www.youtube.com/watch?v=RUhpM39BS54,"조회수 1,633회",좋아요 41개,싫어요 없음,최성민 팬입니다.
메타버스 수혜주 두 종목 / 나의 투자 / 김현용 현대차증권 연구위원 / 애널리스트 뷰 / 한국경제TV,2021. 6. 14.,http://www.youtube.com/watch?v=RUhpM39BS54,"조회수 71,600회","좋아요 1,423개",싫어요 30개,"이 아저씨 나라의 경제를 이야기 하는데. 
웬 파리가... 아저씨네..
아직도 이렇게 활동 하고 있군요.ㅋ.ㅋ
내 채널에 올려도 놨었는데.ㅋ.ㅋ.|파리 한마리 제발 풀어라.ㅋ.ㅋ.ㅋ|유명한 분이 진행을 하시네요?ㅋㅋ|영상 감사합니다.   : )|감사합니다 ~^^|감사합니다|절문이 무척 똑똑하구만 근데 메타버스가 뭔가도 모르네,,,용어를 소개하고 만드는것도 한국이 최고인것 같아...근데 개이버나 코코넉 같은 게 시가 1등 2등 이런걸 이해를 못해 ...쓰레기 같은걸 도특한 냄시나 발견한가보쥐?|투자는 하지만 애들 멘탈 걱정이네|저분은 나라의 경제를 말하는데 똥파리가 앉았다는 전설적인 분!!|손현정 캐스터 미모에 딱 어울리는 핑크핑크 원피스.ㅎㅎ|똥파리!똥파리!똥파리!똥파리!|아나운서 분 갑자기  생각 났어.  옛날에 이마에 파리 붙어 안떨어져서 웃긴 영상에  오른 그분아니신지. 세월이  많이 흘렸네요. ㅠㅠ|저게 근데 돈이 되긴되나? ㅋㅋㅋ
그냥 기존에 게임 그래픽이랑 뭐가 다른지도 잘 모르겟는데|메타버스 로블록스 자세한 설명 감사합니다|맨발로다니네|아나운서님 메타버스 체험기 재밌어요 댄스배틀🤭|현재 메타버스는 완전초기라 
아직 미숙하고엉성하지만 나중에 아마 
어마어마한  시장을 만들겁니다|유튜브에 ""정법강의""가1~11,000강 이상 있습니다.,|나아나님 질문을 잘해주셔서 도움됩니다 
감사합니다|제가 주식유튜브 안보는 채널이 없는데 주식 유튜버중 실시간 실전매매 원탑이네요
주식으로 10만원에서 30억으로 만들고 종목에 대한 매매 날짜랑 가격대 계좌까지 전부 다 까 놓고 매매하는데 승률이 계산해보니 98.7%더군요
[주식의정석]이란 채널인데 아마 은둔고수로 추정이되는데요 입으로 주식하는 사람들하고는 차원이 다르네요
광고 아니니 오해없으시길.."
"건설, 하반기 주택 호황 더 간다 / 나의 투자 / 신서정 SK증권 연구위원 /  애널리스트 뷰 / 한국경제TV",2021. 6. 14.,http://www.youtube.com/watch?v=RUhpM39BS54,"조회수 10,862회",좋아요 220개,싫어요 4개,"남자분 안경에 파리 앉은분 아닌가..?|감사합니다|잘 보았습니다
감사합니다|파리 이후 많이 변하셨네요
큰 기쁨 주셔서 감사드립니다.|깔끔하네요.|항상 똑소리나는 의견 감사합니다 ~|Gs건설 줍줍하러 갑니다~^^|건설은 괜히 짧게먹고 나오면, 털리는 기분이라 쭉가야한다고 봅니다. 불사조님꺼보고 삼성엔지니어링 담았는데 더 많이 사둘걸 쫄보라 많이는 못사고 후회중이에요. ㅋㅋ 하반기에도 건설주 가즈아~~!|오우   파리..|그냥, 쌍용 C&E 매수하면 됩니다! 
세금없는 비과세 배당금! 
3개월마다 비과세 배당금, 4년간 비과세 배당금, 꾸준한 주가상승!|유튜브에서 배인재 검색하면 재미있는 주식전망과 영어 배우기 동영상 있어요 ㅎㅎ 공매도 세력들에게 동학개미의 힘을 보여줍시다|현대 건설 어제 나락가던디|젊은여자가 연구원도 아니고 위원? 이 바닥이 뻔한데"
"SKC, 2분기 최대실적 기대 / 나의 투자 / 도현정 메리츠증권 부장 / 앞으로 종목 / 한국경제TV",2021. 6. 14.,http://www.youtube.com/watch?v=RUhpM39BS54,"조회수 3,339회",좋아요 91개,싫어요 없음,감사합니다 ~~!^^
손현정의 오늘장 뽀개기 (6/14) / 나의 투자 / 오전장 복기 / 한국경제TV,2021. 6. 14.,http://www.youtube.com/watch?v=RUhpM39BS54,조회수 803회,좋아요 13개,싫어요 없음,
FOMC 눈치보기 테이퍼링 있을까 연준에 주목된 눈 기회 엿보는 시장(이진우)/ 주식경제 이슈분석 / 한국경제TV,2021. 6. 14.,http://www.youtube.com/watch?v=RUhpM39BS54,"조회수 5,064회",좋아요 163개,싫어요 8개,"중간에 MC 체인지~ ㅎ|좋은 의견 감사합니다|테이퍼링기사는 도대체 언제끝나나요?
선반영도 안되나
지긋지긋하다못해 질려버립니다|존경하는 이진우 소장님^^

4차 선업혁명은 기술전쟁이고
미중 무역대결도 결국 기술전쟁으로

FAANG 주가 살아나야 
기술주가 살아나고 
나스닥이 살아나야 미증시도 살아나고
미증시가 살아나야 미중전쟁중에서
민주당도 미국국민들의 지지를 얻을수 있고...

중국 화웨이 등 기술주는 트럼프가 
이미 망가뜨려 놓았고
바이든은 미래산업핵심 소재
반도체를 미국 내 에서 생산하게하고..
G7.G10회의로 연합전선 구축하여
코로나 발원지문제.인권문제.환경문제.대만문제 등으로 중국을 점점 압박하여 국제사회에서
점점 고립시키고...

결국 세계패권은 미국이 장기집권하는.. 그림으로 연출되지 않을까요?"
주도주 없는 시장 새로운 주도주가 나오기는 쉽지 않다 그래도 괜찮은 자동차?(신중호)/ 주식경제 이슈분석 / 한국경제TV,2021. 6. 14.,http://www.youtube.com/watch?v=RUhpM39BS54,"조회수 1,383회",좋아요 22개,싫어요 없음,좋은 내용입니다.|Mc도 하락쟁이 게스트도 하락쟁이
6월 선물·옵션 동시 만기일 투자자별 손익 차트 / 한국경제TV / 증시라인,2021. 6. 14.,http://www.youtube.com/watch?v=RUhpM39BS54,"조회수 3,986회",좋아요 80개,싫어요 2개,"역시 감사합니다 ^^|이해하기 쉽게 설명해주셔서 감사합니다.|수고하셨습니다|아이씨디 거래량 좀 늘어나면 담아야겠네영|◆ 삼성전자(우): 강력 매수 신호 발생 -->매수 적기
5달간 조정 마무리: 이젠 급등 시점!
보통주와 갭 줄이려, 우선주 급등 시점: 우선주 매수 유리!
삼전(우): 공매도 제외: 우선주 공매도 염려 없어 상승 유리!

1. D램 슈퍼 사이클 도래
: 향후 3년간 반도체 실적 호황기
최근 D램값 70% 급등으로, 
실적 급증+주가 상승 당연지사!

2. 파운드리(위탁생산): 역대 최고 실적 전망!
올해 20조 이상: 3년전 11조 대비, 100% 성장 전망
특히, 인텔 물량수주로 대박
: 실적과 주가 급등 요인!

3. 스마트폰 최고 실적 전망
: 스마트 3억대 판매 목표!
폴더블 스마트폰: 高價로, 실적증가에 큰 보탬 될 것

4. 삼전(우): 배당 증가 4%: 현금 보유액 110조 이상+향후 3년 실적 급증
향후 주가 급등과 배당 증가 전망
: 매수 이유 충분!

◆ 삼성전자(우): 보통주 보다 주가 저렴, 우선주가 배당 15% 더 많아 유리
시스템반도체 성장성 매우 커, 2년내 20만원 전망
-->지금은 저가 매수 기회|엥엥거리눈 여자엠씨 좀 빼지 ..도대체 뭔 빽이여|초보자들이 돈을 잃는 이유는 이런 방송의 영향이다. 맹목적으로 믿어버리니까~~~"
"주가는 횡보지만, SK하이닉스 임원들은 매수 행렬 / 공진단 / 한국경제TV",2021. 6. 14.,http://www.youtube.com/watch?v=RUhpM39BS54,"조회수 6,635회",좋아요 96개,싫어요 2개,"SK하이닉스 계속 고민하고 있었는데 좋은정보네요 감사합니다|임원이 11억 산거 가지고 호들갑은.....|키이스트사라고 2번이나 방송에 나와서 말한사람  내가 이름을 잘 모르는데 나쁜사람이여 팔아먹으려고 방송에서 사라고 했어요 그뒤 계속 빠지고있어요 나 사갔고 엄청 물먹고 있어요  나쁜사람~|◆ 삼성전자(우): 강력 매수 신호 발생 -->매수 적기
5달간 조정 마무리: 이젠 급등 시점!
보통주와 갭 줄이려, 우선주 급등 시점: 우선주 매수 유리!
삼전(우): 공매도 제외: 우선주 공매도 염려 없어 상승 유리!

1. D램 슈퍼 사이클 도래
: 향후 3년간 반도체 실적 호황기
최근 D램값 70% 급등으로, 
실적 급증+주가 상승 당연지사!

2. 파운드리(위탁생산): 역대 최고 실적 전망!
올해 20조 이상: 3년전 11조 대비, 100% 성장 전망
특히, 인텔 물량수주로 대박
: 실적과 주가 급등 요인!

3. 스마트폰 최고 실적 전망
: 스마트 3억대 판매 목표!
폴더블 스마트폰: 高價로, 실적증가에 큰 보탬 될 것

4. 삼전(우): 배당 증가 4%: 현금 보유액 110조 이상+향후 3년 실적 급증
향후 주가 급등과 배당 증가 전망
: 매수 이유 충분!

◆ 삼성전자(우): 보통주 보다 주가 저렴, 우선주가 배당 15% 더 많아 유리
시스템반도체 성장성 매우 커, 2년내 20만원 전망
-->지금은 저가 매수 기회"
"美증시 또 다시 사상 최고, 추가 상승 여력은? / 강영현의 진짜전략 / 한국경제TV",2021. 6. 14.,http://www.youtube.com/watch?v=RUhpM39BS54,"조회수 8,633회",좋아요 147개,싫어요 4개,"마지막 인프라 투자 팁 감사합니다~!|감사합니다|앨런은 연말까지 인플레가 계속 지속된다는데,  일시적이란게 7-8개월 이상 지속된단 예기네요|제가 주식유튜브 안보는 채널이 없는데 주식 유튜버중 실시간 실전매매 원탑이네요
주식으로 10만원에서 30억으로 만들고 종목에 대한 매매 날짜랑 가격대 계좌까지 전부 다 까 놓고 매매하는데 승률이 계산해보니 100%에 깝네요
[주식의정석]이란 채널인데 아마 은둔고수로 추정이되는데요 입으로 주식하는 사람들하고는 차원이 다르네요
광고 아니니 오해없으시길.."
"6월 FOMC 관망 ""박스권 지속 가능성"" / 선택! 오늘의종목 / 한국경제TV",2021. 6. 14.,http://www.youtube.com/watch?v=RUhpM39BS54,"조회수 7,628회",좋아요 274개,싫어요 3개,10분은 너무 아쉽습니다. 좀 더 해주세요!^^|반갑습니다~~
[한상춘의 지금세계는] / 또 다시 시작된 ‘성장주 vs 가치주’ 논쟁… 해외시각 “무슨 의미? 또 말장난인가?” / 한국경제TV,2021. 6. 14.,http://www.youtube.com/watch?v=RUhpM39BS54,"조회수 8,874회",좋아요 146개,싫어요 4개,
"미국 이슈: ""올 여름은 행사를 즐기자"" 국내 관련주는? / 오늘장 관심주: KG ETS / 어제장 놓쳐선 안됐을 미국주식 오늘장 놓칠지도 모르는 한국주식 / 한국경제TV",2021. 6. 14.,http://www.youtube.com/watch?v=RUhpM39BS54,"조회수 1,267회",좋아요 21개,싫어요 2개,좋은정보 감사합니다~|누나 예쁘다
서학개미 순매수 종목 TOP 7 / THE PULSE  / 한국경제TV,2021. 6. 14.,http://www.youtube.com/watch?v=RUhpM39BS54,"조회수 2,812회",좋아요 105개,싫어요 5개,"좋은 정보 감사합니다|이뿌다|그래서 뭐사야됨?|젠장 소리가 안들리네?|amc..주식을하려는게아니라 도박을하네
우리나라도 중학교교육에 주식,암호화폐 교육을해야한다|Hola"
美 채권 금리↓배당주 주목 / 글로벌금융 투자센터 / 한국경제TV,2021. 6. 14.,http://www.youtube.com/watch?v=RUhpM39BS54,"조회수 1,133회",좋아요 42개,싫어요 없음,
오늘장 놓쳐선 안 될 당신이 잠든사이 일어난 해외 이슈 7 / 출근전 꼭 봐야하는 글로벌 이슈 / 한국경제TV,2021. 6. 14.,http://www.youtube.com/watch?v=RUhpM39BS54,"조회수 74,598회","좋아요 1,751개",싫어요 33개,"고운 캐스터님 오늘도 좋은 정보 감사|머스크
갈지지자 행보를
멈추고,
테슬라가 혁신적 기업으로
다시 나아가길...|하.. 프랑스 독일 이탈리아가 확실히 중국 박살에 동참해야되는데..|지난주 마감시황 전해드렸습니다아~^^ㅎ|19:00|꺅그|좋은 영상 감사해요 ^^ 배우고 갑니다!|6:34 꺄끄 눈나 😍😍|새로운한주
감사드립니다/^^|고맙습니다 🙏|감사합니다 ^^|감사합니다:)|꺄끄 눈나😊|감사합니다|표 한장에 312억!  어마어마하네요! 즐거운 한주 되세요~|한국경제! 나이따!|오늘도 잘 듣고 갑니다 👍👍|2등|오늘 닭이 날 긴 나나요?|꺄끄!|1등|토요일 오전 시간에 방송해주시는게 더 낫지 않을까요?|월욜 꺄끙^^|꺄끄 ♡|꺄끄 출발~~~~~~~|꺆모닝|꺄끄!!|6:34  오늘의 꺅끄♡|까끄요|꺄끄♡♡♡ 
머스크 사기꾼이네..|굿모닝 꺄끄|고은이누나 사랑해요|좋은 뉴스 감사합니다. 즐거운 한주 되시고요.|Good morning😁|월요일 꺆끄는 힘을 잘 안주시네~~|오등|G7 정상회담에 우리 대통령이 센터 자리 차지했던데.|박고운 캐스터 발음이 너무 뭉개져요 ㅜㅜ|◆ 삼성전자(우): 강력 매수 신호 발생 -->매수 적기
5달간 조정 마무리: 이젠 급등 시점!
보통주와 갭 줄이려, 우선주 급등 시점: 우선주 매수 유리!
삼전(우): 공매도 제외: 우선주 공매도 염려 없어 상승 유리!

1. D램 슈퍼 사이클 도래
: 향후 3년간 반도체 실적 호황기
최근 D램값 70% 급등으로, 
실적 급증+주가 상승 당연지사!

2. 파운드리(위탁생산): 역대 최고 실적 전망!
올해 20조 이상: 3년전 11조 대비, 100% 성장 전망
특히, 인텔 물량수주로 대박
: 실적과 주가 급등 요인!

3. 스마트폰 최고 실적 전망
: 스마트 3억대 판매 목표!
폴더블 스마트폰: 高價로, 실적증가에 큰 보탬 될 것

4. 삼전(우): 배당 증가 4%: 현금 보유액 110조 이상+향후 3년 실적 급증
향후 주가 급등과 배당 증가 전망
: 매수 이유 충분!

◆ 삼성전자(우): 보통주 보다 주가 저렴, 우선주가 배당 15% 더 많아 유리
시스템반도체 성장성 매우 커, 2년내 20만원 전망
-->지금은 저가 매수 기회!"
인간과 공간의 유익한 조화를 꿈꾸는 기업 오츠메쎄 안연회 대표 / 혁신성장코리아 / 한국경제TV,2021. 6. 12.,http://www.youtube.com/watch?v=RUhpM39BS54,"조회수 3,611회",좋아요 36개,싫어요 7개,
"[경제전쟁 꾼 15회] 네이버·카카오 플랫폼 전쟁, 최후의 승자는? (염승환,김현용,서지용,김동환)",2021. 6. 11.,http://www.youtube.com/watch?v=RUhpM39BS54,"조회수 489,842회","좋아요 10,027개",싫어요 316개,"02:36 역대 최고 성장률 기록
04:44 네이버와 카카오 시총 격차는?
05:32 네이버 카카오 글로벌 성장 주력할 점은?
10:49 네이버 카카오 성장 요인은?
13:20 '금융'사업 카카오 네이버 차이점은?
22:13 K-콘텐츠 네이버vs카카오 누가 더 유리한가?
28:02 네이버 카카오 K-POP 차별점은? 
31:45 국내 OTT 네이버 TV·카카오TV 차별점은?
34:39 '금융' 분야 격돌 네이버vs카카오 판세 전망은?
36:50 '메타버스' 격전지에 진출한 네이버·카카오
38:33 '투자관점' 네이버·카카오 글로벌 경쟁력은?
40:07 주목해야 할 대한민국의 플랫폼 기업은?
44:42 플랫폼 기업 꾼들의 한 줄 평가|내부자 입장에서 참 할 얘기 많은 회사죠 ㅎㅎ|조만간 카카오 항공.카카오  우주 스페이스.카카오 야구단.카카오 축구단.카카오 반도체.이렇게 사업 성장 하지 않을까? 사업이 손대는 대로 성장 하네|카카오에 한 표 👍|영업역량이 카카오가 훨씬 고수인듯|이제 팔 때 구나 ㅠㅠㅠ 언론에서 떠들어대니…|둘 중 하나는 무조건 가지고 있는것이 좋겠다 싶어 카카오를 골랐습니다.|염부장님 보러 왔어요ㅎㅎ 다들 성투하세요~|카카오는 자회사 상장 후에보자|염부장님 감사합니다|잘 듣고 갑니다. 감사합니다|카카오 오오오오오|플랫폼에 대한 많은 정보를 알 수 있는 유익한 시간이었어요|염부장님 보러왔어요
항상 차분히 설명잘해주시는 분 
맘 든든히 서두르지않고  주식할수있어요 늘 감사해요|나 ㄱ카카오가 조아
카카오주식 800주 갖고잇음 
카카오열시미함 주주로써 ㅎㅎ|카카오에 기대를 걸고 있어요|이제서야 이런 영상을 만든다고? ㅋㅋㅋㅋㅋㅋㅋㅋㅋㅋㅋㅋ 이미 나는 한참전에 두종목 모두 매수했다. 플랫폼의 가치는 그 이상이다|너도알고 나도알고 옆집아저씨도 알고 고점오니 방송에서 ㅈㄴ 떠드네 비트코인이 어케됬더라...|늘좋운방송 감사합니다|와 영상 넘나 유익하네요. 초집중 하면서 시청 했습니다. 다음편도 기대되네요!! 👍👍👍|카카오|궁금한건 - 혹시 플랫폼 기업들이 경영하는 모습이 90년대 우리나라 대기업들의 문어발 식 경영과는 차이점이 있나요? 궁금해요-|카카오 다 좋은데 너무 내수기반이라... 해외에 진출한다면 미국 빅테크 이길 각오하고 나가야하는데 그게 안나온다...|저는 카카오 주주로 카카오를 응원할 수 밖에 없네여 ^^ ㅋ 안그래도 염부장님이 불사조님이랑 합동방송한거 봤는데 여기서보니 음청 반가움 ㅋ 고민 누구 편을 들어야할지 ^^ ㅋ|(💟💖💞💘💝💗最愛💘염블리님🤎아끼고 응원합니다💓💕💖💞💘💝💟)|카카오 112에 800주 샀었음 108찍고 반등할라기에 샀는데 진짜 요새 너무행복|치킨은 역시 양념반후라이드반이야|좋은내용 감사합니다~|염부장님 나오는 방송은 모조리 시청 ㅎㅎ 굳굳|염부장님~~|경제의 꾼!  님들 정말 감사합니다  막연하게 샀던 주식의  특성을  세밀하게 들을수있어 유익한  시간이었습니다  염승환 김프로님 같은분이  저희곁에  계시다는것이 얼마나 감사한지요  늘 건강하시고 화이팅!  입니다|나 둘다 가있다. 카가 더 큰 수익..  네버 장투 있고 며칠전 하락때 사서 못기다리고 팔아버려서 아쉼|카카오의 성장성은 무궁무진 할껍니다~ 앞으로 초고속 으로 갑니다~!|반반 사면 되는거지 뭐...ㅎ|대표님  .
오늘도   강의    감사히   
듣고  갑니다 
늘   하루의  일과를   대표님의 
강의로  마무리하는게  이제는  
저의   일과중  하나가 되었읍니다
감사합니다     
오래  오래   끌어 주세요.|이 빌어먹을 방송에 나오면 고점에 다 와간다.
이 방송을 조심하세요.투자에
독 되는 방송|염부장님 김프로님❤️❤️❤️|excellent advice|둘다 좋은 주식이겠지만
지금도 앞으로 당분간도 카카오 승

10대들이 얼른 돈버는 20,30대가 되기 전까지
일본이 온라인 쇼핑을 하기 전까지는
카카오가 돈을 더 벌겠지|야놀자도 끼워주라.ㅎㅎ"
"연준, 테이퍼링 '저울질' 한국증시 발목 잡힐까  / 최성민의 빅샷+ / 정삼영 前 롱아일랜드 대학교 종신교수 / 한국경제TV",2021. 6. 11.,http://www.youtube.com/watch?v=RUhpM39BS54,"조회수 7,352회",좋아요 143개,싫어요 4개,정보의 홍수속에 사실의 나열보다는 전문가다운 인사이트를 부탁합니다|방송도 진짜 못하네|오래전에 경제대란은 달러가 없어서 났냐? 달러는 언제나 넘쳐났다. 문제는 신용이 망가진다는 것. 망가진 신용대비 경제규모는 재앙과 비례한다.|뻥 좀 그만처라
5G 투자 본격 시작! 어떤 종목 터질까  / 최성민의 빅샷+ / 강준혁 와우넷 파트너 / 한국경제TV,2021. 6. 11.,http://www.youtube.com/watch?v=RUhpM39BS54,"조회수 32,350회",좋아요 623개,싫어요 12개,"잘보고 있습니다|저는 이분 말씀듣고 수익  제법 봤는데~  밑에분 이상하네요~|오이솔루션 63000에 450주있는데 언제즘 55000원대 올까요. 9개월째 홀딩하고 있는데
그때라도 손절하고 싶네요.|5G보다는 6G|4차 산업혁명 5지 플랫폼|자율주행 시스템|이번세대는5G없다
5G를 사용하려면 기지국과 장비 둘중 
설치해야 한다
설치되어 있는 숫자도 SK44대/LG1대/KT0대다 라고 알고있다
5G라는 주파수 전파가 장해물을 통과하기가
취약하다
그래서 비가오면 통신이 잘 안되는 
단점이있다
도달거리도 짧아서 촘촘이 설치 해야한다
설치 비용이 만이든다
5G가 없다라고 본다|강준혁 전문가 .. 살이 ... 내가 알던 그분인데... 우와. 멋있어지셨네..  목소리듣다 화면보고 깜놀...  🤭"
조선주 지금 담아도 되는 이유 / 나의 투자 / 최광식 하이투자증권 연구위원 / 한국경제TV,2021. 6. 11.,http://www.youtube.com/watch?v=RUhpM39BS54,"조회수 30,282회",좋아요 602개,싫어요 15개,"이말듣고 샀으면 지금 물림 ㅋㅋ|고맙습니다
수고하셨습니다

한국조선해양주에 물려있는데
회사 믿고 가보려합니다|조선주 슈퍼 사이클 초입 동감합니다
조선전문 최광식 위원님 믿습니다|반도체도 물려서 날린데|예네는 진정 미친자들인가 누구든지 걸려라 이건가|어.....파리......|대우,삼성,현대는 카타르수주가 반영된가격이라고하든데 그리고 대우는 아직 드릴쉽5대도 삼성처럼 정박중이고 이 드릴쉽정박유지비가 장난아니라고하든데|ㅋㅋㅋ 조선주를 설거지시키네ㅋㅋㅋㅋㅋㅋ|뉴스에서 이러는거보니 슬슬 수익살현 해약겠다 ㅋㅋㅋㅋㅋㅋㅋ|조선주가  가면  조선주 밴더사 한국선재 추천 합니다
조선에 들어가는 재료를 공급하는 회사임|조심해 한국경제는 항상 뉴스가 늦어! 섹터별로 추천 받고 들어갔다 손실난게 3번이야|ㅋㅋㅋㅋ얘네는 지들 돈 벌어야지 왜 시청자한테 알려주나?ㅋㅋ 쟤네 어느정도 던지는거 보고 들어가도 늦지 않다 지금 저렇게 말하는거보고 들어가면 물린다 조심|이거 보고 사는거 포기|거제는 거진 반은 망한 경기지
내년은 되야 그나마 조금좋아질느낌|국내 조선 정비소가 넘부족한데  부산항이나 거제 주변에 선박을 정비할수 있는 신규부두가 필요하다고 본다. 선박 제조업체에서 대형선박 정비소 까지 운영을 해야만 극적인 효과를 얻을수 있으리리봅니다.|조선업 비전문가 에널 최광식 말고, 우리나라 최고의 조선업 에널  하나투자증권의 박무현씨 초빙 부탁드립니다.

최광식씨는 올해 1월 삼프로TV에서 조선업 매도를  주장했어요..,저는 박무현씨 분석에 동조하여 현재 현미포 계속 보유하여 수익중에 있습니다.|아직은 아니다|휘발유 가격 올라가는것 보소  고유가 시대가 오면 해양시추선이 필요합니다  그러면 당연히 삼성중공업 
아닐까요?  전 올인 했어요  다행히 지속적으로 상승중.|광식이형이 요즘 대세인듯.."
美증시 IT·헬스케어·소비재 유망하게 보는 이유 / 나의 투자 / 문남중 대신증권 연구위원 / 한국경제TV,2021. 6. 11.,http://www.youtube.com/watch?v=RUhpM39BS54,"조회수 1,319회",좋아요 27개,싫어요 2개,
기업 탐방 리포트 롯데관광개발 / 나의 투자 / 도현정 메리츠증권 부장 / 한국경제TV,2021. 6. 11.,http://www.youtube.com/watch?v=RUhpM39BS54,"조회수 2,688회",좋아요 40개,싫어요 3개,"어~~어~~~어~~~~ㅋㅋㅋㅋㅋㅋㅋㅋㅋㅋㅋㅋㅋㅋㅋㅋㅋ|마카오 맞습니다. 시티오브드림, 그랜드하야트마카오 출신 임원을 영입했죠. 정킷방 운영을 위해서요.|민호행님 오랜만이네요. 요새 파리안꼬이나요? ^^|탐방 다녀왔다면서 추정실적 정도는 언급해주셔야되는거 아닌가요? 쩝|마카오 아닌가? 2|마카오 아닌가?|탐방은 무슨 탐방, 마카오 도박장의 개념 정리도 안되는 수준이 무슨 주가를 설명하지요 ?|도현정부장님 신뢰가 갑니다. 감사합니다."
"히든 마켓 - 자동차  수요 폭발 직전, 수혜주는  / 최성민의 빅샷+ / 최성민 앵커 글로벌 투자 전략가 / 한국경제TV",2021. 6. 11.,http://www.youtube.com/watch?v=RUhpM39BS54,"조회수 3,000회",좋아요 50개,싫어요 1개,미국에 있는 자동차 부품 회사라...|전쟁도안했는데 집을뺐기고 노숙자신세가되는세상 광명뉴타운에는 국가유가족에게 입주권도안주고 강제로내쫒아버리는것은 국민차별 노숙자양성 양극화시대 보이지않는 전쟁. 모든뉴타운에서 집을뺐겨버린원주민들에게 입주권이라도 찾아주어야 진짜민주주의정부 입니다
‘K수소’ 동맹 결성 인프라주 탑픽은  / 최성민의 빅샷+ / 이상로 와우넷 파트너 / 한국경제TV,2021. 6. 11.,http://www.youtube.com/watch?v=RUhpM39BS54,"조회수 3,248회",좋아요 67개,싫어요 없음,"에코바이오
현대차, SK, 포스코, 효성 K수소동맹 결성, 투자 확대 기대감에 강세
수소전기차 보급확대, 유통망 구축, 액화수소 생산 및 충전소 인프라 확대
에코바이오 상암 수소차충전소 운영, 수소차 충전소 인프라 구축 직접관련
미국 그린수소 1KG당 1달러 수준으로 10년간 목표
친환경 일자리 정책 핵심은 신재생에너지, 바이든 수소경제 활성화제시
지속적인 산업 구조 확대 전망
목표가 10000원
대안주 : 제이앤케이히터, 상아프론테크, 성창오토텍, 코오롱머티리얼 장기적관점 SK가스, 코오롱인더, 한화솔루션"
시장의 머니게임 미국 국채금리 하락세 펀더멘털이 아닌 숏스퀴즈 때문(김일구)/ 주식경제 이슈분석 / 한국경제TV,2021. 6. 11.,http://www.youtube.com/watch?v=RUhpM39BS54,"조회수 34,580회",좋아요 744개,싫어요 22개,"일구형! 존경합니다|감사합니다|오 일구형님|감사합니다|역시...감사합니다^^|일구상무님 뷰 들으러 왔어요~^^|19님, 넥타이에 분홍셔츠 머선129?
익숙한 손동작까지. 방송 잘 들었습니다~|일구형님 이번에는 꼭 맞출 거 같아보여요|김일구 상무 이번에 맞출 듯.
그 동안 못 맞춘다고 맘 고생한거 한방에 날릴 듯.|볼륨이 너무 작네요...ㅠ|너무 멋 있으셔지셧네요~~
좋은  말씀 잘 들었습니다|볼륨이 진짜 작아요 ㅠ|어우 두분 같이 나오니까 너무 좋네|궁금했는데요
소중한정보를주셔
고맙습니다  감사합니다|ㅎ곺 ㅎ꼬서ㅠㄱㅎ고로ㅗㄱㄲㄱㄹ|동시에 금리 올리면서 돈도 같이 풀면 될듯|머선김19|맞추고 못 맞추고 이런거 강조하는 개미들이  제일 시장의 호구들 ㅋㅋㅋㅋ|중고차 시장 관련 물가가 상승한게 기여가 크다고 하네요. 유가와 임금 상승이 아닌 이상 하반기에는 기저효과도 사라지고 2% 미만으로 내려갈거라고 봅니다."
[글로벌사인즈] 투자 전문가가 뽑은 국내외 필수 보유 종목 / 필리스 리 뉴욕 투자은행 / 한국경제TV,2021. 6. 11.,http://www.youtube.com/watch?v=RUhpM39BS54,"조회수 3,355회",좋아요 67개,싫어요 5개,한국에서는 삼성SDI + 은행주
수익률 상위 1% 주식 초고수의 선택/ 한국경제TV / 증시라인,2021. 6. 11.,http://www.youtube.com/watch?v=RUhpM39BS54,"조회수 6,798회",좋아요 77개,싫어요 2개,제 종목을 다공개하시면 곤란합니다
인플레이션 시대...중소형 가치주에 주목 / 김두현의 마켓전략 / 한국경제TV,2021. 6. 11.,http://www.youtube.com/watch?v=RUhpM39BS54,"조회수 1,632회",좋아요 20개,싫어요 3개,
"템플턴· 피델리티가 총애하지만, 한국 기관은 외면한 뷰웍스 / 공진단 / 한국경제TV",2021. 6. 11.,http://www.youtube.com/watch?v=RUhpM39BS54,"조회수 1,143회",좋아요 10개,싫어요 없음,
"인플레 신경쓰지 마라, 반도체는 아직...정책·지배구조에 집중 / 이승조의 진짜전략 / 한국경제TV",2021. 6. 11.,http://www.youtube.com/watch?v=RUhpM39BS54,"조회수 77,455회","좋아요 2,379개",싫어요 71개,"이승조 대표의 분석이 제일 믿음이 갑니다|감사합니다
세상 돌아가는 중요한 일들을  잘 알려주셔서
항상 감사합니다
늘  건강하시기를  기도드립니다|갠적으로 젤 흥미롭게 보는 분석방송입니다.
대주주의 탐욕과 보이지않는 설계.. 정책방향성  첨엔 뭔소린가 했는데  볼수록 스토리가 맞춰지는것같음
그리고 하경민앵커님  넘 이쁘세요. 진행도 똑부러지시고 ㅎㅎ|멋진 시나리오 작가!! 그런데 다 맞으니 현실. 대박이십니다|무극선생님   덕분에 수익이 꽤 많이 났어요^^
항상 고맙고 감사합니다   건강하세요^^|매일 나오게 해주세요|감사합니다|현대로템  특수건설  가~~~자요|무극 선생님 반갑습니다^^|선생님  감사합니다~~^^|힘들때 생각나는 무극선생님!!|감사합니다.|무극샘 항상 감사드립니다.|꿋꿋하게~
멋지십니다!
그리고,
늘~감사합니다.|고맙습니다 ~대표님^^|현대로템  특수건설  가~~~자요|감사합니다  대표님|ㅇ|테슬라 600대에요^^;;|선생님만. 기다리고있습니다 ♡|하경민 음성좋으시고
이승조 글로벌경제 혜안좋으시고
주가는 경제지표와 정비례하는건 아니고
♡♡|이대표님 
👍👍👍👍👍|선생님 감사합니다 ~~~|승조쌤 
너무 믿고 의지합니다~~ ❤|카카오 매도하라해서 했는데, 쭉올라가네요~~ㅠㅠ 그런데 오늘 말씀엔 플랫폼으로 넣으시네요. 어떤 생각이신지 궁금합니다~~!|선생님  믿음이 갑니다
항상 건강하세요^^|메모하면서 집중하서 들었네요!  좋은정보 감사합니다!|삼전5만전자 간다고 하셨는데 언제일까요??|잘 알려주셔서 감사합니다^^|언제나 유익한 정보👍👍👍|오늘 7월 3일 분석 미쳤다|정책관련 대표주 듀퓨 열흘전에 손절 하라고 하셨는데 말씀이 왔다갔다.......|매주 챙겨보는 방송 .
감사합니다 ~|무극선생님 동영상 찾아서 보기만해도 공부 엄청됩니다. 투자방법 방향성 최고입니다.|감사합니다|선생님 항상 감사합니다|반복해서 영상  자주  봅니다 
감사합니다|카카오 매도 의견 지금도 고수 하시나요?|꼭 챙겨서 듣게되는 무극쌤님 방송
매일 보고 싶어요|최고입니다!!!!"
[미주사한주사]비트코인 3만5천달러 회복 / 오늘장 관심주 : 이랜시스 / 한국경제TV,2021. 6. 11.,http://www.youtube.com/watch?v=RUhpM39BS54,"조회수 1,644회",좋아요 36개,싫어요 1개,이코너 매일 해주세요ㅠㅠ너무재밌음
[미주사한주사]인프라 법안 상원 합의...국내관련주는? / 오늘장관심주 : 크리스에프앤씨 / 한국경제TV,2021. 6. 11.,http://www.youtube.com/watch?v=RUhpM39BS54,"조회수 1,990회",좋아요 82개,싫어요 1개,
"[한상춘의 지금세계는]Fed, 물가지표 이후 제기되는 5대 난수표…6월 회의서 못 풀면 ’108년 위상‘ 추락? / 한국경제TV",2021. 6. 11.,http://www.youtube.com/watch?v=RUhpM39BS54,"조회수 6,177회",좋아요 152개,싫어요 13개,
[오늘장 놓쳐선 안 될 당신이 잠든사이 일어난 해외 이슈 7 / 출근전 꼭 봐야하는 글로벌 이슈 / 한국경제TV,2021. 6. 11.,http://www.youtube.com/watch?v=RUhpM39BS54,"조회수 73,203회","좋아요 1,788개",싫어요 31개,"꺄끄😃|좋은 뉴스 감사합니다. 한주 동안 수고하셨습니다.|박고운 외신캐스터 많은 내용 전달하느라 고생많네요
갈수록 예뻐지네요
오늘도 고맙습니다♡♡
S&P  들어갈 타이밍을 못잡겠넹ㅠㅠ|마감시황 전해드렸습니댜~~|한증시도 오르겠네|꺄끄지수 하락..ㅜㅜ|시황 잘 듣고 갑니다 👏🏻👏🏻|땡     큐    
전세원   박고운    고마워요|꺄끄지수 하락..ㅜㅜ|아 ㅜ.ㅜ 주말동안 그리울꺼야 꺆끄~~~~|항상 감사합니다~ 조심스럽지만 강다은 캐스터님은 조금만 아나운싱을 부드럽게 해 주시면 더 듣기 편할 것 같아요~|잠든사이...너무 좋아요....^^ 잘듣고 있습니다. ^^|5:56 오늘의 꺄끄|감사합니다|레딧 트렌드 리뷰 죠아요 🤓|오늘 장 마감시황 전해드렸습니다아~ ㅎ|미녀캐스터분들. 다음주에 뵈요~^^|3|우리도 좀 올라라|이른아침 뉴스 전달 감사합니다 : )|꺄끄는 사랑입니다.|꺄끄~♡|감사합니다|2등~|오늘따라 마지막 기자님 구엽군요.
더 웃는 얼굴로 찍어서 그런듯.
언제나 정보 감사합니다.|꺄끄 누나 😍😍|고맙습니다~~|꺄끄🤗|2등 :D|금요일~~~! 화이팅v|외신캐스터님 기사 전달 너무 좋습니다. 감사합니다 ^^|새벽부터 좋은 영상 만들어주셔서 감사합니다!^^ 한국경제 화이팅!|굿 뉴스에 감사드립니다!!!|10등|감사합니다!♡|매일듣고있어요
고마워요|아름다운 밈주식 조정이다 저걸 급락이라 하다니...4개월 있었다..추매하는 주주들 있을듯 밈주주님들 화이팅|1등|발빠른  뉴스 감사합니다|여기 왜이렇ㄱ 특딱들이많어 아후 냄새"
히든마켓 스토리 경제 재개 관련주 / 최성민의 빅샷+ / 최성민 앵커 글로벌 투자 전략가 / 한국경제TV,2021. 6. 10.,http://www.youtube.com/watch?v=RUhpM39BS54,"조회수 3,500회",좋아요 69개,싫어요 2개,"짧고 강하게 핵심만 잘들었습니다 감하합니다♡♡|좋은말
다 나두고
보따리상 이  뭐요~!|지명도 있는
메스컴 앵커가  꼭
그런 저급한 단어로 말해야
시청자들이 알아들을까요 ᆢ

좀
심사숙고한 단어로
사용하길바랍니다"
여행·항공주 고공행진 전자결제 날아간다 / 최성민의 빅샷+ / 이상로 와우넷 파트너 / 한국경제TV,2021. 6. 10.,http://www.youtube.com/watch?v=RUhpM39BS54,"조회수 2,915회",좋아요 52개,싫어요 1개,"...|KG이니시스 
최근 여행, 항공주 경기회복과 백신접종률 확대에 따른 기대감 반영
실제 여행 및 항공예약건수 증가세 뚜렷
여행 및 항공예약건에 대한 점유율 높아
현재 1분기 EPS 대비 PER 6.1배수준, 동종업종 NHN한국사이버결제 22배수준
계열사 악재로 인한 선반영, 현재 기업 재평가 구간으로 추정
대안주 : NHN한국사이버결제 직구 및 명품 수혜주로도 포함 가능성"
일본 디지털사회 전환 한 발 앞선 투자전략 / 최성민의 빅샷+ / 김현준 더퍼블릭자산운용 대표 /한국경제TV,2021. 6. 10.,http://www.youtube.com/watch?v=RUhpM39BS54,"조회수 2,318회",좋아요 51개,싫어요 4개,"ㅋㅋㅋ 일본 디지털 전환에 투자하면 나 죽을때쯤 수익날듯|유퀴~즈?|유퀴즈에서 나오신 분|유퀴즈에 나왔던분인가요?|현문현답|IT후진국의 아날로그 국가 일본~!
일본은 이미 늦었다.
윗대가리가 하나같이 아날로그 사고의 노인들뿐~!
일본은 4차 산업혁명후 살아남기 힘들다.|Z홀딩스들어갔다 뒷덜미홀딩당함|최성민씨 돈받고 유료회원운영안하죠?
그런말이있던데?설마 아니죠?|아 이거 요즘 진자 궁금했던건데 감사합니다."
3분기 모바일 업황 ‘반전’ 스마트폰 부품·전장화 관심/ 최성민의 빅샷+ / 박근형 IBK투자증권 영업부 차장 /한국경제TV,2021. 6. 10.,http://www.youtube.com/watch?v=RUhpM39BS54,"조회수 2,118회",좋아요 44개,싫어요 1개,심텍 실적 대박예상~
씨에스윈드·삼강엠앤티 美 해상풍력발전 확대 수혜 / 나의 투자 / 한병화 유진투자증권 이사 / 한국경제TV,2021. 6. 10.,http://www.youtube.com/watch?v=RUhpM39BS54,"조회수 14,661회",좋아요 346개,싫어요 9개,"나라의 경제를 이야기하고 있는데 파리가 앉았습니다. 풉! ㅋㅋㅋ 그분 맞죠?ㅋㅋ|재생에너지는 긴 호홉으로 봐야 함...
근데 울나라 사람덜 스타일상 그렇게 볼까나??ㅋㅋㅋㅋ|희안한 인간들이네 풍력에 대해서 말하고 있는데 왜 원자력에 대해서 말 안하냐고 ㅋㅋㅋ 부 ㅣㅇ싄들 어떡하냐 여기서 원자력 하지말라고 말렸냐? ㅋㅋ|똥파리
쉰네난다ㅎㅎ|이감엠앤티
엇! 파리아저씨다|동국 S&C는?|삼강엠앤티 무새 ㅋㅋ|유니슨은 외국인이 계속 매집 하는데 주가가 오르지 않아요|뉴로스 추천하신분?|유튜브에서 배인재 검색하면 재미있는 주식전망과 영어 배우기 동영상 있어요 ㅎㅎ 공매도 세력들에게 동학개미의 힘을 보여줍시다|한이사님 그럼 DI동일 같은 회사는 데미지가 클수 있지 않을까요? 장투 중인데 고민되네요...|삼강엠앰티 작년 9월부터 거의 1년간 박스권 ㅜㅋㅋ 작년에 산사람들은 대부분 손해.. 그냥 다른 종목 사는게 좋지 싶습니다.|최고의 전문가|원전이. 탄소배출 안하는, 그린에너지  아닌가요?|◆ 삼성전자(우): 강력 매수 신호 발생 -->매수 적기
5달간 조정 마무리: 이젠 급등 시점!
보통주와 갭 줄이려, 우선주 급등 시점: 우선주 매수 유리!
삼전(우): 공매도 제외: 우선주 공매도 염려 없어 상승 유리!

1. D램 슈퍼 사이클 도래
: 향후 3년간 반도체 실적 호황기
최근 D램값 70% 급등으로, 
실적 급증+주가 상승 당연지사!

2. 파운드리(위탁생산): 역대 최고 실적 전망!
올해 20조 이상: 3년전 11조 대비, 100% 성장 전망
특히, 인텔 물량수주로 대박
: 실적과 주가 급등 요인!

3. 스마트폰 최고 실적 전망
: 스마트 3억대 판매 목표!
폴더블 스마트폰: 高價로, 실적증가에 큰 보탬 될 것

4. 삼전(우): 배당 증가 4%: 현금 보유액 110조 이상+향후 3년 실적 급증
향후 주가 급등과 배당 증가 전망
: 매수 이유 충분!

◆ 삼성전자(우): 보통주 보다 주가 저렴, 우선주가 배당 15% 더 많아 유리
시스템반도체 성장성 매우 커, 2년내 20만원 전망|엇 대한민국 최고의 애널리스트이신분이네  앞으로도 쭉 편협한 사고룰 바탕으로 활동해주세요~~|한병화위원너무편협적입니다 사고를크게 가지시고
원자력전문가의 말도귀담아들어보세요|풍력만 밀구 원전은 악으로 보네|저기요 선생님, 선생님이 탈원전 지지자라는것은 이미 충분히 짐작하고 있는데요, 신재생에너지가 간헐성이 있기 때문에 이를 보완하기 위해서 간헐성이 없는 다른 방식의 발전원(예를들면 원자력발전)이 필요한거에요. 그런데 다른방식의 발전원 후보가 화력과 원자력 뿐이기 때문에 탄소중립을 위해서는 화력이 아닌 발전원을 (그게 결국 원자력발전) 선택할 수 밖에 없는것이구요. 지정학적 섬나라이면서 국토가 작은 우리나라에서는 100% 신재생 에너지 발전은 불가능해요. 가능하려면 해외의 그린 수소를 대량 수입해야겠지요. 그리고,  원자력발전소의 부하추종이랑 사고랑은 전혀 관계가 없어요. 또한 최근 빌게이츠가 이야기하는 SFR은 부하추종이 용이한 차세대 원자력발전 기술입니다.  아는 분야와 정확한 정보만 전달해 주시고, 모르는건 말씀 안하셨으면 좋겠네요. 선생님이 안볼건 알지만, 이 영상을 보는 일반인들이 균형잡힌 정보를 드리고자 길게 적었습니다."
"이베이코리아 인수전 점입가경 롯데 VS 신세계, 애널리스트 시각은 / 나의 투자 / 안지영 IBK투자증권 수석연구위원 / 한국경제TV",2021. 6. 10.,http://www.youtube.com/watch?v=RUhpM39BS54,"조회수 6,571회",좋아요 132개,싫어요 4개,"깔끔한 설명이랑 포인트 잘 잡아주셔서 좋네요|깔끔한진행 물어보고싶은걸 찝어서물어봐주시네요~|롯데야 한국에서는 투자하면 안된다 현금확보 많이해서  부동산이나 확보해서 아파트나 지어라 그래야 불매도 당하지않고 편안하게 기업할수있다|◆ 삼성전자(우): 강력 매수 신호 발생 -->매수 적기
5달간 조정 마무리: 이젠 급등 시점!
보통주와 갭 줄이려, 우선주 급등 시점: 우선주 매수 유리!
삼전(우): 공매도 제외: 우선주 공매도 염려 없어 상승 유리!

1. D램 슈퍼 사이클 도래
: 향후 3년간 반도체 실적 호황기
최근 D램값 70% 급등으로, 
실적 급증+주가 상승 당연지사!

2. 파운드리(위탁생산): 역대 최고 실적 전망!
올해 20조 이상: 3년전 11조 대비, 100% 성장 전망
특히, 인텔 물량수주로 대박
: 실적과 주가 급등 요인!

3. 스마트폰 최고 실적 전망
: 스마트 3억대 판매 목표!
폴더블 스마트폰: 高價로, 실적증가에 큰 보탬 될 것

4. 삼전(우): 배당 증가 4%: 현금 보유액 110조 이상+향후 3년 실적 급증
향후 주가 급등과 배당 증가 전망
: 매수 이유 충분!

◆ 삼성전자(우): 보통주 보다 주가 저렴, 우선주가 배당 15% 더 많아 유리
시스템반도체 성장성 매우 커, 2년내 20만원 전망"
"대놓고 중국 겨냥한 미국 공급망 강화전략에 74번 거론된 한국, 반도체만 문제일까(박승찬)/ 주식경제 이슈분석 / 한국경제TV",2021. 6. 10.,http://www.youtube.com/watch?v=RUhpM39BS54,"조회수 5,322회",좋아요 105개,싫어요 6개,경제방송 나와서 말하는인간들 시진핑 온다고 4년넘게 떠든다.안온다.아직도 시진핑이 온다고 기우제를 지내고잇냐!|한국반도체주식 절대 사지말자  희망없다|중국이 얼마나 무서우면 이정도로 하냐?미국이 알아서 자기가 지는 해라고 광고를 하네.중국은 양털깍기를 안당하도록 방어만 하면  미국은 이 대로 돈 계속 풀면 경제공황와서 알아서 꺽일뜻.
ETF 투자 해볼까 종목이 어렵다면! 하반기 유망할 테마 ETF TOP3(이승원)/ 주식경제 이슈분석 / 한국경제TV,2021. 6. 10.,http://www.youtube.com/watch?v=RUhpM39BS54,"조회수 5,830회",좋아요 114개,싫어요 4개,뒷북처서 비추|이해하기 쉬운 설명..좋은정보 감사감사~~~|좋은 정보 감사합니다~~^^|ETF 신 아저씨다
"‘네 마녀의 날’,  증시 흐름은? 3,200P 일시적 이탈 시 매수 포인트 / 한국경제TV / 증시라인",2021. 6. 10.,http://www.youtube.com/watch?v=RUhpM39BS54,"조회수 7,416회",좋아요 163개,싫어요 2개,"갓선형 대표님  오늘도 보조지표 내용 너무 알차고 유익했습니다^^
감사합니다❤👍|수고하셨습니다|[2021년 6월 쿼드러플 위칭데이 마감]

오늘 쿼드데이 분석 상 2가지 시나리오에 대해 말씀드렸습니다.
 
1. 오늘 오전부터 바로 시장 반등
 
2. 혹시나 하방으로 가서 3,200p가 깨지면 바로 매수 포지션
 
그중 1번 가능성이 더 높다는 멘트 드렸고 중간에 아주 살짝 변동성은 있었지만 결국 양시장 모두 상승 마감했습니다.
 
오늘 종가 기준으로 포지션을 보니
 
외인의 누적 포인트 기준 ""손익분기 포인트""는 428.5p로 확정되었습니다.
 
이를 지수로 환산해보면 약 3,218.26p 근처.
 
오늘 거래소 종가는 3,224.64p
 
결국 외인은 오늘 종가 기준으로 155억 가량 수익 포지션으로 마무리되었습니다.
 
참고로
 
개인 : 180억 손실
 
금융투자 : 87억 수익
 
투신 : 183억 손실
(참고) 제가 방송에서 설명드린 자료는 만기일 전일은 목요일 종가 기준 자료입니다^^ 당연히 금요일 당일도 거래가 되니 포지션이 변경됩니다. 혹시나 이해 못하시는 분들 위해 글 남겨드립니다^^

[결론] 외인은 수익 포지션에서 마무리했다! 이상입니다^^|야 종가 끌어 내렸다.
개뿔 주식은 아무도 몰라|제가 주식유튜브 안보는 채널이 없는데 주식 유튜버중 실시간 실전매매 원탑이네요
주식으로 10만원에서 30억으로 만들고 종목에 대한 매매 날짜랑 가격대 계좌까지 전부 다 까 놓고 매매하는데 승률이 계산해보니 98.7%더군요
[주식의정석]이란 채널인데 아마 은둔고수로 추정이되는데요 입으로 주식하는 사람들하고는 차원이 다르네요
광고 아니니 오해없으시길.."
매도기조 속에도 국민연금이 낙점한 SFA / 공진단 / 한국경제TV,2021. 6. 10.,http://www.youtube.com/watch?v=RUhpM39BS54,"조회수 2,194회",좋아요 27개,싫어요 없음,
"중국, 글로벌 물가 상승 촉발시킬까? 밈(meme)주식은 활개 / 이진우의 진짜전략 / 한국경제TV",2021. 6. 10.,http://www.youtube.com/watch?v=RUhpM39BS54,"조회수 8,057회",좋아요 169개,싫어요 9개,"연준이 추구하는 경제는 투기판 경제 진정한 경제가 아니라 오로지 
야바위 투기판조장으로 돈 버는 연준
미국 연준이 말하는 경제는 야바위 투기판 조장하는 야바위경제
경제는 죽었다 종이 돈이 경제를 죽이고 야바위 경제로 몰아가고있다
그 야바위 경제 중심에 연준이있다|제가 주식유튜브 안보는 채널이 없는데 주식 유튜버중 실시간 실전매매 원탑이네요
주식으로 10만원에서 30억으로 만들고 종목에 대한 매매 날짜랑 가격대 계좌까지 전부 다 까 놓고 매매하는데 승률이 계산해보니 98.7%더군요
[주식의정석]이란 채널인데 아마 은둔고수로 추정이되는데요 입으로 주식하는 사람들하고는 차원이 다르네요
광고 아니니 오해없으시길..|야바위연준이   만들어낸  야바위짓   저들은 경제논리니 금융학이니 
그럴싸한 포장지  용어 써기면서종이돈 찍어내서 경제를 살린다고 
사기짓 연준이 책임을 지리
금리 내리려고 온갖 수치 조작해서  내리더니
그 조작 수치가 올라가면  자기한테 유리하게 모든 지표 해석 
물가 안정 인플레 없다 등등 으로 야바위 해석하는 연준 
도대체 이리 종이돈 찍어내서 자산가치 버블 만드는게 
니들이 만드는 경제 금융 이냐"
"[한상춘의 지금세계는]중 인플레 충격, 위안화 대폭 절상 용인...한 달러 투자자, 원달러 환율 초미 관심/ 한국경제TV",2021. 6. 10.,http://www.youtube.com/watch?v=RUhpM39BS54,"조회수 15,731회",좋아요 354개,싫어요 21개,
Sin Stock '죄악주' vs Green Bond '녹색채권주'/ THE PULSE  / 한국경제TV,2021. 6. 10.,http://www.youtube.com/watch?v=RUhpM39BS54,"조회수 1,601회",좋아요 58개,싫어요 2개,감사합니다^^
오늘장 놓쳐선 안 될 당신이 잠든사이 일어난 해외 이슈 7 / 출근전 꼭 봐야하는 글로벌 이슈 / 한국경제TV,2021. 6. 10.,http://www.youtube.com/watch?v=RUhpM39BS54,"조회수 61,316회","좋아요 1,632개",싫어요 38개,"매일 보고 있습니다.방송이 너무 늦게 올라와요..ㅠ.ㅠ|오늘 장 마감시황 전해드려습니다아~~^^ㅎ|5:29 꺄끄!!!!|후랑스 꺆구 지수!|안녕하세요~항상 너무 잘보고 있습니다 감솨합니다~|잘봤습니다 꺄끄|😁|오늘의 꺆끄 아주 좋아~~~|꺄끄눈나 ♥|5:29 오늘의 꺄끄!|오늘까끄  발음이 더 좋습니다|감사합니다. 잘보고 있어요~~~|꺄뀨지수 박고은님 너무 좋아요 😍|꺄끄 오늘 좋아요~~ !|오늘 장 마감시황 젼햬들었습니댜~~|까끄 화이팅!! ㅎㅎ|요즘  너무 늦게 올려줴요 ㅠㅠ|땡    큐|강다은외신캐스터님 힘내세요!|ㅋㅋ 돈나무 언니..테슬라나 더 사시구랴..니가 점쟁이 빤스냐 ㅋㅋ|감사합니다|꺄꾸!!!!! 전해드렷습니다아~!|까끄 지수는 0.19 올랐네요~|꺄끄 개 이뻐! 완벽해!!!|오늘 갭하락 코스피지수 3160마감 예상
외인 하방포지션전환해서 어쩔수없네|꺄끄~^^|오늘 꺄끄 좀쎈거같네요 ㅋ|⭐먹는코로나 치료제 나왔다니ᆢ
대박이다ㆍ머크회사짱|까꿍|◆ 삼성전자(우): 강력 매수 신호 발생 -->매수 적기
5달간 조정 마무리: 이젠 급등 시점!
보통주와 갭 줄이려, 우선주 급등 시점: 우선주 매수 유리!
삼전(우): 공매도 제외: 우선주 공매도 염려 없어 상승 유리!

1. D램 슈퍼 사이클 도래
: 향후 3년간 반도체 실적 호황기
최근 D램값 70% 급등으로, 
실적 급증+주가 상승 당연지사!

2. 파운드리(위탁생산): 역대 최고 실적 전망!
올해 20조 이상: 3년전 11조 대비, 100% 성장 전망
특히, 인텔 물량수주로 대박
: 실적과 주가 급등 요인!

3. 스마트폰 최고 실적 전망
: 스마트 3억대 판매 목표!
폴더블 스마트폰: 高價로, 실적증가에 큰 보탬 될 것

4. 삼전(우): 배당 증가 4%: 현금 보유액 110조 이상+향후 3년 실적 급증
향후 주가 급등과 배당 증가 전망
: 매수 이유 충분!

◆ 삼성전자(우): 보통주 보다 주가 저렴, 우선주가 배당 15% 더 많아 유리
시스템반도체 성장성 매우 커, 2년내 20만원 전망
-->매수 기회|꺄끄 누나 너무 이쁘다... 헤으응 눈나 나죽어..|5:29 오늘의 꺅끄♡|강다은 캐스터님. 목소리가 잠겼네.ㅜㅜ|루이뷔통 LVMH 하고 로레알 매수 가야 하나요 😃|꺄끄♡꺄끄♡|1등|꺄꿍|감사드립니다|나이든 당신 간첩 이다|꺄끄 ♡"
중국 원자재 전쟁 선포 하반기 주목할 원자재 / 최성민의 빅샷+ / 이석진 원자재&해외투자연구소장 /한국경제TV,2021. 6. 9.,http://www.youtube.com/watch?v=RUhpM39BS54,"조회수 12,779회",좋아요 263개,싫어요 11개,"우리 멋진 2:8 앵커님, 안녕하세요? 감사합니다|앵커님 똑바로합시다|도박과 투자를 혼동하지 마세요
없는것에 도박하는것을 무슨 가치를 예기 하는지|무엇이든 열광하면 버블이고 고점이다|암호가, 많은사람들이 물려 있지만, 왜 금과 비교 하는지요?  
암호도 금같이 인간들이 생각한   . 최고의 보존가치가 높은 것이라고 보시나요?

전기로 만들 수 있는 암호를 어떻게 금과 비교하나요?.
그저, 슬슬 넘어가네요...하기야 누가 자신있게 말을하나..잘 했어요.|◆ 삼성전자(우): 강력 매수 신호 발생 -->매수 적기
5달간 조정 마무리: 이젠 급등 시점!
보통주와 갭 줄이려, 우선주 급등 시점: 우선주 매수 유리!
삼전(우): 공매도 제외: 우선주 공매도 염려 없어 상승 유리!

1. D램 슈퍼 사이클 도래
: 향후 3년간 반도체 실적 호황기
최근 D램값 70% 급등으로, 
실적 급증+주가 상승 당연지사!

2. 파운드리(위탁생산): 역대 최고 실적 전망!
올해 20조 이상: 3년전 11조 대비, 100% 성장 전망
특히, 인텔 물량수주로 대박
: 실적과 주가 급등 요인!

3. 스마트폰 최고 실적 전망
: 스마트 3억대 판매 목표!
폴더블 스마트폰: 高價로, 실적증가에 큰 보탬 될 것

4. 삼전(우): 배당 증가 4%: 현금 보유액 110조 이상+향후 3년 실적 급증
향후 주가 급등과 배당 증가 전망
: 매수 이유 충분!

◆ 삼성전자(우): 보통주 보다 주가 저렴, 우선주가 배당 15% 더 많아 유리
시스템반도체 성장성 매우 커, 2년내 20만원 전망
-->매수 기회"
히든 마켓 - 솔루엠 ESL(전자가격표시기) 포텐!! / 최성민의 빅샷+ / 최성민 앵커 글로벌 투자 전략가 /한국경제TV,2021. 6. 9.,http://www.youtube.com/watch?v=RUhpM39BS54,"조회수 4,867회",좋아요 116개,싫어요 3개,네 마녀의 날은 피해야 하지 않을까요?|어제 정찰병 투입했는데 이제 돌격대 투입해야겠습니다|오우 중요한것만 정리해서 말해주시는거 좋네요 이분꺼 다 찾아서 봐야겠다|올 연말이면 5만원찍을듯
여행객 증가 기대 백신 여권 관련주 / 최성민의 빅샷+ / 이상로 와우넷 파트너 /한국경제TV,2021. 6. 9.,http://www.youtube.com/watch?v=RUhpM39BS54,"조회수 1,778회",좋아요 28개,싫어요 1개,이상로 최고죠^^
