일시,시장종류,회사명,공시제목,제출인
2021-07-16 07:58:00,유가증권,한샘,조회공시 요구(풍문 또는 보도),유가증권시장본부
2021-07-16 08:40:00,유가증권,NH투자증권,증권발행실적보고서,엔에이치투자증권
2021-07-16 09:00:00,유가증권,한샘,주식선물 2단계 가격제한폭 확대요건 도달(상승),파생상품시장본부
2021-07-16 09:01:00,유가증권,우리금융지주,투자설명서,우리금융지주
2021-07-16 09:13:00,유가증권,현대차증권,계열금융회사의약관에의한금융거래-[CP],현대차증권
2021-07-16 09:16:00,코스닥,지더블유바이텍,임원ㆍ주요주주특정증권등소유상황보고서,이윤재
2021-07-16 09:23:00,코스닥,지더블유바이텍,주식등의대량보유상황보고서(일반),이윤재
2021-07-16 09:32:00,유가증권,고려아연,주식선물 2단계 가격제한폭 확대요건 도달(상승),파생상품시장본부
2021-07-16 09:48:00,유가증권,일성건설,단일판매ㆍ공급계약체결,일성건설
2021-07-16 10:19:00,유가증권,삼성증권,일괄신고추가서류(파생결합증권-주가연계증권),삼성증권
2021-07-16 10:21:00,유가증권,미래에셋증권,일괄신고추가서류(파생결합사채-주가연계파생결합사채),미래에셋증권
2021-07-16 10:22:00,유가증권,미래에셋증권,일괄신고추가서류(기타파생결합사채),미래에셋증권
2021-07-16 10:23:00,유가증권,미래에셋증권,일괄신고추가서류(파생결합증권-주가연계증권),미래에셋증권
2021-07-16 10:25:00,유가증권,미래에셋증권,투자설명서[일괄신고-사채],미래에셋증권
2021-07-16 10:26:00,유가증권,미래에셋증권,투자설명서[일괄신고-사채],미래에셋증권
2021-07-16 10:26:00,코스닥,지노믹트리,타법인주식및출자증권취득결정(자율공시),지노믹트리
2021-07-16 10:37:00,코스닥,해성옵틱스,유상증자 또는 주식관련사채 등의 청약결과(자율공시),해성옵틱스
2021-07-16 10:43:00,유가증권,현대차증권,일괄신고추가서류(파생결합증권-주가연계증권),현대차증권
2021-07-16 10:43:00,유가증권,NH투자증권,일괄신고추가서류(파생결합증권-주가연계증권),엔에이치투자증권
2021-07-16 10:44:00,유가증권,현대차증권,일괄신고추가서류(파생결합사채-주가연계파생결합사채),현대차증권
2021-07-16 10:44:00,유가증권,NH투자증권,일괄신고추가서류(파생결합사채-주가연계파생결합사채),엔에이치투자증권
2021-07-16 10:48:00,유가증권,미래에셋증권,투자설명서[일괄신고-사채],미래에셋증권
2021-07-16 10:50:00,유가증권,한국조선해양,기업설명회(IR) 개최(안내공시),한국조선해양
2021-07-16 10:51:00,유가증권,한국조선해양,단일판매ㆍ공급계약체결(자회사의 주요경영사항),한국조선해양
2021-07-16 10:56:00,유가증권,현대중공업지주,단일판매ㆍ공급계약체결(자회사의 주요경영사항),현대중공업지주
2021-07-16 10:56:00,유가증권,삼성증권,일괄신고추가서류(파생결합증권-주가연계증권),삼성증권
2021-07-16 11:02:00,유가증권,미래에셋증권,일괄신고추가서류(파생결합증권-주가연계증권),미래에셋증권
2021-07-16 11:19:00,유가증권,한화투자증권,일괄신고추가서류(파생결합증권-주가연계증권),한화투자증권
2021-07-16 11:21:00,코스닥,베뉴지,타인에대한담보제공결정,베뉴지
2021-07-16 11:22:00,코스닥,베뉴지,타인에대한담보제공결정,베뉴지
2021-07-16 11:25:00,유가증권,한화투자증권,투자설명서[일괄신고-사채],한화투자증권
2021-07-16 11:33:00,코넥스,에브리봇,기업설명회(IR) 개최 결과,에브리봇
2021-07-16 11:46:00,코스닥,신라젠,대표이사변경,신라젠
2021-07-16 11:52:00,유가증권,SIMPAC,자기주식취득 신탁계약 해지 결정,SIMPAC
2021-07-16 11:53:00,유가증권,LIG넥스원,선급금 지급 결정,엘아이지넥스원
2021-07-16 11:53:00,유가증권,삼성물산,결산실적공시 예고(안내공시),삼성물산
2021-07-16 12:01:00,유가증권,삼성증권,투자설명서[일괄신고-사채],삼성증권
2021-07-16 12:09:00,유가증권,삼성증권,투자설명서[일괄신고-사채],삼성증권
2021-07-16 12:14:00,코스닥,데이타솔루션,임원ㆍ주요주주특정증권등소유상황보고서,한인애
2021-07-16 12:18:00,코스닥,데이타솔루션,임원ㆍ주요주주특정증권등소유상황보고서,김명배
2021-07-16 12:21:00,코스닥,데이타솔루션,임원ㆍ주요주주특정증권등소유상황보고서,박혜선
2021-07-16 12:21:00,유가증권,신흥,최대주주등소유주식변동신고서,신흥
2021-07-16 12:25:00,유가증권,더존비즈온,임시주주총회 결과,더존비즈온
2021-07-16 12:27:00,코스닥,데이타솔루션,임원ㆍ주요주주특정증권등소유상황보고서,배수정
2021-07-16 12:29:00,코스닥,데이타솔루션,임원ㆍ주요주주특정증권등소유상황보고서,장준호
2021-07-16 12:32:00,유가증권,미래에셋증권,증권발행실적보고서,미래에셋증권
2021-07-16 12:33:00,유가증권,신흥,주식등의대량보유상황보고서(일반),이용익
2021-07-16 12:35:00,유가증권,미래에셋증권,증권발행실적보고서,미래에셋증권
2021-07-16 12:50:00,유가증권,미래에셋증권,증권발행실적보고서,미래에셋증권
2021-07-16 12:55:00,유가증권,미래에셋증권,투자설명서[일괄신고-사채],미래에셋증권
2021-07-16 13:06:00,유가증권,DB금융투자,일괄신고추가서류(기타파생결합사채),DB금융투자
2021-07-16 13:06:00,유가증권,미래에셋증권,일괄신고추가서류(파생결합증권-주가연계증권),미래에셋증권
2021-07-16 13:07:00,유가증권,삼성증권,일괄신고추가서류(파생결합증권-주가연계증권),삼성증권
2021-07-16 13:12:00,유가증권,NH투자증권,투자설명서[일괄신고-사채],엔에이치투자증권
2021-07-16 13:12:00,코스닥,유비벨록스,임원ㆍ주요주주특정증권등소유상황보고서,한진웅
2021-07-16 13:17:00,유가증권,NH투자증권,투자설명서[일괄신고-사채],엔에이치투자증권
2021-07-16 13:17:00,코스닥,유비벨록스,주식등의대량보유상황보고서(일반),이흥복
2021-07-16 13:24:00,유가증권,대우조선해양,단일판매ㆍ공급계약체결,대우조선해양
2021-07-16 13:24:00,유가증권,삼성증권,일괄신고추가서류(파생결합증권-주가연계증권),삼성증권
2021-07-16 13:26:00,유가증권,미래에셋증권,투자설명서[일괄신고-사채],미래에셋증권
2021-07-16 13:26:00,유가증권,한화투자증권,일괄신고추가서류(파생결합증권-주가연계증권),한화투자증권
2021-07-16 13:26:00,유가증권,미래에셋증권,일괄신고추가서류(파생결합증권-주가연계증권),미래에셋증권
2021-07-16 13:33:00,유가증권,한화투자증권,투자설명서[일괄신고-사채],한화투자증권
2021-07-16 13:33:00,유가증권,삼성증권,투자설명서[일괄신고-사채],삼성증권
2021-07-16 13:34:00,유가증권,팬오션,신규시설투자등,팬오션
2021-07-16 13:34:00,코스닥,비올,임원ㆍ주요주주특정증권등소유상황보고서,이헌석
2021-07-16 13:35:00,유가증권,삼성증권,투자설명서[일괄신고-사채],삼성증권
2021-07-16 13:36:00,코스닥,하림지주,신규시설투자등(자회사의 주요경영사항),하림지주
2021-07-16 13:37:00,유가증권,삼성증권,일괄신고추가서류(파생결합증권-주가연계증권),삼성증권
2021-07-16 13:39:00,유가증권,남광토건,단일판매ㆍ공급계약체결,남광토건
2021-07-16 13:42:00,유가증권,팬오션,단일판매ㆍ공급계약체결,팬오션
2021-07-16 13:45:00,코스닥,네오티스,증권 발행결과(자율공시),네오티스
2021-07-16 13:46:00,유가증권,삼성증권,투자설명서[일괄신고-사채],삼성증권
2021-07-16 13:47:00,코스닥,하림지주,단일판매ㆍ공급계약체결(자회사의 주요경영사항),하림지주
2021-07-16 13:48:00,유가증권,미래에셋증권,투자설명서[일괄신고-사채],미래에셋증권
2021-07-16 13:49:00,유가증권,씨에스윈드,풍문 또는 보도에 대한 해명(미확정),씨에스윈드
2021-07-16 13:53:00,코스닥,아스트,풍문 또는 보도에 대한 해명(미확정),아스트
2021-07-16 13:55:00,유가증권,LG화학,장래사업ㆍ경영 계획(공정공시),LG화학
2021-07-16 13:59:00,코스닥,디자인,임원ㆍ주요주주특정증권등소유상황보고서,김태억
2021-07-16 14:00:00,유가증권,현대차증권,투자설명서[일괄신고-사채],현대차증권
2021-07-16 14:00:00,코스닥,토박스코리아,타법인 주식 및 출자증권 취득결정(종속회사의 주요경영사항) ,토박스코리아
2021-07-16 14:02:00,코스닥,토박스코리아,유상증자결정(종속회사의 주요경영사항),토박스코리아
2021-07-16 14:04:00,유가증권,동남합성,최대주주등소유주식변동신고서,동남합성
2021-07-16 14:05:00,유가증권,메리츠증권,일괄신고추가서류(파생결합증권-주가연계증권),메리츠증권
2021-07-16 14:07:00,유가증권,신영증권,일괄신고추가서류(파생결합증권-주가연계증권),신영증권
2021-07-16 14:09:00,유가증권,현대제철,기업설명회(IR) 개최(안내공시),현대제철
2021-07-16 14:09:00,코스닥,토박스코리아,타법인주식및출자증권취득결정,토박스코리아
2021-07-16 14:10:00,코스닥,오스템임플란트,주식등의대량보유상황보고서(일반),최규옥
2021-07-16 14:16:00,유가증권,유안타증권,일괄신고추가서류(파생결합증권-주가연계증권),유안타증권
2021-07-16 14:18:00,유가증권,SIMPAC,신탁계약해지결과보고서,SIMPAC
2021-07-16 14:23:00,코스닥,아이원스,연결재무제표 기준 영업(잠정)실적(공정공시),아이원스
2021-07-16 14:24:00,유가증권,유안타증권,투자설명서[일괄신고-사채],유안타증권
2021-07-16 14:27:00,유가증권,대신증권,일괄신고추가서류(파생결합사채-주가연계파생결합사채),대신증권
2021-07-16 14:27:00,코스닥,UCI,대표이사변경,유씨아이
2021-07-16 14:27:00,코스닥,좋은사람들,분기보고서(일반법인),좋은사람들
2021-07-16 14:27:00,유가증권,NH투자증권,일괄신고추가서류(파생결합증권-주가연계증권),엔에이치투자증권
2021-07-16 14:27:00,유가증권,NH투자증권,일괄신고추가서류(파생결합사채-주가연계파생결합사채),엔에이치투자증권
2021-07-16 14:30:00,유가증권,DB금융투자,투자설명서[일괄신고-사채],DB금융투자
2021-07-16 14:32:00,유가증권,삼성증권,일괄신고추가서류(파생결합증권-주가연계증권),삼성증권
2021-07-16 14:33:00,유가증권,미래에셋증권,일괄신고추가서류(파생결합증권-주가연계증권),미래에셋증권
2021-07-16 14:33:00,유가증권,NH투자증권,투자설명서[일괄신고-사채],엔에이치투자증권
2021-07-16 14:33:00,유가증권,삼성증권,투자설명서[일괄신고-사채],삼성증권
2021-07-16 14:35:00,유가증권,DB금융투자,일괄신고추가서류(파생결합증권-주가연계증권),DB금융투자
2021-07-16 14:35:00,유가증권,NH투자증권,투자설명서[일괄신고-사채],엔에이치투자증권
2021-07-16 14:35:00,유가증권,교보증권,일괄신고추가서류(파생결합증권-주가연계증권),교보증권
2021-07-16 14:36:00,코스닥,파워넷,주식등의대량보유상황보고서(약식),에이원자산운용
2021-07-16 14:36:00,유가증권,대신증권,투자설명서[일괄신고-사채],대신증권
2021-07-16 14:36:00,유가증권,삼성증권,일괄신고추가서류(파생결합증권-주가연계증권),삼성증권
2021-07-16 14:36:00,유가증권,DB금융투자,일괄신고추가서류(파생결합사채-주가연계파생결합사채),DB금융투자
2021-07-16 14:39:00,유가증권,대교,자기주식 처분 결정,대교
2021-07-16 14:40:00,코스닥,한국컴퓨터,주식등의대량보유상황보고서(일반),한국컴퓨터지주
2021-07-16 14:41:00,코스닥,에이치엘비파워,주주총회소집결의,에이치엘비파워
2021-07-16 14:44:00,유가증권,교보증권,투자설명서[일괄신고-사채],교보증권
2021-07-16 14:44:00,유가증권,현대차증권,투자설명서[일괄신고-사채],현대차증권
2021-07-16 14:51:00,유가증권,삼성증권,투자설명서[일괄신고-사채],삼성증권
2021-07-16 14:51:00,유가증권,유안타증권,일괄신고추가서류(파생결합증권-주가연계증권),유안타증권
2021-07-16 14:52:00,코스닥,아나패스,주식등의대량보유상황보고서(약식),아이베스트투자
2021-07-16 14:53:00,코스닥,이디티,주식등의대량보유상황보고서(약식),테스시스템
2021-07-16 14:53:00,코스닥,에이치엘비파워,주주총회소집공고,에이치엘비파워
2021-07-16 14:53:00,코스닥,씨젠,현금ㆍ현물배당 결정(2021년 2분기 분기배당),씨젠
2021-07-16 14:54:00,유가증권,유안타증권,증권발행실적보고서,유안타증권
2021-07-16 14:56:00,코스닥,에이치엘비파워,참고서류,에이치엘비파워
2021-07-16 14:56:00,유가증권,미래에셋증권,투자설명서[일괄신고-사채],미래에셋증권
2021-07-16 14:57:00,유가증권,유안타증권,투자설명서[일괄신고-사채],유안타증권
2021-07-16 14:58:00,유가증권,일진디스플,유상증자 또는 주식관련사채 등의 발행결과(자율공시),일진디스플레이
2021-07-16 14:58:00,유가증권,신영증권,투자설명서[일괄신고-사채],신영증권
2021-07-16 15:01:00,유가증권,DB금융투자,투자설명서[일괄신고-사채],DB금융투자
2021-07-16 15:03:00,유가증권,DB금융투자,투자설명서[일괄신고-사채],DB금융투자
2021-07-16 15:04:00,코넥스,유엑스엔,주식등의대량보유상황보고서(일반),엔피성장제8호사모투자합자회사
2021-07-16 15:05:00,코스닥,EDGC,최대주주변경,이원다이애그노믹스
2021-07-16 15:05:00,코스닥,동원개발,단일판매ㆍ공급계약체결(자율공시),동원개발
2021-07-16 15:07:00,유가증권,DB금융투자,증권발행실적보고서,DB금융투자
2021-07-16 15:09:00,유가증권,한샘,주식선물 3단계 가격제한폭 확대요건 도달(상승),파생상품시장본부
2021-07-16 15:11:00,코스닥,포시에스,주식등의대량보유상황보고서(일반),조종민
2021-07-16 15:13:00,코스닥,포시에스,임원ㆍ주요주주특정증권등소유상황보고서,조종민
2021-07-16 15:16:00,코스닥,신라젠,유상증자결정(제3자배정증자),신라젠
2021-07-16 15:16:00,코넥스,나우코스,특허권 취득(자율공시),나우코스
2021-07-16 15:17:00,코스닥,포시에스,임원ㆍ주요주주특정증권등소유상황보고서,박미경
2021-07-16 15:21:00,유가증권,메리츠증권,일괄신고추가서류(파생결합증권-주가연계증권),메리츠증권
2021-07-16 15:23:00,유가증권,유안타증권,일괄신고추가서류(파생결합증권-주가연계증권),유안타증권
2021-07-16 15:24:00,유가증권,메리츠증권,일괄신고추가서류(파생결합증권-주가연계증권),메리츠증권
2021-07-16 15:24:00,코스닥,비나텍,주주총회소집공고,비나텍
2021-07-16 15:26:00,유가증권,유안타증권,투자설명서[일괄신고-사채],유안타증권
2021-07-16 15:29:00,코스닥,티앤알바이오팹,유형자산 양수 결정,티앤알바이오팹
2021-07-16 15:32:00,유가증권,금호타이어,임원ㆍ주요주주특정증권등소유상황보고서,박성균
2021-07-16 15:34:00,코스닥,KB오토시스,임원ㆍ주요주주특정증권등소유상황보고서,정남식
2021-07-16 15:36:00,코스닥,삼영엠텍,추가상장(국내사모 CB전환),코스닥시장본부
2021-07-16 15:36:00,코스닥,포인트엔지니어링,추가상장(주식매수선택권 행사),코스닥시장본부
2021-07-16 15:36:00,유가증권,한샘,투자판단 관련 주요경영사항,한샘
2021-07-16 15:37:00,코스닥,포시에스,임원ㆍ주요주주특정증권등소유상황보고서,송지훈
2021-07-16 15:37:00,유가증권,메리츠증권,일괄신고추가서류(파생결합증권-주가연계증권),메리츠증권
2021-07-16 15:38:00,코스닥,CNT85,합병등종료보고서,씨앤티85
2021-07-16 15:39:00,코스닥,수성이노베이션,임원ㆍ주요주주특정증권등소유상황보고서,유니베스트 투자 조합 1호
2021-07-16 15:39:00,유가증권,삼성카드,기업설명회(IR) 개최(안내공시),삼성카드
2021-07-16 15:41:00,코스닥,투비소프트,소액공모실적보고서,투비소프트
2021-07-16 15:41:00,유가증권,미원상사,현금ㆍ현물 배당 결정,미원상사
2021-07-16 15:42:00,코스닥,수성이노베이션,주식등의대량보유상황보고서(일반),유니베스트 투자 조합 1호
2021-07-16 15:42:00,유가증권,삼성증권,일괄신고추가서류(파생결합증권-주가연계증권),삼성증권
2021-07-16 15:43:00,유가증권,유안타증권,일괄신고추가서류(파생결합증권-주가연계증권),유안타증권
2021-07-16 15:43:00,유가증권,메리츠증권,일괄신고추가서류(파생결합증권-주가연계증권),메리츠증권
2021-07-16 15:44:00,코스닥,러셀,전환가액의조정,러셀
2021-07-16 15:45:00,코스닥,로스웰,전환청구권행사(제1회차),로스웰인터내셔널유한회사
2021-07-16 15:45:00,코스닥,투비소프트,증권 발행결과(자율공시)(제3자배정 유상증자-소액공모),투비소프트
2021-07-16 15:45:00,유가증권,미원상사,중간(분기)배당을 위한 주주명부폐쇄(기준일) 결정,미원상사
2021-07-16 15:47:00,유가증권,삼성증권,투자설명서[일괄신고-사채],삼성증권
2021-07-16 15:47:00,유가증권,우리금융지주,증권발행실적보고서,우리금융지주
2021-07-16 15:47:00,유가증권,유안타증권,투자설명서[일괄신고-사채],유안타증권
2021-07-16 15:48:00,유가증권,BNK금융지주,증권발행실적보고서,BNK금융지주
2021-07-16 15:49:00,코스닥,홈센타홀딩스,주식등의대량보유상황보고서(일반),박병준
2021-07-16 15:51:00,코스닥,코드네이처,단일판매ㆍ공급계약체결(자율공시),코드네이처
2021-07-16 15:52:00,코스닥,코드네이처,단일판매ㆍ공급계약체결(자율공시),코드네이처
2021-07-16 15:53:00,유가증권,일성신약,최대주주등소유주식변동신고서,일성신약
2021-07-16 15:53:00,코스닥,시공테크,임원ㆍ주요주주특정증권등소유상황보고서,남경우
2021-07-16 15:53:00,코스닥,보광산업,주식등의대량보유상황보고서(일반),홈센타홀딩스
2021-07-16 15:54:00,유가증권,KB금융,기업설명회(IR) 개최(안내공시),KB금융지주
2021-07-16 15:54:00,유가증권,NAVER,임원ㆍ주요주주특정증권등소유상황보고서,하태흥
2021-07-16 15:54:00,코스닥,SM C&C,추가상장(주식매수선택권행사),코스닥시장본부
2021-07-16 15:54:00,코스닥,좋은사람들,관리종목지정사유일부해제(분기보고서 미제출 사유 해소),코스닥시장본부
2021-07-16 15:54:00,코스닥,리더스 기술투자,신주인수권증권 변경상장(신주인수권행사),코스닥시장본부
2021-07-16 15:54:00,코스닥,리더스 기술투자,추가상장(국내공모 BW행사),코스닥시장본부
2021-07-16 15:57:00,유가증권,아센디오,기타 안내사항(안내공시),아센디오
2021-07-16 15:58:00,유가증권,세원이앤씨,권리락 기준가격 안내,유가증권시장본부
2021-07-16 15:58:00,유가증권,한국자산신탁,유상증자결정(종속회사의 주요경영사항),한국자산신탁
2021-07-16 15:59:00,유가증권,대신증권,일괄신고추가서류(파생결합사채-주가연계파생결합사채),대신증권
2021-07-16 16:00:00,코스닥,비올,"기타 경영사항(특허권 취득)(자율공시)(바늘 조립체, 이를 포함하는 피부 자극기 및 그 제조 방법)",비올
2021-07-16 16:00:00,코스닥,인텔리안테크,주식등의대량보유상황보고서(일반),성상엽
2021-07-16 16:01:00,코스닥,풍강,분기보고서(일반법인),풍강
2021-07-16 16:02:00,유가증권,두산,지속가능경영보고서 등 관련사항(자율공시),두산
2021-07-16 16:02:00,코스닥,이퓨쳐,소송등의판결ㆍ결정,이퓨쳐
2021-07-16 16:03:00,코스닥,코디,"전환청구권행사(제14,15회차)",코디
2021-07-16 16:04:00,유가증권,메리츠증권,일괄신고추가서류(파생결합증권-주가연계증권),메리츠증권
2021-07-16 16:04:00,유가증권,삼익악기,주식등의대량보유상황보고서(일반),스페코
2021-07-16 16:04:00,코스닥,CNT85,단일판매ㆍ공급계약체결,씨앤티85
2021-07-16 16:06:00,코스닥,지니틱스,추가상장(주식매수선택권행사),코스닥시장본부
2021-07-16 16:06:00,코스닥,디자인,주주총회소집공고,디자인
2021-07-16 16:07:00,유가증권,메리츠증권,투자설명서[일괄신고-사채],메리츠증권
2021-07-16 16:08:00,코스닥,프로스테믹스,주식등의대량보유상황보고서(일반),박병순
2021-07-16 16:08:00,유가증권,삼성증권,증권발행실적보고서,삼성증권
2021-07-16 16:08:00,유가증권,메리츠증권,투자설명서[일괄신고-사채],메리츠증권
2021-07-16 16:09:00,유가증권,메리츠증권,일괄신고추가서류(파생결합증권-주가연계증권),메리츠증권
2021-07-16 16:09:00,유가증권,메리츠증권,투자설명서[일괄신고-사채],메리츠증권
2021-07-16 16:10:00,유가증권,현대미포조선,기업설명회(IR) 개최(안내공시),현대미포조선
2021-07-16 16:10:00,유가증권,메리츠증권,투자설명서[일괄신고-사채],메리츠증권
2021-07-16 16:10:00,코스닥,유진스팩4호,[투자주의]단일계좌 거래량 상위종목,시장감시위원회
2021-07-16 16:10:00,코스닥,디지아이,[투자주의]단일계좌 거래량 상위종목,시장감시위원회
2021-07-16 16:10:00,유가증권,주연테크,[투자주의]단일계좌 거래량 상위종목,시장감시위원회
2021-07-16 16:10:00,코스닥,인터파크,[투자주의]투자경고종목 지정예고,시장감시위원회
2021-07-16 16:10:00,코스닥,씨이랩,[투자주의]15일간 상승종목의 당일 소수계좌 매수관여 과다종목,시장감시위원회
2021-07-16 16:10:00,코스닥,한양디지텍,주식등의대량보유상황보고서(일반),김형육
2021-07-16 16:10:00,유가증권,금강공업,[투자주의]15일간 상승종목의 당일 소수계좌 매수관여 과다종목(금강공업우),시장감시위원회
2021-07-16 16:10:00,유가증권,비비안,[투자주의]단일계좌 거래량 상위종목,시장감시위원회
2021-07-16 16:13:00,유가증권,현대일렉트릭,기업설명회(IR) 개최(안내공시),현대일렉트릭앤에너지시스템
2021-07-16 16:13:00,유가증권,현대건설기계,기업설명회(IR) 개최(안내공시),현대건설기계
2021-07-16 16:15:00,유가증권,SK디앤디,투자판단 관련 주요경영사항,SK디앤디
2021-07-16 16:15:00,코스닥,한양디지텍,임원ㆍ주요주주특정증권등소유상황보고서,김형육
2021-07-16 16:18:00,코스닥,엠투엔,단기차입금증가결정,엠투엔
2021-07-16 16:19:00,유가증권,동양,조회공시 요구(현저한 시황변동)에 대한 답변(미확정),동양
2021-07-16 16:20:00,유가증권,SGC에너지,타인에대한채무보증결정,SGC에너지
2021-07-16 16:21:00,유가증권,미원상사,자기주식 취득 결정,미원상사
2021-07-16 16:21:00,유가증권,현대중공업지주,기업설명회(IR) 개최(안내공시),현대중공업지주
2021-07-16 16:21:00,코스닥,이노메트리,임원ㆍ주요주주특정증권등소유상황보고서,김영주
2021-07-16 16:22:00,코스닥,아주IB투자,임원ㆍ주요주주특정증권등소유상황보고서,박계훈
2021-07-16 16:22:00,코스닥,예스티,전환가액의조정,예스티
2021-07-16 16:24:00,코스닥,에이루트,주식등의대량보유상황보고서(약식),더케이투자조합
2021-07-16 16:25:00,코스닥,디자인,주주총회소집결의,디자인
2021-07-16 16:26:00,유가증권,한화생명,기업설명회(IR) 개최(안내공시),한화생명보험
2021-07-16 16:27:00,코스닥,한양디지텍,임원ㆍ주요주주특정증권등소유상황보고서,김윤상
2021-07-16 16:33:00,코스닥,오비고,주식등의대량보유상황보고서(일반),장영준
2021-07-16 16:34:00,유가증권,부국철강,(예고)단기과열종목(3거래일 단일가매매) 지정예고,유가증권시장본부
2021-07-16 16:35:00,유가증권,흥국화재,"단기과열종목(가격괴리율, 3거래일 단일가매매) 지정 연장(흥국화재우)",유가증권시장본부
2021-07-16 16:35:00,유가증권,SK증권,"단기과열종목(가격괴리율, 3거래일 단일가매매) 지정 연장(SK증권우)",유가증권시장본부
2021-07-16 16:35:00,유가증권,동양,"단기과열종목(가격괴리율, 3거래일 단일가매매) 지정 연장(동양우)",유가증권시장본부
2021-07-16 16:35:00,유가증권,진흥기업,"단기과열종목(가격괴리율, 3거래일 단일가매매) 지정 연장(진흥기업우B)",유가증권시장본부
2021-07-16 16:35:00,유가증권,태양금속공업,"단기과열종목(가격괴리율, 3거래일 단일가매매) 지정 연장(태양금속우)",유가증권시장본부
2021-07-16 16:36:00,유가증권,롯데지주,"단기과열종목(가격괴리율, 3거래일 단일가매매) 지정 연장(롯데지주우)",유가증권시장본부
2021-07-16 16:36:00,유가증권,덕성,"단기과열종목(가격괴리율, 3거래일 단일가매매) 지정 연장(덕성우)",유가증권시장본부
2021-07-16 16:36:00,유가증권,서울식품공업,"단기과열종목(가격괴리율, 3거래일 단일가매매) 지정 연장(서울식품우)",유가증권시장본부
2021-07-16 16:36:00,코스닥,HRS,유형자산 양수 결정,에이치알에스
2021-07-16 16:37:00,유가증권,녹십자홀딩스,"단기과열종목(가격괴리율, 3거래일 단일가매매) 지정 연장(녹십자홀딩스2우)",유가증권시장본부
2021-07-16 16:37:00,유가증권,크라운해태홀딩스,"단기과열종목(가격괴리율, 3거래일 단일가매매) 지정 연장(크라운해태홀딩스우)",유가증권시장본부
2021-07-16 16:37:00,유가증권,대신증권,투자설명서[일괄신고-사채],대신증권
2021-07-16 16:38:00,유가증권,대원전선,"단기과열종목(가격괴리율, 3거래일 단일가매매) 지정 연장(대원전선우)",유가증권시장본부
2021-07-16 16:38:00,유가증권,금강공업,"단기과열종목(가격괴리율, 3거래일 단일가매매) 지정 연장(금강공업우)",유가증권시장본부
2021-07-16 16:38:00,유가증권,성문전자,"단기과열종목(가격괴리율, 3거래일 단일가매매) 지정 연장(성문전자우)",유가증권시장본부
2021-07-16 16:40:00,유가증권,팬오션,주식등의대량보유상황보고서(일반),하림지주
2021-07-16 16:40:00,코스닥,골프존뉴딘홀딩스,유형자산취득결정(자회사의 주요경영사항),골프존뉴딘홀딩스
2021-07-16 16:40:00,유가증권,동남합성,최대주주등소유주식변동신고서,동남합성
2021-07-16 16:40:00,코스닥,스타모빌리티,기타시장안내(실질심사 대상여부 결정을 위한 조사기간 연장 안내),코스닥시장본부
2021-07-16 16:42:00,코스닥,젬백스지오,추가상장(국내사모 CB전환),코스닥시장본부
2021-07-16 16:43:00,코스닥,앤디포스,변경상장(액면변경)(액면병합),코스닥시장본부
2021-07-16 16:43:00,코스닥,앤디포스,주권매매거래정지해제(액면병합 주권 변경상장),코스닥시장본부
2021-07-16 16:44:00,코스닥,인성정보,전환청구권행사,인성정보
2021-07-16 16:46:00,유가증권,금호에이치티,주식등의대량보유상황보고서(일반),에스맥
2021-07-16 16:46:00,유가증권,엔에스쇼핑,주식등의대량보유상황보고서(일반),하림지주
2021-07-16 16:47:00,코스닥,아래스,주주총회소집결의,아래스
2021-07-16 16:48:00,코스닥,HRS,주식등의대량보유상황보고서(일반),강성자
2021-07-16 16:50:00,,한국투자신탁운용,ETF 추가 ㆍ 변경상장신청서(수량변경)(일괄공시),한국투자신탁운용
2021-07-16 16:50:00,,케이비자산운용,ETF 추가 ㆍ 변경상장신청서(수량변경)(일괄공시),KB자산운용
2021-07-16 16:50:00,유가증권,금호에이치티,임원ㆍ주요주주특정증권등소유상황보고서,에스맥
2021-07-16 16:50:00,,미래에셋자산운용,ETF 추가 ㆍ 변경상장신청서(수량변경)(일괄공시),미래에셋자산운용
2021-07-16 16:51:00,유가증권,SK가스,증권신고서(채무증권),SK가스
2021-07-16 16:51:00,유가증권,웰바이오텍,전환사채권발행결정,웰바이오텍
2021-07-16 16:51:00,유가증권,한국토지신탁,증권신고서(채무증권),한국토지신탁
2021-07-16 16:51:00,코스닥,앤디포스,기준가격안내(액면병합),코스닥시장본부
2021-07-16 16:51:00,,한화자산운용,ETF 추가 ㆍ 변경상장신청서(수량변경)(일괄공시),한화자산운용
2021-07-16 16:51:00,코스닥,상신이디피,전환청구권행사,상신이디피
2021-07-16 16:51:00,,삼성자산운용,ETF 추가 ㆍ 변경상장신청서(수량변경)(일괄공시),삼성자산운용
2021-07-16 16:51:00,,키움투자자산운용,ETF 추가 ㆍ 변경상장신청서(수량변경)(일괄공시),키움투자자산운용
2021-07-16 16:52:00,코스닥,오비고,임원ㆍ주요주주특정증권등소유상황보고서,장영준
2021-07-16 16:53:00,유가증권,SK가스,증권신고서(채무증권),SK가스
2021-07-16 16:55:00,유가증권,팜스코,주식등의대량보유상황보고서(일반),하림지주
2021-07-16 16:55:00,유가증권,케이티,자기주식처분결과보고서,케이티
2021-07-16 16:56:00,코스닥,성우전자,회사분할 결정(종속회사의 주요경영사항) ,성우전자
2021-07-16 16:56:00,코스닥,와이엠씨,단일판매ㆍ공급계약체결,와이엠씨
2021-07-16 16:56:00,유가증권,두산중공업,지속가능경영보고서 등 관련사항(자율공시),두산중공업
2021-07-16 16:57:00,코스닥,엠젠플러스,기타시장안내(상장폐지 관련 이의신청서 접수 ),코스닥시장본부
2021-07-16 16:57:00,코스닥,쌍용정보통신,기업설명회(IR) 개최,쌍용정보통신
2021-07-16 16:57:00,코스닥,브릿지바이오,추가상장(주식매수선택권행사),코스닥시장본부
2021-07-16 16:58:00,코스닥,오비고,임원ㆍ주요주주특정증권등소유상황보고서,오태안
2021-07-16 16:59:00,코스닥,쎄미시스코,주식등의대량보유상황보고서(일반),이순종
2021-07-16 16:59:00,코스닥,윈하이텍,자기주식 처분 결정,윈하이텍
2021-07-16 17:00:00,코스닥,에이루트,기타 경영사항(자율공시)(제12회차 전환사채 취득 후 일부 재매각),에이루트
2021-07-16 17:00:00,코스닥,에이루트,"기타 경영사항(자율공시)(제11,12,13,14회차 전환사채 취득 후 일부 재매각)",에이루트
2021-07-16 17:00:00,유가증권,한국자산신탁,수시공시의무관련사항(공정공시),한국자산신탁
2021-07-16 17:02:00,코스닥,에이루트,주식등의대량보유상황보고서(약식),아스트로투자 2호 조합
2021-07-16 17:02:00,코스닥,HRS,타인에대한담보제공결정,에이치알에스
2021-07-16 17:04:00,코스닥,에이루트,주식등의대량보유상황보고서(약식),박유훈
2021-07-16 17:05:00,코스닥,쎄미시스코,임원ㆍ주요주주특정증권등소유상황보고서,이순종
2021-07-16 17:06:00,코스닥,비나텍,참고서류,비나텍
2021-07-16 17:07:00,코스닥,오비고,임원ㆍ주요주주특정증권등소유상황보고서,김민석
2021-07-16 17:08:00,코스닥,남화토건,단일판매ㆍ공급계약체결,남화토건
2021-07-16 17:09:00,코스닥,SGA솔루션즈,전환청구권행사(제6회차),에스지에이 솔루션즈
2021-07-16 17:09:00,코스닥,쎄미시스코,임원ㆍ주요주주특정증권등소유상황보고서,이동석
2021-07-16 17:09:00,유가증권,일동제약,타법인주식및출자증권취득결정,일동제약
2021-07-16 17:10:00,유가증권,신성이엔지,상장안내(국내BW행사),유가증권시장본부
2021-07-16 17:11:00,코스닥,오비고,임원ㆍ주요주주특정증권등소유상황보고서,한두현
2021-07-16 17:12:00,유가증권,키움증권,추가상장(국내CB전환),유가증권시장본부
2021-07-16 17:12:00,유가증권,현대리바트,기업설명회(IR) 개최(안내공시),현대리바트
2021-07-16 17:13:00,코스닥,쎄미시스코,임원ㆍ주요주주특정증권등소유상황보고서,김학권
2021-07-16 17:15:00,유가증권,씨에스윈드,타법인주식및출자증권취득결정,씨에스윈드
2021-07-16 17:15:00,유가증권,일동홀딩스,타법인주식및출자증권취득결정(자회사의 주요경영사항),일동홀딩스
2021-07-16 17:17:00,코넥스,시그넷이브이,주주총회소집 결의,시그넷이브이
2021-07-16 17:17:00,유가증권,씨에스윈드,유상증자결정(종속회사의 주요경영사항),씨에스윈드
2021-07-16 17:18:00,코스닥,오비고,임원ㆍ주요주주특정증권등소유상황보고서,김영민
2021-07-16 17:20:00,코스닥,소리바다,감자완료,소리바다
2021-07-16 17:21:00,코넥스,시그넷이브이,주주총회소집공고,시그넷이브이
2021-07-16 17:21:00,유가증권,메리츠증권,증권발행실적보고서,메리츠증권
2021-07-16 17:22:00,코스닥,오비고,임원ㆍ주요주주특정증권등소유상황보고서,조기현
2021-07-16 17:23:00,코스닥,에프앤리퍼블릭,전환사채권발행결정(제21회차),에프앤리퍼블릭
2021-07-16 17:24:00,코스닥,지유온,타법인 주식 및 출자증권 양도결정,지유온
2021-07-16 17:26:00,코스닥,에코프로비엠,임원ㆍ주요주주특정증권등소유상황보고서,김홍관
2021-07-16 17:27:00,코스닥,바이오스마트,전환사채권발행결정(제12회차),바이오스마트
2021-07-16 17:28:00,코넥스,시그넷이브이,최대주주 변경을 수반하는 주식양수도 계약 체결,시그넷이브이
2021-07-16 17:29:00,유가증권,유나이티드,최대주주등소유주식변동신고서,한국유나이티드제약
2021-07-16 17:30:00,유가증권,유나이티드,임원ㆍ주요주주특정증권등소유상황보고서,김형래
2021-07-16 17:30:00,코스닥,스타모빌리티,주권 관련 사채권 양수 결정,스타모빌리티
2021-07-16 17:33:00,코스닥,아이톡시,대표이사변경,아이톡시
2021-07-16 17:33:00,코스닥,KMH,최대주주 변경을 수반하는 주식 담보제공 계약 해제ㆍ취소 등,케이엠에이치
2021-07-16 17:34:00,코넥스,시그넷이브이,유상증자결정(제3자배정),시그넷이브이
2021-07-16 17:35:00,코스닥,KD,유상증자결정(주주우선공모증자),KD
2021-07-16 17:35:00,코스닥,HRS,최대주주 변경을 수반하는 주식 담보제공 계약 체결,에이치알에스
2021-07-16 17:36:00,코넥스,엠로,자기주식 처분 결정(구주매출),엠로
2021-07-16 17:37:00,코넥스,엠로,"유상증자결정(제3자배정, 상장주선인의 의무인수분)",엠로
2021-07-16 17:39:00,유가증권,신영증권,증권발행실적보고서,신영증권
2021-07-16 17:41:00,유가증권,메리츠증권,증권발행실적보고서,메리츠증권
2021-07-16 17:41:00,코스닥,에코프로에이치엔,자기주식처분결과보고서,에코프로에이치엔
2021-07-16 17:41:00,유가증권,신영증권,증권발행실적보고서,신영증권
2021-07-16 17:42:00,유가증권,대성산업,최대주주등소유주식변동신고서,대성산업
2021-07-16 17:42:00,코스닥,지스마트글로벌,타인에대한담보제공결정,지스마트글로벌
2021-07-16 17:45:00,유가증권,SK,타법인주식및출자증권취득결정(자율공시),SK
2021-07-16 17:57:00,코스닥,스타모빌리티,감자완료,스타모빌리티
2021-07-16 17:58:00,코넥스,엠로,기업설명회(IR) 개최,엠로
2021-07-16 17:59:00,코스닥,자안바이오,출자법인의부도등발생,자안바이오
2021-07-16 18:05:00,,,자기주식매매 체결내역(유가증권시장),유가증권시장본부
2021-07-16 18:06:00,,,일일 회전율 상위 20종목-ELW제외(유가증권시장),유가증권시장본부
2021-07-16 18:06:00,,,일일 회전율 상위 20종목-ELW포함(유가증권시장),유가증권시장본부
2021-07-16 18:06:00,,,대량매매내역(유가증권시장),유가증권시장본부
2021-07-16 18:07:00,,,자기주식매매 신청내역(유가증권시장),유가증권시장본부
2021-07-16 18:07:00,,,자기주식매매신청내역(코넥스시장),코넥스시장
2021-07-16 18:07:00,,,자기주식매매체결내역(코스닥시장),코스닥시장본부
2021-07-16 18:08:00,,,자기주식매매신청내역(코스닥시장),코스닥시장본부
2021-07-16 18:08:00,,,직전1개월 일평균대비 거래량 증가율 상위 10종목(코스닥시장),코스닥시장본부
2021-07-16 18:08:00,,,일중 변동성 상위 10종목(코스닥시장),코스닥시장본부
2021-07-16 18:08:00,,,일일회전율상위20종목(코스닥시장),코스닥시장본부
2021-07-16 18:08:00,,,최근 20일중 최저(최고)가 대비 상승(하락)율 상위 10종목(코스닥시장),코스닥시장본부
2021-07-16 18:08:00,,,대량매매내역(코스닥시장),코스닥시장본부
2021-07-16 18:26:00,유가증권,센트럴인사이트,대표이사(대표집행임원) 변경(안내공시),센트럴인사이트
2021-07-16 18:32:00,유가증권,에스디바이오센서,"신규상장(에스디바이오센서(주), 상장일 2021.07.16)",유가증권시장본부
2021-07-17 07:30:00,코스닥,피에스엠씨,주식등의대량보유상황보고서(일반),지일이삼공교육
2021-07-17 07:46:00,코스닥,상지카일룸,주식등의대량보유상황보고서(일반),씨지아이홀딩스
2021-07-17 07:47:00,코스닥,아미코젠,타법인주식및출자증권취득결정,아미코젠
2021-07-17 07:47:00,코스닥,아미코젠,유상증자결정(제3자배정증자),아미코젠
2021-07-17 07:49:00,코스닥,헬릭스미스,임시주주총회결과,헬릭스미스
2021-07-17 09:04:00,유가증권,한샘,주식선물 2단계 가격제한폭 확대요건 도달(하락),파생상품시장본부
2021-07-17 09:25:00,유가증권,해성디에스,연결재무제표기준영업(잠정)실적(공정공시),해성디에스
2021-07-17 09:32:00,코스닥,씨앤투스성진,주주총회소집공고,씨앤투스성진
2021-07-17 09:49:00,코스닥,신테카바이오,주식등의대량보유상황보고서(일반),정종선
2021-07-17 09:50:00,코스닥,에스앤에스텍,신규시설투자등(자율공시),에스앤에스텍
2021-07-17 09:53:00,코스닥,지어소프트,타법인 주식 및 출자증권 취득결정(자율공시)(종속회사의 주요경영사항),지어소프트
2021-07-17 10:05:00,코스닥,상아프론테크,연결재무제표 기준 영업(잠정)실적(공정공시),상아프론테크
2021-07-17 10:09:00,코스닥,신테카바이오,주식등의대량보유상황보고서(일반),정종선
2021-07-17 10:16:00,코스닥,자이언트스텝,기업설명회(IR) 개최,자이언트스텝
2021-07-17 10:20:00,유가증권,LG생활건강,결산실적공시 예고(안내공시),LG생활건강
2021-07-17 10:22:00,유가증권,NH투자증권,주식등의대량보유상황보고서(약식),국민연금공단
2021-07-17 10:26:00,유가증권,한국금융지주,주식등의대량보유상황보고서(약식),국민연금공단
2021-07-17 10:33:00,코스닥,SNK,주주명부폐쇄기간 또는 기준일 설정,에스앤케이
2021-07-17 10:34:00,유가증권,교보증권,증권발행실적보고서,교보증권
2021-07-17 10:37:00,유가증권,교보증권,증권발행실적보고서,교보증권
2021-07-17 10:38:00,유가증권,AK홀딩스,현금ㆍ현물 배당 결정(자회사의 주요경영사항),AK홀딩스
2021-07-17 10:40:00,유가증권,삼성카드,증권신고서(채무증권),삼성카드
2021-07-17 10:44:00,유가증권,한국조선해양,단일판매ㆍ공급계약체결(자회사의 주요경영사항),한국조선해양
2021-07-17 10:48:00,유가증권,현대중공업지주,단일판매ㆍ공급계약체결(자회사의 주요경영사항),현대중공업지주
2021-07-17 11:04:00,유가증권,미원홀딩스,최대주주등소유주식변동신고서,미원홀딩스
2021-07-17 11:04:00,코스닥,엘앤에프,유상증자최종발행가액확정,엘앤에프
2021-07-17 11:05:00,유가증권,AK홀딩스,현금ㆍ현물 배당 결정(자회사의 주요경영사항),AK홀딩스
2021-07-17 11:08:00,유가증권,미원홀딩스,임원ㆍ주요주주특정증권등소유상황보고서,
2021-07-17 11:09:00,코스닥,아이진,투자판단 관련 주요경영사항(당뇨망막증치료제 ‘EG-Mirotin’ 국내 2상 임상시험 완료),아이진
2021-07-17 11:12:00,유가증권,NH투자증권,증권발행실적보고서,엔에이치투자증권
2021-07-17 11:17:00,유가증권,삼성전기,임원ㆍ주요주주특정증권등소유상황보고서,국민연금공단
2021-07-17 11:21:00,코스닥,에이루트,주식등의대량보유상황보고서(약식),아스트로투자 2호 조합
2021-07-17 11:22:00,유가증권,메리츠증권,일괄신고추가서류(파생결합증권-주가연계증권),메리츠증권
2021-07-17 11:27:00,유가증권,코스모화학,주주명부폐쇄기간 또는 기준일 설정,코스모화학
2021-07-17 11:27:00,코스닥,엔시트론,주식등의대량보유상황보고서(일반),티알에스
2021-07-17 11:29:00,유가증권,메리츠증권,투자설명서[일괄신고-사채],메리츠증권
2021-07-17 11:34:00,유가증권,코스모화학,주주총회소집결의,코스모화학
2021-07-17 11:35:00,코스닥,엘앤에프,유상증자결정(주주배정후 실권주 일반공모),엘앤에프
2021-07-17 11:35:00,코스닥,EDGC,기타 경영사항(특허권 취득)(자율공시)(이중 가닥 핵산 분자와 제한효소를 이용한 NGS 라이브러리 제작 시 발생되는 유리 어댑터 제거 방법),이원다이애그노믹스
2021-07-17 11:41:00,코스닥,자안바이오,주주총회소집공고,자안바이오
2021-07-17 11:45:00,코스닥,서플러스글로벌,주주총회소집공고,서플러스글로벌
2021-07-17 12:00:00,유가증권,금호석유화학,주식등의대량보유상황보고서(일반),박철완
2021-07-17 12:11:00,코스닥,모다이노칩,주식등의대량보유상황보고서(일반),대명화학
2021-07-17 12:15:00,코스닥,부방,주주총회소집공고,부방
2021-07-17 12:47:00,유가증권,삼성증권,일괄신고추가서류(파생결합증권-주가연계증권),삼성증권
2021-07-17 12:55:00,유가증권,SKC,임원ㆍ주요주주특정증권등소유상황보고서,국민연금공단
2021-07-17 12:57:00,유가증권,풍산,임원ㆍ주요주주특정증권등소유상황보고서,국민연금공단
2021-07-17 13:13:00,유가증권,유안타증권,증권발행실적보고서,유안타증권
2021-07-17 13:15:00,코스닥,노바렉스,임원ㆍ주요주주특정증권등소유상황보고서,이정래
2021-07-17 13:18:00,코스닥,노바렉스,주식등의대량보유상황보고서(일반),권석형
2021-07-17 13:19:00,유가증권,메리츠증권,일괄신고추가서류(파생결합증권-주가연계증권),메리츠증권
2021-07-17 13:19:00,코스닥,초록뱀컴퍼니,주식등의대량보유상황보고서(일반),오션인더블유
2021-07-17 13:25:00,유가증권,메리츠증권,투자설명서[일괄신고-사채],메리츠증권
2021-07-17 13:36:00,코스닥,서남,단일판매ㆍ공급계약체결,서남
2021-07-17 13:37:00,유가증권,삼성증권,투자설명서[일괄신고-사채],삼성증권
2021-07-17 13:41:00,코스닥,바이오로그디바이스,금전대여결정(자율공시),바이오로그디바이스
2021-07-17 13:42:00,코스닥,코디,주식매수선택권부여에관한신고,코디
2021-07-17 13:45:00,코스닥,코렌텍,기타 경영사항(특허권 취득)(자율공시)(무릎관절임플란트 (Knee Joint Implant)),코렌텍
2021-07-17 13:47:00,코스닥,코디,주식매수선택권부여에관한신고,코디
2021-07-17 13:55:00,코스닥,뉴지랩파마,풍문 또는 보도에 대한 해명,뉴지랩파마
2021-07-17 14:00:00,코스닥,상지카일룸,증권 발행결과(자율공시)(제3자배정 유상증자),상지카일룸
2021-07-17 14:03:00,코스닥,나노,주주총회소집결의,나노
2021-07-17 14:05:00,유가증권,넥스트사이언스,유상증자 또는 주식관련사채 등의 발행결과(자율공시),넥스트사이언스
2021-07-17 14:06:00,코스닥,나노,주주명부폐쇄기간 또는 기준일 설정,나노
2021-07-17 14:06:00,유가증권,유안타증권,일괄신고추가서류(기타파생결합사채),유안타증권
2021-07-17 14:11:00,유가증권,유안타증권,투자설명서[일괄신고-사채],유안타증권
2021-07-17 14:14:00,코스닥,상지카일룸,최대주주변경,상지카일룸
2021-07-17 14:15:00,코스닥,아이큐어,기업설명회(IR) 개최,아이큐어
2021-07-17 14:17:00,유가증권,케이씨씨,현금ㆍ현물 배당 결정,케이씨씨
2021-07-17 14:20:00,유가증권,케이씨씨,공정거래 자율준수프로그램 운영현황(안내공시),케이씨씨
2021-07-17 14:21:00,코스닥,아우딘퓨쳐스,주식등의대량보유상황보고서(일반),최영욱
2021-07-17 14:23:00,유가증권,남광토건,단일판매ㆍ공급계약체결,남광토건
2021-07-17 14:42:00,코스닥,제넥신,수시공시의무관련사항(공정공시),제넥신
2021-07-17 14:44:00,코스닥,상지카일룸,최대주주 변경을 수반하는 주식 담보제공 계약 해제ㆍ취소 등,상지카일룸
2021-07-17 14:48:00,코스닥,디지탈옵틱,사외이사의선임ㆍ해임또는중도퇴임에관한신고,디지탈옵틱
2021-07-17 14:57:00,유가증권,미원에스씨,최대주주등소유주식변동신고서,미원스페셜티케미칼
2021-07-17 14:58:00,유가증권,유안타증권,일괄신고추가서류(기타파생결합사채),유안타증권
2021-07-17 14:58:00,유가증권,케이티,임원ㆍ주요주주특정증권등소유상황보고서,구현모
2021-07-17 15:00:00,유가증권,유안타증권,투자설명서[일괄신고-사채],유안타증권
2021-07-17 15:03:00,유가증권,케이티,임원ㆍ주요주주특정증권등소유상황보고서,박종욱
2021-07-17 15:08:00,유가증권,케이티,임원ㆍ주요주주특정증권등소유상황보고서,강국현
2021-07-17 15:13:00,코스닥,신라젠,증권 발행결과(자율공시)(제3자배정 유상증자),신라젠
2021-07-17 15:13:00,유가증권,케이티,임원ㆍ주요주주특정증권등소유상황보고서,김대유
2021-07-17 15:18:00,유가증권,케이티,임원ㆍ주요주주특정증권등소유상황보고서,이강철
2021-07-17 15:22:00,코스닥,제이시스메디칼,임원ㆍ주요주주특정증권등소유상황보고서,김성균
2021-07-17 15:22:00,유가증권,한화투자증권,일괄신고추가서류(파생결합증권-주가연계증권),한화투자증권
2021-07-17 15:23:00,유가증권,케이티,임원ㆍ주요주주특정증권등소유상황보고서,유희열
2021-07-17 15:24:00,유가증권,한화투자증권,투자설명서[일괄신고-사채],한화투자증권
2021-07-17 15:25:00,코스닥,상지카일룸,"전환가액의조정(제11회차, 제13회차, 제14회차, 제15회차, 제16회차, 제17회차, 제18회차)",상지카일룸
2021-07-17 15:28:00,코스닥,배럴,주식등의대량보유상황보고서(일반),젠앤벤처스
2021-07-17 15:28:00,유가증권,케이티,임원ㆍ주요주주특정증권등소유상황보고서,성태윤
2021-07-17 15:28:00,유가증권,까뮤이앤씨,소송등의판결ㆍ결정(자율공시:일정금액미만의청구),까뮤이앤씨
2021-07-17 15:29:00,유가증권,까뮤이앤씨,단일판매ㆍ공급계약체결,까뮤이앤씨
2021-07-17 15:30:00,코스닥,엔에이치스팩16호,증권발행실적보고서(합병등),엔에이치기업인수목적16호
2021-07-17 15:32:00,유가증권,미래에셋증권,일괄신고추가서류(파생결합증권-주식워런트증권),미래에셋증권
2021-07-17 15:32:00,유가증권,현대자동차,기업설명회(IR) 개최(안내공시),현대자동차
2021-07-17 15:32:00,유가증권,케이티,임원ㆍ주요주주특정증권등소유상황보고서,표현명
2021-07-17 15:33:00,유가증권,코웨이,지속가능경영보고서 등 관련사항(자율공시),코웨이
2021-07-17 15:34:00,코스닥,퓨쳐스트림네트웍스,주식등의대량보유상황보고서(일반),제이투비
2021-07-17 15:34:00,코넥스,아퓨어스,"전환청구권 행사(제8회차, 제9회차)",아퓨어스
2021-07-17 15:34:00,유가증권,키움증권,일괄신고추가서류(파생결합증권-주가연계증권),키움증권
2021-07-17 15:34:00,코스닥,엔에이치스팩16호,사외이사의선임ㆍ해임또는중도퇴임에관한신고,엔에이치기업인수목적16호
2021-07-17 15:35:00,유가증권,에스케이바이오팜,임원ㆍ주요주주특정증권등소유상황보고서,정지영
2021-07-17 15:36:00,코스닥,케이티알파,임원ㆍ주요주주특정증권등소유상황보고서,조성수
2021-07-17 15:38:00,유가증권,케이티,임원ㆍ주요주주특정증권등소유상황보고서,강충구
2021-07-17 15:38:00,코스닥,삼보모터스,추가상장(국내사모 CB전환),코스닥시장본부
2021-07-17 15:39:00,유가증권,일양약품,임원ㆍ주요주주특정증권등소유상황보고서,김동연
2021-07-17 15:39:00,코넥스,이노벡스,사외이사의선임ㆍ해임또는중도퇴임에관한신고,이노벡스
2021-07-17 15:40:00,코스닥,케이티알파,임원ㆍ주요주주특정증권등소유상황보고서,이상만
2021-07-17 15:41:00,코스닥,엘아이에스,추가상장(제3자배정 유상증자-소액),코스닥시장본부
2021-07-17 15:41:00,코스닥,유테크,소송등의판결ㆍ결정(회계의장부와서류에 대한 열람 및 등사 가처분),유테크
2021-07-17 15:41:00,코스닥,스타모빌리티,추가상장(제3자배정 유상증자),코스닥시장본부
2021-07-17 15:42:00,유가증권,카카오,회사합병 결정(종속회사의 주요경영사항),카카오
2021-07-17 15:42:00,코스닥,신라젠,최대주주변경,신라젠
2021-07-17 15:45:00,유가증권,동방아그로,임원ㆍ주요주주특정증권등소유상황보고서,스미토모상사
2021-07-17 15:45:00,코스닥,위메이드,타법인주식및출자증권취득결정,위메이드
2021-07-17 15:45:00,코스닥,나무기술,추가상장(국내사모 CB전환),코스닥시장본부
2021-07-17 15:45:00,유가증권,미래에셋증권,투자설명서[일괄신고-사채],미래에셋증권
2021-07-17 15:46:00,코스닥,위메이드,기업설명회(IR) 개최,위메이드
2021-07-17 15:47:00,코스닥,메드팩토,전환가액의조정(제4회차),메드팩토
2021-07-17 15:47:00,코스닥,씨티케이,변경상장(상호변경),코스닥시장본부
2021-07-17 15:47:00,코스닥,제일제강,신주인수권증권 변경상장(신주인수권행사),코스닥시장본부
2021-07-17 15:47:00,코스닥,제일제강,추가상장(국내공모 BW행사),코스닥시장본부
2021-07-17 15:48:00,코스닥,엔에이치스팩16호,최대주주변경,엔에이치기업인수목적16호
2021-07-17 15:49:00,코스닥,SGC이테크건설,타인에대한채무보증결정,에스지씨이테크건설
2021-07-17 15:49:00,유가증권,노루홀딩스,주식등의대량보유상황보고서(일반),한영재
2021-07-17 15:50:00,유가증권,케이티,임원ㆍ주요주주특정증권등소유상황보고서,박찬희
2021-07-17 15:51:00,코스닥,엔에이치스팩16호,본점소재지변경,엔에이치기업인수목적16호
2021-07-17 15:54:00,코스닥,SGC이테크건설,타인에대한채무보증결정,에스지씨이테크건설
2021-07-17 15:55:00,유가증권,에이블씨엔씨,회사합병 결정,에이블씨엔씨
2021-07-17 15:55:00,유가증권,케이티,임원ㆍ주요주주특정증권등소유상황보고서,여은정
2021-07-17 15:55:00,코스닥,우리조명,추가상장(주식매수선택권행사),코스닥시장본부
2021-07-17 15:55:00,코스닥,에이티세미콘,추가상장(국내사모 CB전환),코스닥시장본부
2021-07-17 15:56:00,유가증권,보령제약,권리락 기준가격 안내,유가증권시장본부
2021-07-17 15:56:00,코스닥,코디,전환청구권행사(제15회차),코디
2021-07-17 15:57:00,유가증권,에스디바이오센서,주권 신규상장 기준가격결정방법 안내,유가증권시장본부
2021-07-17 15:57:00,코스닥,상보,신주인수권행사(제2회차 BW),상보
2021-07-17 15:58:00,유가증권,삼성증권,증권발행실적보고서,삼성증권
2021-07-17 15:59:00,코스닥,엘앤에프,증권신고서(지분증권),엘앤에프
2021-07-17 16:00:00,유가증권,금강공업,[투자주의]투자경고종목 지정예고(금강공업우),시장감시위원회
2021-07-17 16:00:00,코스닥,대한약품,임원ㆍ주요주주특정증권등소유상황보고서,이승영
2021-07-17 16:02:00,유가증권,한미사이언스,주식등의대량보유상황보고서(일반),송영숙
2021-07-17 16:03:00,코스닥,엘앤에프,투자설명서,엘앤에프
2021-07-17 16:04:00,코넥스,바이옵트로,추가상장(국내사모 CB전환),코넥스시장
2021-07-17 16:04:00,코스닥,엠에프엠코리아,주식등의대량보유상황보고서(약식),대신-지브이에이 신기술투자조합 제1호
2021-07-17 16:06:00,코스닥,웨이브일렉트로,조회공시요구(현저한시황변동)에대한답변(미확정),웨이브일렉트로닉스
2021-07-17 16:07:00,유가증권,LX홀딩스,"단기과열종목(가격괴리율, 3거래일 단일가매매) 지정 연장(LX홀딩스1우)",유가증권시장본부
2021-07-17 16:08:00,유가증권,에쓰씨엔지니어링,주주총회소집결의,에쓰씨엔지니어링
2021-07-17 16:08:00,코스닥,아이오케이,"기타 경영사항(자율공시)(제9회차,제13회차 무기명식 이권부 무보증 사모 전환사채 취득 후 재매각의 건)",아이오케이컴퍼니
2021-07-17 16:08:00,유가증권,동원시스템즈,임원ㆍ주요주주특정증권등소유상황보고서,송종선
2021-07-17 16:10:00,유가증권,키움증권,투자설명서[일괄신고-사채],키움증권
2021-07-17 16:11:00,코넥스,굿센,추가상장(타법인흡수합병),코넥스시장
2021-07-17 16:11:00,유가증권,현대약품,반기보고서(일반법인),현대약품
2021-07-17 16:12:00,유가증권,한국항공우주,불성실공시법인 미지정(유예),유가증권시장본부
2021-07-17 16:13:00,코스닥,엔에이치스팩16호,대표이사변경,엔에이치기업인수목적16호
2021-07-17 16:13:00,유가증권,동일산업,자기주식취득 신탁계약 체결 결정(연장결정),동일산업
2021-07-17 16:13:00,유가증권,현대글로비스,특수관계인으로부터기타유가증권매수,현대글로비스
2021-07-17 16:14:00,코스닥,인터파크,투자경고종목지정,시장감시위원회
2021-07-17 16:14:00,유가증권,삼성중공업,동일인등출자계열회사와의상품ㆍ용역거래변경,삼성중공업
2021-07-17 16:14:00,코스닥,엠에프엠코리아,추가상장(국내사모 CB전환),코스닥시장본부
2021-07-17 16:14:00,코스닥,에스엠,임원ㆍ주요주주특정증권등소유상황보고서,이강복
2021-07-17 16:14:00,코스닥,엔에이치스팩16호,기업인수목적회사의임원사임,엔에이치기업인수목적16호
2021-07-17 16:14:00,코스닥,웹스,[투자주의]투자경고종목 지정해제 및 재지정 예고,시장감시위원회
2021-07-17 16:14:00,코스닥,엔피케이,[투자주의]단일계좌 거래량 상위종목,시장감시위원회
2021-07-17 16:14:00,코스닥,성우테크론,[투자주의]단일계좌 거래량 상위종목,시장감시위원회
2021-07-17 16:14:00,코스닥,씨이랩,[투자주의]15일간 상승종목의 당일 소수계좌 매수관여 과다종목,시장감시위원회
2021-07-17 16:14:00,코스닥,한일단조,[투자주의]투자경고종목 지정예고,시장감시위원회
2021-07-17 16:14:00,유가증권,미래에셋증권,증권발행실적보고서,미래에셋증권
2021-07-17 16:15:00,유가증권,에쓰씨엔지니어링,주주총회소집공고,에쓰씨엔지니어링
2021-07-17 16:16:00,유가증권,에쓰씨엔지니어링,참고서류,에쓰씨엔지니어링
2021-07-17 16:19:00,유가증권,미래에셋증권,일괄신고추가서류(파생결합증권-주식워런트증권),미래에셋증권
2021-07-17 16:20:00,코스닥,이디티,유상증자결정(제3자배정 - 소액공모),이디티
2021-07-17 16:21:00,코스닥,에스에프에이,주식등의대량보유상황보고서(일반),디와이홀딩스
2021-07-17 16:22:00,코스닥,스타모빌리티,유상증자결정(제3자배정-출자전환),스타모빌리티
2021-07-17 16:22:00,코스닥,스타모빌리티,감자결정,스타모빌리티
2021-07-17 16:22:00,코스닥,스타모빌리티,감자완료,스타모빌리티
2021-07-17 16:22:00,코스닥,릭스솔루션,유상증자결정(제3자배정),릭스솔루션
2021-07-17 16:24:00,코스닥,쎄미시스코,전환사채권발행결정(제1회차),쎄미시스코
2021-07-17 16:24:00,코스닥,이디티,소액공모공시서류(지분증권),이디티
2021-07-17 16:25:00,코스닥,레드로버,전환사채(해외전환사채포함)발행후만기전사채취득(제11회차),레드로버
2021-07-17 16:25:00,코스닥,뉴프렉스,전환청구권행사,뉴프렉스
2021-07-17 16:26:00,코스닥,인텔리안테크,임원ㆍ주요주주특정증권등소유상황보고서,오인재
2021-07-17 16:26:00,코스닥,비덴트,신주인수권부사채권발행결정(제16회차),비덴트
2021-07-17 16:27:00,코스닥,샘코,회사분할 결정(주주총회 부결에 따른 철회),샘코
2021-07-17 16:27:00,코스닥,엔에이치스팩16호,기업인수목적회사의임원사임,엔에이치기업인수목적16호
2021-07-17 16:27:00,코스닥,슈프리마아이디,기타 경영사항(특허권 취득)(자율공시)(조명 노이즈를 제거한 이미지 생성 방법 및 상기 이미지 생성 방법을 이용한 이미지 생성 장치),슈프리마아이디
2021-07-17 16:27:00,코스닥,샘코,임시주주총회결과,샘코
2021-07-17 16:27:00,코스닥,스타모빌리티,기준가산정 등에 관한 안내(자본감소),코스닥시장본부
2021-07-17 16:28:00,코스닥,한창산업,단기과열종목(3거래일 단일가매매) 지정,코스닥시장본부
2021-07-17 16:28:00,코스닥,대호특수강,"단기과열종목(가격괴리율, 3거래일 단일가매매) 지정 연장(대호특수강우)",코스닥시장본부
2021-07-17 16:28:00,코스닥,국전약품,추가상장(국내사모 CB전환),코스닥시장본부
2021-07-17 16:28:00,코스닥,테라사이언스,추가상장(국내사모 CB전환),코스닥시장본부
2021-07-17 16:28:00,코스닥,딜리,(예고)단기과열종목(3거래일 단일가매매) 지정예고,코스닥시장본부
2021-07-17 16:28:00,코스닥,베스파,주식매수선택권행사,베스파
2021-07-17 16:28:00,코스닥,동운아나텍,증권 발행결과(자율공시),동운아나텍
2021-07-17 16:29:00,유가증권,한국콜마,불성실공시법인 미지정,유가증권시장본부
2021-07-17 16:30:00,유가증권,씨에스윈드,불성실공시법인 미지정,유가증권시장본부
2021-07-17 16:30:00,유가증권,미래에셋증권,증권발행실적보고서,미래에셋증권
2021-07-17 16:30:00,유가증권,두산중공업,상장안내(보통주 추가상장 및 신주인수권증권 변경상장),유가증권시장본부
2021-07-17 16:32:00,유가증권,현대차증권,기타 경영사항(자율공시),현대차증권
2021-07-17 16:32:00,유가증권,GS건설,타인에대한채무보증결정,지에스건설
2021-07-17 16:33:00,코스닥,비덴트,전환사채권발행결정(제15회차),비덴트
2021-07-17 16:34:00,코스닥,더네이쳐홀딩스,임원ㆍ주요주주특정증권등소유상황보고서,박범준
2021-07-17 16:34:00,코스닥,코웰패션,주식등의대량보유상황보고서(일반),대명화학
2021-07-17 16:34:00,코스닥,에코프로에이치엔,주권매매거래정지(무상증자),코스닥시장본부
2021-07-17 16:34:00,코스닥,에코프로에이치엔,무상증자결정,에코프로에이치엔
2021-07-17 16:34:00,유가증권,미래에셋증권,투자설명서[일괄신고-사채],미래에셋증권
2021-07-17 16:35:00,유가증권,미래에셋증권,일괄신고추가서류(파생결합증권-주식워런트증권),미래에셋증권
2021-07-17 16:37:00,유가증권,에이프로젠 MED,추가상장(국내CB전환),유가증권시장본부
2021-07-17 16:39:00,코스닥,내츄럴엔도텍,기타시장안내(개선기간 종료에 따른 상장폐지여부 결정 안내),코스닥시장본부
2021-07-17 16:40:00,코스닥,머큐리,단일판매ㆍ공급계약체결,머큐리
2021-07-17 16:41:00,유가증권,삼부토건,타인에대한채무보증결정,삼부토건
2021-07-17 16:41:00,코스닥,코스온,소송등의판결ㆍ결정(일정금액 이상의 청구)(부동산임의경매),코스온
2021-07-17 16:42:00,유가증권,AJ네트웍스,증권신고서(채무증권),AJ네트웍스
2021-07-17 16:44:00,코스닥,머큐리,단일판매ㆍ공급계약체결,머큐리
2021-07-17 16:44:00,코스닥,씨티씨바이오,불성실공시법인지정예고(공시번복),코스닥시장본부
2021-07-17 16:45:00,,키움투자자산운용,ETF 추가 ㆍ 변경상장신청서(수량변경)(일괄공시),키움투자자산운용
2021-07-17 16:45:00,,한화자산운용,ETF 추가 ㆍ 변경상장신청서(수량변경)(일괄공시),한화자산운용
2021-07-17 16:45:00,,한국투자신탁운용,ETF 추가 ㆍ 변경상장신청서(수량변경)(일괄공시),한국투자신탁운용
2021-07-17 16:45:00,,신한자산운용,ETF 추가 ㆍ 변경상장신청서(수량변경)(일괄공시),신한자산운용
2021-07-17 16:45:00,,미래에셋자산운용,ETF 추가 ㆍ 변경상장신청서(수량변경)(일괄공시),미래에셋자산운용
2021-07-17 16:45:00,코넥스,선바이오,임시주주총회 결과,선바이오
2021-07-17 16:45:00,,케이비자산운용,ETF 추가 ㆍ 변경상장신청서(수량변경)(일괄공시),KB자산운용
2021-07-17 16:45:00,,삼성자산운용,ETF 추가 ㆍ 변경상장신청서(수량변경)(일괄공시),삼성자산운용
2021-07-17 16:49:00,유가증권,하나금융지주,기업설명회(IR) 개최(안내공시),하나금융지주
2021-07-17 16:50:00,유가증권,센트럴인사이트,주주총회소집결의,센트럴인사이트
2021-07-17 16:50:00,유가증권,케이티,임원ㆍ주요주주특정증권등소유상황보고서,박병삼
2021-07-17 16:53:00,코스닥,컴투스,증권신고서(채무증권),컴투스
2021-07-17 16:54:00,유가증권,케이티,임원ㆍ주요주주특정증권등소유상황보고서,송재호
2021-07-17 16:54:00,코스닥,한국정보인증,증권신고서(합병),한국정보인증
2021-07-17 16:55:00,유가증권,미래에셋증권,투자설명서[일괄신고-사채],미래에셋증권
2021-07-17 16:56:00,코스닥,제넥신,임원ㆍ주요주주특정증권등소유상황보고서,윤진원
2021-07-17 16:57:00,코스닥,KCC건설,타인에대한채무보증결정,케이씨씨건설
2021-07-17 16:57:00,유가증권,유안타증권,일괄신고추가서류(기타파생결합사채),유안타증권
2021-07-17 16:57:00,코스닥,전진바이오팜,주식등의대량보유상황보고서(일반),이태훈
2021-07-17 16:57:00,코스닥,배럴,최대주주 변경을 수반하는 주식 담보제공 계약 체결,배럴
2021-07-17 16:58:00,유가증권,남양유업,주주총회소집결의,남양유업
2021-07-17 16:59:00,유가증권,케이티,임원ㆍ주요주주특정증권등소유상황보고서,신수정
2021-07-17 17:00:00,유가증권,미원화학,현금ㆍ현물 배당 결정,미원화학
2021-07-17 17:01:00,유가증권,보령제약,유상증자 또는 주식관련사채 등의 발행결과(자율공시),보령제약
2021-07-17 17:01:00,유가증권,미래산업,주권 관련 사채권의 처분결정,미래산업
2021-07-17 17:01:00,유가증권,유안타증권,투자설명서[일괄신고-사채],유안타증권
2021-07-17 17:02:00,유가증권,현대로템,단일판매ㆍ공급계약체결,현대로템
2021-07-17 17:02:00,코스닥,코디엠,전환청구권행사(제5회차),코디엠
2021-07-17 17:02:00,코스닥,에코프로에이치엔,주주명부폐쇄기간 또는 기준일 설정,에코프로에이치엔
2021-07-17 17:03:00,유가증권,케이티,임원ㆍ주요주주특정증권등소유상황보고서,신현옥
2021-07-17 17:05:00,코스닥,KCC건설,타인에대한채무보증결정,케이씨씨건설
2021-07-17 17:06:00,코스닥,RFHIC,증권발행실적보고서,알에프에이치아이씨
2021-07-17 17:07:00,코스닥,비에이치아이,최대주주 변경을 수반하는 주식 담보제공 계약 해제ㆍ취소 등,비에이치아이
2021-07-17 17:07:00,유가증권,케이티,임원ㆍ주요주주특정증권등소유상황보고서,이철규
2021-07-17 17:08:00,유가증권,미래에셋증권,일괄신고추가서류(파생결합증권-주식워런트증권),미래에셋증권
2021-07-17 17:09:00,코스닥,KCC건설,타인에대한채무보증결정,케이씨씨건설
2021-07-17 17:09:00,유가증권,국제약품,최대주주등소유주식변동신고서,국제약품
2021-07-17 17:10:00,유가증권,두산인프라코어,주식선물ㆍ옵션투자유의안내(두산인프라코어(주) 회사분할합병에 따른 주식선물·옵션 신규상장 예정 안내),파생상품시장본부
2021-07-17 17:10:00,유가증권,남양유업,주주총회소집공고,남양유업
2021-07-17 17:11:00,유가증권,이엔플러스,전환사채권발행결정,이엔플러스
2021-07-17 17:11:00,유가증권,보령제약,증권발행실적보고서,보령제약
2021-07-17 17:12:00,유가증권,이엔플러스,대표이사(대표집행임원) 변경(안내공시),이엔플러스
2021-07-17 17:12:00,코스닥,엔에이치스팩18호,주식등의대량보유상황보고서(약식),이베스트투자증권
2021-07-17 17:13:00,코스닥,비에이치아이,주식등의대량보유상황보고서(일반),박은미
2021-07-17 17:13:00,유가증권,케이티,임원ㆍ주요주주특정증권등소유상황보고서,김봉균
2021-07-17 17:13:00,코스닥,RFHIC,증권 발행결과(자율공시),알에프에이치아이씨
2021-07-17 17:16:00,유가증권,케이티,임원ㆍ주요주주특정증권등소유상황보고서,김영진
2021-07-17 17:16:00,유가증권,아시아나IDT,기타시장안내(유가증권시장 기업심사위원회 심의결과 및 상장유지 결정 안내),유가증권시장본부
2021-07-17 17:16:00,유가증권,에어부산,기타시장안내(유가증권시장 기업심사위원회 심의결과 및 상장유지 결정 안내),유가증권시장본부
2021-07-17 17:16:00,유가증권,삼성중공업,주식선물시장조치안내(삼성중공업(주) 감자결정에 따른 주식선물 시장조치 안내<재공지>),파생상품시장본부
2021-07-17 17:16:00,유가증권,아시아나항공,기타시장안내(유가증권시장 기업심사위원회 심의결과 및 상장유지 결정 안내),유가증권시장본부
2021-07-17 17:16:00,코스닥,HB솔루션,추가상장(타법인흡수합병),코스닥시장본부
2021-07-17 17:16:00,코스닥,HB솔루션,변경상장(상호변경),코스닥시장본부
2021-07-17 17:17:00,코스닥,이디티,소액공모공시서류(지분증권),이디티
2021-07-17 17:18:00,유가증권,미래에셋증권,투자설명서[일괄신고-사채],미래에셋증권
2021-07-17 17:19:00,코스닥,유성티엔에스,소송등의판결ㆍ결정(일정금액 이상의 청구),유성티엔에스
2021-07-17 17:19:00,유가증권,하나금융지주,지속가능경영보고서 등 관련사항(자율공시),하나금융지주
2021-07-17 17:20:00,코스닥,CS,임원ㆍ주요주주특정증권등소유상황보고서,석경협
2021-07-17 17:21:00,유가증권,케이티,임원ㆍ주요주주특정증권등소유상황보고서,김준근
2021-07-17 17:22:00,코스닥,캐스텍코리아,주주총회소집결의(임시주주총회),캐스텍코리아
2021-07-17 17:23:00,코스닥,엠투엔,최대주주 변경을 수반하는 주식 담보제공 계약 체결,엠투엔
2021-07-17 17:23:00,유가증권,아시아나IDT,매매거래정지및정지해제(상장유지결정),유가증권시장본부
2021-07-17 17:23:00,유가증권,아시아나항공,특수관계인에대한출자,아시아나항공
2021-07-17 17:24:00,유가증권,케이티,임원ㆍ주요주주특정증권등소유상황보고서,박현진
2021-07-17 17:24:00,코스닥,이즈미디어,주주총회소집공고,이즈미디어
2021-07-17 17:24:00,유가증권,이월드,기타 경영사항(자율공시),이월드
2021-07-17 17:25:00,코스닥,앤디포스,임원ㆍ주요주주특정증권등소유상황보고서,조상익
2021-07-17 17:27:00,코스닥,캐스텍코리아,주주총회소집공고,캐스텍코리아
2021-07-17 17:29:00,유가증권,케이티,임원ㆍ주요주주특정증권등소유상황보고서,안치용
2021-07-17 17:29:00,유가증권,메리츠증권,증권발행실적보고서,메리츠증권
2021-07-17 17:29:00,유가증권,하이트론씨스템즈,대표이사(대표집행임원) 변경(안내공시),하이트론씨스템즈
2021-07-17 17:30:00,유가증권,현대약품,반기보고서(일반법인),현대약품
2021-07-17 17:30:00,유가증권,에어부산,유상증자결정,에어부산
2021-07-17 17:30:00,코스닥,캐스텍코리아,참고서류,캐스텍코리아
2021-07-17 17:31:00,유가증권,남양유업,주주총회소집공고,남양유업
2021-07-17 17:31:00,유가증권,아시아나항공,유상증자결정(종속회사의 주요경영사항),아시아나항공
2021-07-17 17:32:00,유가증권,에어부산,특수관계인의유상증자참여,에어부산
2021-07-17 17:33:00,유가증권,케이티,임원ㆍ주요주주특정증권등소유상황보고서,이승용
2021-07-17 17:35:00,코스닥,멜파스,신주인수권행사(제4회차),멜파스
2021-07-17 17:36:00,코스닥,대주전자재료,기타 경영사항(자율공시)(전환우선주의 보통주 전환청구),대주전자재료
2021-07-17 17:36:00,코스닥,바이오솔루션,전환사채권발행결정(제1회차),바이오솔루션
2021-07-17 17:36:00,유가증권,아시아나항공,타법인주식및출자증권취득결정,아시아나항공
2021-07-17 17:37:00,유가증권,케이티,임원ㆍ주요주주특정증권등소유상황보고서,이현석
2021-07-17 17:38:00,코스닥,에코프로에이치엔,임원ㆍ주요주주특정증권등소유상황보고서,원상철
2021-07-17 17:39:00,코스닥,이즈미디어,불성실공시법인지정예고(공시불이행 2건),코스닥시장본부
2021-07-17 17:39:00,코스닥,케이맥,상장폐지(피흡수합병),코스닥시장본부
2021-07-17 17:40:00,유가증권,케이티,임원ㆍ주요주주특정증권등소유상황보고서,임종택
2021-07-17 17:42:00,코넥스,대주이엔티,소송 등의 판결ㆍ결정(일정금액 이상의 청구),대주이엔티
2021-07-17 17:43:00,유가증권,아시아나항공,기타 경영사항(자율공시),아시아나항공
2021-07-17 17:44:00,유가증권,에어부산,기타 경영사항(자율공시),에어부산
2021-07-17 17:44:00,코스닥,유바이오로직스,불성실공시법인지정예고(공시불이행 2건),코스닥시장본부
2021-07-17 17:44:00,코스닥,에스맥,추가상장(국내사모 CB전환),코스닥시장본부
2021-07-17 17:44:00,유가증권,메리츠증권,증권발행실적보고서,메리츠증권
2021-07-17 17:45:00,유가증권,케이티,임원ㆍ주요주주특정증권등소유상황보고서,장상귀
2021-07-17 17:45:00,유가증권,에어부산,매매거래정지및정지해제,유가증권시장본부
2021-07-17 17:45:00,코스닥,인피니티엔티,타법인주식및출자증권처분결정,인피니티엔티
2021-07-17 17:45:00,유가증권,아시아나항공,매매거래정지및정지해제,유가증권시장본부
2021-07-17 17:48:00,유가증권,국도화학,주식등의대량보유상황보고서(일반),이삼렬
2021-07-17 17:49:00,유가증권,메리츠증권,증권발행실적보고서,메리츠증권
2021-07-17 17:49:00,유가증권,아시아나항공,매매거래재개 기준가격결정방법 안내,유가증권시장본부
2021-07-17 17:50:00,유가증권,아시아나IDT,매매거래재개 기준가격결정방법 안내,유가증권시장본부
2021-07-17 17:50:00,유가증권,에어부산,매매거래재개 기준가격결정방법 안내,유가증권시장본부
2021-07-17 17:53:00,코스닥,신라젠,최대주주변경,신라젠
2021-07-17 17:58:00,유가증권,기업은행,소송등의판결ㆍ결정(일정금액 이상의 청구),중소기업은행
2021-07-17 18:01:00,코스닥,신라젠,최대주주 변경을 수반하는 주식 담보제공 계약 체결,신라젠
2021-07-17 18:05:00,코스닥,광림,타법인주식및출자증권취득결정,광림
2021-07-17 18:05:00,,,자기주식매매 체결내역(유가증권시장),유가증권시장본부
2021-07-17 18:05:00,,,일일 회전율 상위 20종목-ELW제외(유가증권시장),유가증권시장본부
2021-07-17 18:05:00,,,일일 회전율 상위 20종목-ELW포함(유가증권시장),유가증권시장본부
2021-07-17 18:06:00,,,대량매매내역(유가증권시장),유가증권시장본부
2021-07-17 18:06:00,,,자기주식매매체결내역(코스닥시장),코스닥시장본부
2021-07-17 18:07:00,,,자기주식매매 신청내역(유가증권시장),유가증권시장본부
2021-07-17 18:08:00,유가증권,아시아나IDT,기타 경영사항(자율공시),아시아나아이디티
2021-07-17 18:09:00,유가증권,한샘,공매도 과열종목 지정(공매도 거래 금지 적용),유가증권시장본부
2021-07-17 18:09:00,코스닥,유아이디,유상증자결정(종속회사의 주요경영사항)(제3자배정),유아이디
2021-07-17 18:11:00,,,자기주식매매신청내역(코스닥시장),코스닥시장본부
2021-07-17 18:14:00,,,일일회전율상위20종목(코스닥시장),코스닥시장본부
2021-07-17 18:14:00,,,최근 20일중 최저(최고)가 대비 상승(하락)율 상위 10종목(코스닥시장),코스닥시장본부
2021-07-17 18:14:00,,,직전1개월 일평균대비 거래량 증가율 상위 10종목(코스닥시장),코스닥시장본부
2021-07-17 18:14:00,,,일중 변동성 상위 10종목(코스닥시장),코스닥시장본부
2021-07-17 18:15:00,,,대량매매내역(코스닥시장),코스닥시장본부
2021-07-17 18:16:00,코스닥,에코프로비엠,공매도 과열종목 지정(공매도 거래 금지 적용),코스닥시장본부
2021-07-17 18:16:00,코스닥,에이치엘비,공매도 과열종목 지정(공매도 거래 금지 적용),코스닥시장본부
2021-07-17 18:16:00,코스닥,서울바이오시스,공매도 과열종목 지정(공매도 거래 금지 적용),코스닥시장본부
2021-07-17 18:16:00,코스닥,코웰패션,공매도 과열종목 지정(공매도 거래 금지 적용),코스닥시장본부
2021-07-17 18:21:00,유가증권,미래산업,투자판단 관련 주요경영사항,미래산업
2021-07-18 07:30:00,유가증권,STX,주식등의대량보유상황보고서(일반),에이피씨머큐리 유한회사
2021-07-18 07:30:00,유가증권,한국종합기술,임원ㆍ주요주주특정증권등소유상황보고서,김치헌
2021-07-18 07:30:00,유가증권,STX,임원ㆍ주요주주특정증권등소유상황보고서,에이피씨머큐리 유한회사
2021-07-18 07:35:00,코스닥,위지윅스튜디오,타법인주식및출자증권취득결정,위지윅스튜디오
2021-07-18 07:49:00,코스닥,신한제7호스팩,회사합병 결정,신한제7호기업인수목적
2021-07-18 07:49:00,코스닥,신한제7호스팩,주권매매거래정지(SPAC 합병(예비심사청구대상)),코스닥시장본부
2021-07-18 08:09:00,코스닥,엘앤케이바이오,전환사채권발행결정(제9회차),엘앤케이바이오메드
2021-07-18 08:49:00,유가증권,GS리테일,조회공시 요구(풍문 또는 보도),유가증권시장본부
2021-07-18 09:44:00,유가증권,키움증권,증권발행실적보고서,키움증권
2021-07-18 09:48:00,유가증권,키움증권,증권발행실적보고서,키움증권
2021-07-18 09:50:00,코스닥,엑시콘,단일판매ㆍ공급계약체결(자율공시),엑시콘
2021-07-18 09:53:00,코스닥,리노스,단일판매ㆍ공급계약체결(자율공시),리노스
2021-07-18 09:59:00,코스닥,린드먼아시아,임원ㆍ주요주주특정증권등소유상황보고서,김현주
2021-07-18 10:12:00,유가증권,SK텔레콤,회사분할 결정,SK텔레콤
2021-07-18 10:16:00,유가증권,삼성증권,일괄신고추가서류(파생결합사채-주가연계파생결합사채),삼성증권
2021-07-18 10:16:00,유가증권,미래에셋증권,일괄신고추가서류(파생결합증권-주가연계증권),미래에셋증권
2021-07-18 10:21:00,유가증권,한라,주주총회소집공고,한라
2021-07-18 10:25:00,유가증권,SK,회사분할 결정(자회사의 주요경영사항),SK
2021-07-18 10:30:00,유가증권,삼성증권,투자설명서[일괄신고-사채],삼성증권
2021-07-18 10:30:00,유가증권,한라,참고서류,한라
2021-07-18 10:31:00,코스닥,코스메카코리아,기타 경영사항(특허권 취득)(자율공시)(용기 형상의 흡수재를 구비한 화장품 용기),코스메카코리아
2021-07-18 10:31:00,코스닥,코스메카코리아,기타 경영사항(특허권 취득)(자율공시)(링 형상의 흡수재를 구비한 화장품 용기),코스메카코리아
2021-07-18 10:39:00,유가증권,삼성증권,증권발행실적보고서,삼성증권
2021-07-18 10:39:00,코스닥,엔투텍,주식등의대량보유상황보고서(약식),라이아 투자조합
2021-07-18 10:43:00,코스닥,제이엔케이히터,단일판매ㆍ공급계약체결,제이엔케이히터
2021-07-18 10:45:00,코스닥,소마젠,기업설명회(IR) 개최,소마젠
2021-07-18 10:48:00,코스닥,네오셈,단일판매ㆍ공급계약체결,네오셈
2021-07-18 10:53:00,코스닥,와이아이케이,단일판매ㆍ공급계약체결,와이아이케이
2021-07-18 10:58:00,코스닥,지노믹트리,기타 경영사항(특허권 취득)(자율공시)(SDC2 유전자의 메틸화 검출방법),지노믹트리
2021-07-18 11:02:00,유가증권,한창,주식등의대량보유상황보고서(일반),매지움
2021-07-18 11:09:00,코넥스,바이옵트로,풍문 또는 보도에 대한 해명(미확정),바이옵트로
2021-07-18 11:12:00,유가증권,교보증권,특수관계인에대한자산양도,교보증권
2021-07-18 11:14:00,코스닥,블루콤,기업설명회(IR) 개최,블루콤
2021-07-18 11:19:00,유가증권,웅진,단기차입금증가결정,웅진
2021-07-18 11:25:00,유가증권,우리금융지주,기업설명회(IR) 개최(안내공시),우리금융지주
2021-07-18 11:34:00,유가증권,미래에셋증권,투자설명서[일괄신고-사채],미래에셋증권
2021-07-18 11:38:00,코넥스,케어룸의료산업,임시주주총회 결과,케어룸의료산업
2021-07-18 11:48:00,코스닥,피에이치씨,유상증자결정(주주배정후 실권주 일반공모),피에이치씨
2021-07-18 11:48:00,유가증권,미래에셋증권,증권발행실적보고서,미래에셋증권
2021-07-18 11:48:00,유가증권,씨에스윈드,주식등의대량보유상황보고서(일반),김성권
2021-07-18 11:50:00,유가증권,케이티,임원ㆍ주요주주특정증권등소유상황보고서,김병균
2021-07-18 11:53:00,코스닥,피에이치씨,유상증자1차발행가액결정(주주배정후 실권주 일반공모),피에이치씨
2021-07-18 11:55:00,유가증권,케이티,임원ㆍ주요주주특정증권등소유상황보고서,김상균
2021-07-18 11:58:00,코스닥,엘앤케이바이오,전환사채권발행결정(제9회차),엘앤케이바이오메드
2021-07-18 12:00:00,코스닥,위지트,타법인주식및출자증권처분결정,위지트
2021-07-18 12:00:00,유가증권,케이티,임원ㆍ주요주주특정증권등소유상황보고서,김이한
2021-07-18 12:05:00,유가증권,케이티,임원ㆍ주요주주특정증권등소유상황보고서,김재권
2021-07-18 12:10:00,유가증권,케이티,임원ㆍ주요주주특정증권등소유상황보고서,김준수
2021-07-18 12:12:00,코스닥,에이팩트,신탁계약에의한 취득 상황보고서,에이팩트
2021-07-18 12:26:00,유가증권,케이티,임원ㆍ주요주주특정증권등소유상황보고서,김채희
2021-07-18 12:31:00,유가증권,케이티,임원ㆍ주요주주특정증권등소유상황보고서,문성욱
2021-07-18 12:36:00,유가증권,케이티,임원ㆍ주요주주특정증권등소유상황보고서,문영일
2021-07-18 12:43:00,유가증권,케이티,임원ㆍ주요주주특정증권등소유상황보고서,민혜병
2021-07-18 12:47:00,유가증권,케이티,임원ㆍ주요주주특정증권등소유상황보고서,박용만
2021-07-18 12:52:00,유가증권,케이티,임원ㆍ주요주주특정증권등소유상황보고서,박종호
2021-07-18 12:57:00,유가증권,케이티,임원ㆍ주요주주특정증권등소유상황보고서,서영수
2021-07-18 12:59:00,유가증권,미래에셋증권,증권발행실적보고서,미래에셋증권
2021-07-18 13:01:00,유가증권,미래에셋증권,증권발행실적보고서,미래에셋증권
2021-07-18 13:02:00,유가증권,케이티,임원ㆍ주요주주특정증권등소유상황보고서,안창용
2021-07-18 13:06:00,유가증권,케이티,임원ㆍ주요주주특정증권등소유상황보고서,양진호
2021-07-18 13:11:00,유가증권,케이티,임원ㆍ주요주주특정증권등소유상황보고서,오훈용
2021-07-18 13:11:00,유가증권,미래에셋증권,증권발행실적보고서,미래에셋증권
2021-07-18 13:14:00,유가증권,미래에셋증권,증권발행실적보고서,미래에셋증권
2021-07-18 13:15:00,유가증권,케이티,임원ㆍ주요주주특정증권등소유상황보고서,옥경화
2021-07-18 13:15:00,코스닥,어보브반도체,주식매수선택권부여에관한신고,어보브반도체
2021-07-18 13:19:00,유가증권,케이티,임원ㆍ주요주주특정증권등소유상황보고서,유평
2021-07-18 13:23:00,유가증권,케이티,임원ㆍ주요주주특정증권등소유상황보고서,이선주
2021-07-18 13:27:00,유가증권,케이티,임원ㆍ주요주주특정증권등소유상황보고서,이용규
2021-07-18 13:42:00,유가증권,케이티,임원ㆍ주요주주특정증권등소유상황보고서,이종식
2021-07-18 13:46:00,유가증권,케이티,임원ㆍ주요주주특정증권등소유상황보고서,한자경
2021-07-18 13:50:00,유가증권,동원수산,주식등의대량보유상황보고서(일반),왕기철
2021-07-18 13:51:00,유가증권,케이티,임원ㆍ주요주주특정증권등소유상황보고서,홍계성
2021-07-18 13:59:00,코스닥,체리부로,증권신고서(지분증권),체리부로
2021-07-18 14:00:00,코넥스,에브리봇,유상증자 최종발행가액 확정,에브리봇
2021-07-18 14:02:00,유가증권,기아,기업설명회(IR) 개최(안내공시),기아
2021-07-18 14:06:00,유가증권,현대글로비스,기업설명회(IR) 개최(안내공시),현대글로비스
2021-07-18 14:10:00,유가증권,씨에스윈드,단일판매ㆍ공급계약 체결(자율공시),씨에스윈드
2021-07-18 14:11:00,코스닥,솔브레인,주식등의대량보유상황보고서(일반),템플턴 자산 운용회사
2021-07-18 14:16:00,코스닥,스킨앤스킨,주주총회소집결의,스킨앤스킨
2021-07-18 14:19:00,코넥스,에브리봇,유상증자결정(일반공모),에브리봇
2021-07-18 14:21:00,코넥스,원텍,주주총회소집 결의,원텍
2021-07-18 14:21:00,코넥스,원텍,주주명부폐쇄기간 또는 기준일 설정,원텍
2021-07-18 14:28:00,코넥스,에브리봇,투자설명서,에브리봇
2021-07-18 14:37:00,유가증권,대우부품,임원ㆍ주요주주특정증권등소유상황보고서,서준교
2021-07-18 14:38:00,코스닥,주성엔지니어링,단일판매ㆍ공급계약체결,주성엔지니어링
2021-07-18 14:40:00,유가증권,DB금융투자,증권발행실적보고서,DB금융투자
2021-07-18 14:42:00,유가증권,대우부품,최대주주등소유주식변동신고서,대우전자부품
2021-07-18 14:43:00,코스닥,하이로닉,주식매수선택권부여에관한신고,하이로닉
2021-07-18 14:48:00,코스닥,스킨앤스킨,주주명부폐쇄기간 또는 기준일 설정,스킨앤스킨
2021-07-18 14:51:00,유가증권,현대에너지솔루션,주주총회소집공고,현대에너지솔루션
2021-07-18 14:57:00,유가증권,이스타코,임원ㆍ주요주주특정증권등소유상황보고서,김승제
2021-07-18 14:58:00,유가증권,이스타코,최대주주등소유주식변동신고서,이스타코
2021-07-18 14:59:00,유가증권,유안타증권,일괄신고추가서류(파생결합사채-주가연계파생결합사채),유안타증권
2021-07-18 15:00:00,유가증권,DB금융투자,증권발행실적보고서,DB금융투자
2021-07-18 15:04:00,코스닥,쎄미시스코,증권 발행결과(자율공시),쎄미시스코
2021-07-18 15:06:00,유가증권,일동제약,주식등의대량보유상황보고서(일반),윤원영
2021-07-18 15:08:00,유가증권,일동제약,최대주주등소유주식변동신고서,일동제약
2021-07-18 15:09:00,코스닥,엠에스오토텍,증권 발행결과(자율공시),엠에스오토텍
2021-07-18 15:10:00,유가증권,에어부산,증권신고서(지분증권),에어부산
2021-07-18 15:10:00,유가증권,유안타증권,투자설명서[일괄신고-사채],유안타증권
2021-07-18 15:14:00,유가증권,일동홀딩스,주식등의대량보유상황보고서(일반),윤원영
2021-07-18 15:15:00,유가증권,일동홀딩스,최대주주등소유주식변동신고서,일동홀딩스
2021-07-18 15:15:00,유가증권,태평양물산,주식등의대량보유상황보고서(일반),임석원
2021-07-18 15:17:00,유가증권,NH투자증권,일괄신고추가서류(파생결합증권-주가연계증권),엔에이치투자증권
2021-07-18 15:25:00,유가증권,DB금융투자,증권발행실적보고서,DB금융투자
2021-07-18 15:27:00,코스닥,케이티알파,임원ㆍ주요주주특정증권등소유상황보고서,케이티
2021-07-18 15:29:00,코스닥,코디,"전환청구권행사(제13회차, 제14회차)",코디
2021-07-18 15:29:00,코스닥,세동,증권 발행결과(자율공시)(주주배정 유상증자),세동
2021-07-18 15:31:00,유가증권,현대차증권,증권발행실적보고서,현대차증권
2021-07-18 15:31:00,코스닥,진시스템,주식등의대량보유상황보고서(약식),스톤브릿지벤처스
2021-07-18 15:32:00,유가증권,DB금융투자,증권발행실적보고서,DB금융투자
2021-07-18 15:32:00,코스닥,EDGC,주식등의대량보유상황보고서(일반),임경숙
2021-07-18 15:33:00,유가증권,신영증권,자기주식취득결과보고서,신영증권
2021-07-18 15:36:00,코스닥,투비소프트,기타 경영사항(특허권 취득)(자율공시)(사용자의 손 모양 제스처를 인식하여 제어 명령을 실행하는 전자 단말 장치 및 그 동작 방법),투비소프트
2021-07-18 15:36:00,유가증권,키움증권,일괄신고추가서류(파생결합증권-주가연계증권),키움증권
2021-07-18 15:36:00,유가증권,미래에셋증권,일괄신고추가서류(파생결합증권-주가연계증권),미래에셋증권
2021-07-18 15:36:00,유가증권,세원이앤씨,전환가액ㆍ신주인수권행사가액ㆍ교환가액의 조정(안내공시),세원이앤씨
2021-07-18 15:36:00,코스닥,투비소프트,기타 경영사항(특허권 취득)(자율공시)(사용자의 손 제스처에 대응되는 제어 명령 실행 및 피드백 출력을 수행하는 전자 단말 장치 및 그 동작 방법),투비소프트
2021-07-18 15:36:00,코스닥,케이피에프,전환사채권발행결정(제8회차),케이피에프
2021-07-18 15:37:00,코스닥,엔에이치스팩16호,주식등의대량보유상황보고서(약식),윈베스트벤처투자
2021-07-18 15:37:00,코스닥,큐브엔터,주식등의대량보유상황보고서(일반),브이티지엠피
2021-07-18 15:38:00,코스닥,HB솔루션,임원ㆍ주요주주특정증권등소유상황보고서,이재원
2021-07-18 15:39:00,유가증권,삼성증권,증권발행실적보고서,삼성증권
2021-07-18 15:39:00,코스닥,EDGC,임원ㆍ주요주주특정증권등소유상황보고서,임경숙
2021-07-18 15:39:00,유가증권,NH투자증권,투자설명서[일괄신고-사채],엔에이치투자증권
2021-07-18 15:40:00,코스닥,엘아이에스,소액공모공시서류(지분증권),엘아이에스
2021-07-18 15:42:00,유가증권,미래에셋증권,증권발행실적보고서,미래에셋증권
2021-07-18 15:42:00,유가증권,신영증권,임원ㆍ주요주주특정증권등소유상황보고서,황성엽
2021-07-18 15:42:00,유가증권,코스맥스,주식등의대량보유상황보고서(일반),코스맥스비티아이
2021-07-18 15:43:00,코스닥,엘앤씨바이오,주식등의대량보유상황보고서(일반),이환철
2021-07-18 15:43:00,코스닥,큐브엔터,임원ㆍ주요주주특정증권등소유상황보고서,강승곤
2021-07-18 15:44:00,코스닥,위메이드,주권 관련 사채권의 취득결정,위메이드
2021-07-18 15:44:00,코스닥,피에이치씨,유상증자결정(주주배정후 실권주 일반공모),피에이치씨
2021-07-18 15:44:00,코스닥,엔에이치스팩16호,임원ㆍ주요주주특정증권등소유상황보고서,윈베스트벤처투자
2021-07-18 15:44:00,코스닥,KD,자산재평가결과(자율공시),KD
2021-07-18 15:45:00,코스닥,IBKS제15호스팩,주권매매거래정지(SPAC 합병(예비심사청구대상)),코스닥시장본부
2021-07-18 15:45:00,유가증권,한전산업,단일판매ㆍ공급계약체결,한전산업개발
2021-07-18 15:45:00,코스닥,IBKS제15호스팩,회사합병 결정,아이비케이에스제15호기업인수목적
2021-07-18 15:45:00,유가증권,삼성증권,증권발행실적보고서,삼성증권
2021-07-18 15:46:00,유가증권,신영증권,최대주주등소유주식변동신고서,신영증권
2021-07-18 15:47:00,코스닥,아이텍,전환청구권행사,아이텍
2021-07-18 15:48:00,유가증권,SG글로벌,회사합병 결정,SG글로벌
2021-07-18 15:48:00,유가증권,키움증권,투자설명서[일괄신고-사채],키움증권
2021-07-18 15:49:00,코스닥,CNT85,단일판매ㆍ공급계약체결,씨앤티85
2021-07-18 15:51:00,코스닥,아이텍,주식등의대량보유상황보고서(일반),포틀랜드아시아
2021-07-18 15:52:00,코스닥,고영,연결재무제표 기준 영업(잠정)실적(공정공시),고영테크놀러지
2021-07-18 15:52:00,유가증권,대신증권,증권발행실적보고서,대신증권
2021-07-18 15:53:00,코스닥,케이티알파,주식등의대량보유상황보고서(일반),케이티
2021-07-18 15:54:00,유가증권,동남합성,임원ㆍ주요주주특정증권등소유상황보고서,미원홀딩스
2021-07-18 15:55:00,유가증권,키움증권,증권발행실적보고서,키움증권
2021-07-18 15:55:00,유가증권,유안타증권,증권발행실적보고서,유안타증권
2021-07-18 15:56:00,코스닥,SGC이테크건설,단일판매ㆍ공급계약체결,에스지씨이테크건설
2021-07-18 15:56:00,유가증권,KSS해운,임원ㆍ주요주주특정증권등소유상황보고서,케이에스에스해운우리사주조합
2021-07-18 15:56:00,유가증권,대신증권,증권발행실적보고서,대신증권
2021-07-18 15:58:00,코스닥,해성산업,유상증자결정(주주배정후 실권주 일반공모-우선주),해성산업
2021-07-18 15:58:00,유가증권,유안타증권,증권발행실적보고서,유안타증권
2021-07-18 15:59:00,유가증권,대우건설,타인에대한채무보증결정,대우건설
2021-07-18 15:59:00,코스닥,녹십자셀,회사합병 결정,녹십자셀
2021-07-18 15:59:00,코스닥,녹십자랩셀,회사합병 결정,녹십자랩셀
2021-07-18 15:59:00,코스닥,녹십자랩셀,주권매매거래정지(합병),코스닥시장본부
2021-07-18 15:59:00,코스닥,녹십자셀,주권매매거래정지(합병),코스닥시장본부
2021-07-18 16:00:00,코스닥,비덴트,증권 발행결과(자율공시)(제16회차 BW),비덴트
2021-07-18 16:00:00,코스닥,비나텍,주식등의대량보유상황보고서(약식),미래에셋자산운용
2021-07-18 16:01:00,유가증권,현대비앤지스틸,동일인등출자계열회사와의상품ㆍ용역거래변경,현대비앤지스틸
2021-07-18 16:02:00,유가증권,삼성증권,증권발행실적보고서,삼성증권
2021-07-18 16:02:00,코스닥,내츄럴엔도텍,전환청구권행사(제11회차),내츄럴엔도텍
2021-07-18 16:02:00,코스닥,아이텍,임원ㆍ주요주주특정증권등소유상황보고서,포틀랜드아시아
2021-07-18 16:02:00,코스닥,장원테크,전환청구권행사(제6회차),장원테크
2021-07-18 16:03:00,코스닥,카카오게임즈,결산실적공시 예고,카카오게임즈
2021-07-18 16:04:00,코스닥,티움바이오,주식매수선택권부여에관한신고,티움바이오
2021-07-18 16:05:00,유가증권,미래에셋증권,증권발행실적보고서,미래에셋증권
2021-07-18 16:07:00,유가증권,대웅제약,증권신고서(채무증권),대웅제약
2021-07-18 16:07:00,코넥스,대주이엔티,불성실공시법인지정예고(공시불이행),코넥스시장
2021-07-18 16:08:00,코스닥,바이오스마트,증권 발행결과(자율공시),바이오스마트
2021-07-18 16:09:00,코스닥,카카오게임즈,기업설명회(IR) 개최,카카오게임즈
2021-07-18 16:09:00,유가증권,일진디스플,주식등의대량보유상황보고서(일반),허진규
2021-07-18 16:10:00,유가증권,일진디스플,임원ㆍ주요주주특정증권등소유상황보고서,허진규
2021-07-18 16:10:00,유가증권,두산퓨얼셀,단일판매ㆍ공급계약체결,두산퓨얼셀
2021-07-18 16:11:00,코스닥,아프리카TV,주식등의대량보유상황보고서(약식),JPMorgan Asset Management (Asia Pacific) Limited
2021-07-18 16:11:00,코스닥,포시에스,추가상장(무상증자),코스닥시장본부
2021-07-18 16:11:00,코스닥,아이즈비전,추가상장(국내사모 CB전환),코스닥시장본부
2021-07-18 16:11:00,코스닥,녹십자랩셀,주주총회소집결의,녹십자랩셀
2021-07-18 16:11:00,코스닥,케이엠제약,유형자산 양수 결정,케이엠제약
2021-07-18 16:11:00,코스닥,위즈코프,추가상장(무상증자),코스닥시장본부
2021-07-18 16:12:00,코스닥,오리콤,임원ㆍ주요주주특정증권등소유상황보고서,고영섭
2021-07-18 16:13:00,유가증권,엘에스일렉트릭,결산실적공시 예고(안내공시),엘에스일렉트릭
2021-07-18 16:13:00,유가증권,신영증권,일괄신고추가서류(파생결합증권-주가연계증권),신영증권
2021-07-18 16:14:00,코스닥,에스퓨얼셀,임원ㆍ주요주주특정증권등소유상황보고서,홍성민
2021-07-18 16:14:00,유가증권,미래에셋증권,투자설명서[일괄신고-사채],미래에셋증권
2021-07-18 16:14:00,코스닥,테스,주식등의대량보유상황보고서(일반),주숭일
2021-07-18 16:15:00,코스닥,유진테크,임원ㆍ주요주주특정증권등소유상황보고서,임동규
2021-07-18 16:15:00,코스닥,피에이치씨,증권신고서(지분증권),피에이치씨
2021-07-18 16:15:00,유가증권,현대미포조선,영업(잠정)실적(공정공시),현대미포조선
2021-07-18 16:16:00,코스닥,체리부로,타인에대한채무보증결정,체리부로
2021-07-18 16:18:00,코스닥,웰크론한텍,추가상장(국내사모 CB전환),코스닥시장본부
2021-07-18 16:18:00,유가증권,현대건설,결산실적공시 예고(안내공시),현대건설
2021-07-18 16:18:00,유가증권,KC코트렐,유상증자 또는 주식관련사채 등의 발행결과(자율공시),케이씨코트렐
2021-07-18 16:18:00,유가증권,한국조선해양,영업(잠정)실적(공정공시)(자회사의 주요경영사항),한국조선해양
2021-07-18 16:18:00,유가증권,금강공업,투자경고종목 지정(금강공업우),시장감시위원회
2021-07-18 16:18:00,유가증권,진원생명과학,[투자주의]투자경고종목 지정해제 및 재지정 예고,시장감시위원회
2021-07-18 16:18:00,코스닥,바이오리더스,추가상장(국내사모 CB전환),코스닥시장본부
2021-07-18 16:19:00,코스닥,솔고바이오,[투자주의]투자경고종목 지정해제 및 재지정 예고,시장감시위원회
2021-07-18 16:19:00,코스닥,오하임아이엔티,[투자주의]15일간 상승종목의 당일 소수계좌 매수관여 과다종목,시장감시위원회
2021-07-18 16:19:00,코스닥,딜리,[투자주의]투자경고종목 지정예고,시장감시위원회
2021-07-18 16:19:00,코스닥,오하임아이엔티,[투자주의]투자경고종목 지정예고,시장감시위원회
2021-07-18 16:19:00,코스닥,옴니시스템,[투자주의]스팸관여과다종목,시장감시위원회
2021-07-18 16:19:00,코스닥,씨이랩,[투자주의]15일간 상승종목의 당일 소수계좌 매수관여 과다종목,시장감시위원회
2021-07-18 16:19:00,코스닥,피에이치씨,투자설명서,피에이치씨
2021-07-18 16:19:00,코스닥,수젠텍,증권 발행결과(자율공시)(제3자배정 유상증자-기명식 전환우선주),수젠텍
2021-07-18 16:19:00,코스닥,수젠텍,증권 발행결과(자율공시)(제2회 무기명 이권부 무보증 사모 전환사채),수젠텍
2021-07-18 16:19:00,유가증권,KC코트렐,증권발행실적보고서,케이씨코트렐
2021-07-18 16:19:00,유가증권,LG화학,지속가능경영보고서 등 관련사항(자율공시),LG화학
2021-07-18 16:19:00,코스닥,앤디포스,주식등의대량보유상황보고서(일반),케이클라비스 사이언스 신기술조합
2021-07-18 16:19:00,코스닥,네온테크,추가상장(국내사모 CB전환),코스닥시장본부
2021-07-18 16:20:00,유가증권,NH투자증권,증권발행실적보고서,엔에이치투자증권
2021-07-18 16:20:00,코스닥,에스퓨얼셀,주식등의대량보유상황보고서(일반),에스에너지
2021-07-18 16:20:00,코스닥,디지털대성,임원ㆍ주요주주특정증권등소유상황보고서,김대연
2021-07-18 16:20:00,유가증권,한진,증권신고서(채무증권),한진
2021-07-18 16:21:00,코스닥,CNH,주식등의대량보유상황보고서(일반),그래닛홀딩스
2021-07-18 16:21:00,유가증권,한국조선해양,영업(잠정)실적(공정공시)(자회사의 주요경영사항),한국조선해양
2021-07-18 16:22:00,유가증권,아이에이치큐,전환가액ㆍ신주인수권행사가액ㆍ교환가액의 조정(안내공시),아이에이치큐
2021-07-18 16:22:00,코스닥,에스씨엠생명과학,추가상장(주식매수선택권행사),코스닥시장본부
2021-07-18 16:22:00,유가증권,삼호개발,신탁계약해지결과보고서,삼호개발
2021-07-18 16:22:00,코스닥,이에스에이,주주총회소집결의,이에스에이
2021-07-18 16:22:00,유가증권,삼호개발,단일판매ㆍ공급계약 체결(자율공시),삼호개발
2021-07-18 16:22:00,코스닥,오스코텍,추가상장(우선주의 보통주전환),코스닥시장본부
2021-07-18 16:23:00,코스닥,YTN,조회공시요구(현저한시황변동),코스닥시장본부
2021-07-18 16:23:00,코스닥,나노,조회공시요구(현저한시황변동),코스닥시장본부
2021-07-18 16:24:00,코스닥,유진테크,자기주식처분결과보고서,유진테크
2021-07-18 16:24:00,유가증권,한신기계공업,(예고)단기과열종목(3거래일 단일가매매) 지정예고,유가증권시장본부
2021-07-18 16:24:00,유가증권,계양전기,"단기과열종목(가격괴리율, 3거래일 단일가매매) 지정 연장(계양전기우)",유가증권시장본부
2021-07-18 16:25:00,유가증권,삼성SDI,임원ㆍ주요주주특정증권등소유상황보고서,김익현
2021-07-18 16:25:00,유가증권,한진,증권신고서(채무증권),한진
2021-07-18 16:25:00,코스닥,수성이노베이션,주주총회소집결의,수성이노베이션
2021-07-18 16:25:00,유가증권,한화투자증권,"단기과열종목(가격괴리율, 3거래일 단일가매매) 지정 연장(한화투자증권우)",유가증권시장본부
2021-07-18 16:25:00,유가증권,대덕,"단기과열종목(가격괴리율, 3거래일 단일가매매) 지정 연장(대덕1우)",유가증권시장본부
2021-07-18 16:27:00,유가증권,유안타증권,일괄신고추가서류(기타파생결합사채),유안타증권
2021-07-18 16:27:00,코스닥,비츠로테크,전환청구권행사,비츠로테크
2021-07-18 16:28:00,코스닥,신원종합개발,전환청구권행사,신원종합개발
2021-07-18 16:28:00,코스닥,한컴MDS,거래처와의거래중단,한컴MDS
2021-07-18 16:28:00,코스닥,HB솔루션,주식등의대량보유상황보고서(일반),에이치비테크놀러지
2021-07-18 16:29:00,코스닥,애니플러스,주식등의대량보유상황보고서(일반),제이제이미디어웍스
2021-07-18 16:30:00,유가증권,제일기획,최대주주등소유주식변동신고서,제일기획
2021-07-18 16:30:00,유가증권,미래산업,주식등의대량보유상황보고서(일반),광림
2021-07-18 16:30:00,유가증권,다스코,주식등의대량보유상황보고서(일반),한상원
2021-07-18 16:31:00,코스닥,에이디엠코리아,주주총회소집결의,에이디엠코리아
2021-07-18 16:31:00,코스닥,에이트원,전환가액의조정,에이트원
2021-07-18 16:35:00,유가증권,우리들휴브레인,유상증자 또는 주식관련사채 등의 발행결과(자율공시),우리들휴브레인
2021-07-18 16:35:00,유가증권,우리들휴브레인,증권발행실적보고서,우리들휴브레인
2021-07-18 16:36:00,유가증권,유안타증권,투자설명서[일괄신고-사채],유안타증권
2021-07-18 16:37:00,유가증권,메리츠증권,증권발행실적보고서,메리츠증권
2021-07-18 16:37:00,유가증권,한국조선해양,생산재개(자율공시)(자회사의 주요경영사항),한국조선해양
2021-07-18 16:38:00,유가증권,SK텔레콤,증권신고서(분할),SK텔레콤
2021-07-18 16:40:00,코스닥,미코바이오메드,임원ㆍ주요주주특정증권등소유상황보고서,김진평
2021-07-18 16:40:00,코스닥,디지아이,(예고)단기과열종목(3거래일 단일가매매) 지정예고,코스닥시장본부
2021-07-18 16:40:00,코스닥,딜리,단기과열종목(3거래일 단일가매매) 지정,코스닥시장본부
2021-07-18 16:41:00,유가증권,메리츠증권,증권발행실적보고서,메리츠증권
2021-07-18 16:42:00,코스닥,녹십자셀,주주총회소집결의,녹십자셀
2021-07-18 16:43:00,유가증권,티비에이치글로벌,유형자산 처분결정,티비에이치글로벌
2021-07-18 16:44:00,코스닥,아이엠,유상증자결정(제3자배정),아이엠
2021-07-18 16:46:00,코스닥,이그잭스,주식등의대량보유상황보고서(일반),제이앤제이인베스트먼트
2021-07-18 16:46:00,코스닥,아이오케이,전환청구권행사,아이오케이컴퍼니
2021-07-18 16:47:00,코스닥,아이오케이,주식등의대량보유상황보고서(일반),인피니티엔티
2021-07-18 16:47:00,유가증권,한창,타인에대한채무보증결정,한창
2021-07-18 16:48:00,코스닥,유니트론텍,주식등의대량보유상황보고서(일반),남궁선
2021-07-18 16:50:00,유가증권,현대중공업지주,타법인주식및출자증권처분결정(자회사의 주요경영사항),현대중공업지주
2021-07-18 16:51:00,유가증권,미래산업,임원ㆍ주요주주특정증권등소유상황보고서,인피니티엔티
2021-07-18 16:52:00,유가증권,경동나비엔,주식교환ㆍ이전 결정,경동나비엔
2021-07-18 16:52:00,코스닥,녹원씨엔아이,전환사채권발행결정(제16회차),녹원씨엔아이
2021-07-18 16:53:00,코스닥,소프트캠프,주식등의대량보유상황보고서(약식),라이노스자산운용
2021-07-18 16:53:00,코스닥,녹원씨엔아이,전환사채권발행결정(제18회차),녹원씨엔아이
2021-07-18 16:56:00,코스닥,남화토건,주식등의대량보유상황보고서(일반),최상준
2021-07-18 16:56:00,유가증권,하이브,기업설명회(IR) 개최(안내공시),하이브
2021-07-18 16:57:00,유가증권,미래산업,주식등의대량보유상황보고서(일반),인피니티엔티
2021-07-18 16:58:00,코스닥,헬릭스미스,소송등의판결ㆍ결정(검사인 선임),헬릭스미스
2021-07-18 16:58:00,코스닥,슈펙스비앤피,증권 발행결과(자율공시)(제3자배정 유상증자),슈펙스비앤피
2021-07-18 16:59:00,코스닥,슈펙스비앤피,최대주주변경,슈펙스비앤피
2021-07-18 16:59:00,유가증권,CJ CGV,타인에대한채무보증결정,씨제이씨지브이
2021-07-18 16:59:00,유가증권,현대엘리베이터,주식등의대량보유상황보고서(일반),현정은
2021-07-18 17:00:00,코스닥,휴젤,조회공시요구(풍문또는보도)에대한답변(부인),휴젤
2021-07-18 17:00:00,코스닥,아나패스,타인에대한담보제공결정,아나패스
2021-07-18 17:00:00,유가증권,신세계,조회공시 요구(풍문 또는 보도)에 대한 답변(부인),신세계
2021-07-18 17:03:00,코스닥,녹십자랩셀,주주명부폐쇄기간 또는 기준일 설정,녹십자랩셀
2021-07-18 17:04:00,유가증권,GS리테일,조회공시 요구(풍문 또는 보도)에 대한 답변(미확정),지에스리테일
2021-07-18 17:04:00,유가증권,미래산업,최대주주등소유주식변동신고서,미래산업
2021-07-18 17:04:00,유가증권,삼호개발,자기주식취득 신탁계약 해지 결정,삼호개발
2021-07-18 17:05:00,유가증권,두산중공업,추가상장(합병),유가증권시장본부
2021-07-18 17:05:00,유가증권,두산중공업,임원ㆍ주요주주특정증권등소유상황보고서,나기용
2021-07-18 17:05:00,유가증권,두산인프라코어,상장안내(보통주 추가상장 및 신주인수권증권 변경상장),유가증권시장본부
2021-07-18 17:05:00,유가증권,대호에이엘,추가상장(국내CB전환),유가증권시장본부
2021-07-18 17:05:00,유가증권,금강공업,추가상장(국내CB전환),유가증권시장본부
2021-07-18 17:06:00,유가증권,두산인프라코어,변경상장(회사분할합병에 따른 자본감소),유가증권시장본부
2021-07-18 17:06:00,유가증권,에스디바이오센서,최대주주등소유주식변동신고서,에스디바이오센서
2021-07-18 17:06:00,코스닥,KB오토시스,주식등의대량보유상황보고서(일반),에프-엠 모터파츠 리미티드
2021-07-18 17:07:00,코스닥,이녹스첨단소재,임원ㆍ주요주주특정증권등소유상황보고서,정명섭
2021-07-18 17:07:00,유가증권,SK가스,유상증자결정(자율공시)(종속회사의 주요경영사항),SK가스
2021-07-18 17:08:00,코스닥,이디티,주식등의대량보유상황보고서(약식),(유)케이케이홀딩스
2021-07-18 17:08:00,코스닥,상신이디피,자기주식 처분 결정,상신이디피
2021-07-18 17:09:00,코스닥,KB오토시스,임원ㆍ주요주주특정증권등소유상황보고서,에프-엠 모터파츠 리미티드
2021-07-18 17:09:00,코스닥,상신이디피,주식소각 결정,상신이디피
2021-07-18 17:09:00,코스닥,녹십자셀,주주명부폐쇄기간 또는 기준일 설정,녹십자셀
2021-07-18 17:11:00,유가증권,신화실업,변경상장(상호변경),유가증권시장본부
2021-07-18 17:12:00,유가증권,현대자동차,특수관계인으로부터기타유가증권매수,현대자동차
2021-07-18 17:13:00,유가증권,한국금융지주,결산실적공시 예고(안내공시),한국투자금융지주
2021-07-18 17:13:00,코스닥,이에스에이,주주총회소집결의,이에스에이
2021-07-18 17:14:00,유가증권,삼성중공업,매매거래정지및정지해제(감자결정에 따른 전자등록 변경),유가증권시장본부
2021-07-18 17:14:00,,하나UBS자산운용,ETF기타안내사항(영업보고서 및 결산서류 제출안내)(일괄공시),하나유비에스자산운용
2021-07-18 17:14:00,,미래에셋자산운용,ETF 추가 ㆍ 변경상장신청서(수량변경)(일괄공시),미래에셋자산운용
2021-07-18 17:14:00,,케이비자산운용,ETF 추가 ㆍ 변경상장신청서(수량변경)(일괄공시),KB자산운용
2021-07-18 17:15:00,,키움투자자산운용,ETF 추가 ㆍ 변경상장신청서(수량변경)(일괄공시),키움투자자산운용
2021-07-18 17:15:00,코스닥,뉴프렉스,전환청구권행사,뉴프렉스
2021-07-18 17:15:00,,한국투자신탁운용,ETF 추가 ㆍ 변경상장신청서(수량변경)(일괄공시),한국투자신탁운용
2021-07-18 17:15:00,,한화자산운용,ETF 추가 ㆍ 변경상장신청서(수량변경)(일괄공시),한화자산운용
2021-07-18 17:15:00,,삼성자산운용,ETF 추가 ㆍ 변경상장신청서(수량변경)(일괄공시),삼성자산운용
2021-07-18 17:16:00,유가증권,SK가스,타법인주식및출자증권취득결정(자율공시),SK가스
2021-07-18 17:17:00,유가증권,신영증권,투자설명서[일괄신고-사채],신영증권
2021-07-18 17:17:00,코스닥,쏠리드,추가상장(국내사모 CB전환),코스닥시장본부
2021-07-18 17:17:00,코스닥,에이치엘비파워,단일판매ㆍ공급계약체결,에이치엘비파워
2021-07-18 17:19:00,코스닥,이큐셀,기타 경영사항(자율공시)(제7회차 무기명식 이권부 무보증 사모 전환사채 취득 후 재매각),이큐셀
2021-07-18 17:20:00,코스닥,녹원씨엔아이,전환사채(해외전환사채포함)발행후만기전사채취득(제16회차),녹원씨엔아이
2021-07-18 17:20:00,코스닥,멜파스,신주인수권행사(제4회차),멜파스
2021-07-18 17:20:00,유가증권,NH투자증권,일괄신고추가서류(파생결합증권-주가연계증권),엔에이치투자증권
2021-07-18 17:20:00,코스닥,에이치엘비파워,단일판매ㆍ공급계약체결,에이치엘비파워
2021-07-18 17:21:00,코스닥,엘아이에스,주주총회소집결의,엘아이에스
2021-07-18 17:22:00,유가증권,SK가스,특수관계인에대한출자,SK가스
2021-07-18 17:23:00,코스닥,자안바이오,임원ㆍ주요주주특정증권등소유상황보고서,안시찬
2021-07-18 17:25:00,코스닥,자안바이오,주식등의대량보유상황보고서(일반),안시찬
2021-07-18 17:27:00,유가증권,NH투자증권,투자설명서[일괄신고-사채],엔에이치투자증권
2021-07-18 17:27:00,코스닥,마이크로디지탈,주주총회소집결의(임시주주총회),마이크로디지탈
2021-07-18 17:28:00,코스닥,세동,증권발행실적보고서,세동
2021-07-18 17:28:00,코스닥,이엠앤아이,추가상장(유상증자(제3자배정)),코스닥시장본부
2021-07-18 17:28:00,코스닥,게임빌,주식등의대량보유상황보고서(약식),KB자산운용
2021-07-18 17:28:00,코스닥,상지카일룸,전환청구권행사(제11회차 CB),상지카일룸
2021-07-18 17:29:00,유가증권,롯데푸드,추가상장(유상증자(제3자배정)),유가증권시장본부
2021-07-18 17:29:00,유가증권,롯데칠성음료,추가상장(유상증자(제3자배정)),유가증권시장본부
2021-07-18 17:30:00,코스닥,한국캐피탈,일괄신고추가서류(채무증권),한국캐피탈
2021-07-18 17:30:00,유가증권,한진중공업,주주총회소집결의,한진중공업
2021-07-18 17:30:00,유가증권,한진중공업,주주명부폐쇄기간 또는 기준일 설정,한진중공업
2021-07-18 17:30:00,코스닥,하나기술,단기차입금증가결정,하나기술
2021-07-18 17:31:00,코스닥,영우디에스피,주식등의대량보유상황보고서(일반),박금성
2021-07-18 17:32:00,코스닥,웹스,임원ㆍ주요주주특정증권등소유상황보고서,김인호
2021-07-18 17:32:00,코스닥,자안바이오,최대주주변경,자안바이오
2021-07-18 17:32:00,코스닥,한국캐피탈,투자설명서[일괄신고-사채],한국캐피탈
2021-07-18 17:33:00,코스닥,아이엠,불성실공시법인지정(공시불이행),코스닥시장본부
2021-07-18 17:34:00,코스닥,이에스에이,주주총회소집공고,이에스에이
2021-07-18 17:35:00,코스닥,SM C&C,임원ㆍ주요주주특정증권등소유상황보고서,김동준
2021-07-18 17:36:00,유가증권,태영건설,증권신고서(채무증권),태영건설
2021-07-18 17:36:00,코스닥,넥스트BT,주식등의대량보유상황보고서(일반),바이오리더스
2021-07-18 17:37:00,코스닥,티움바이오,유형자산 양수 결정,티움바이오
2021-07-18 17:37:00,유가증권,유안타증권,일괄신고추가서류(파생결합증권-주가연계증권),유안타증권
2021-07-18 17:37:00,코스닥,이노와이즈,주주총회소집결의,이노와이즈
2021-07-18 17:38:00,유가증권,신영증권,일괄신고추가서류(파생결합증권-주가연계증권),신영증권
2021-07-18 17:39:00,유가증권,신영증권,투자설명서[일괄신고-사채],신영증권
2021-07-18 17:41:00,유가증권,유안타증권,투자설명서[일괄신고-사채],유안타증권
2021-07-18 17:43:00,코스닥,마이크로디지탈,주주명부폐쇄기간 또는 기준일 설정,마이크로디지탈
2021-07-18 17:43:00,코스닥,엘앤케이바이오,증권 발행결과(자율공시)(제9회차 CB),엘앤케이바이오메드
2021-07-18 17:43:00,코스닥,이스트아시아홀딩스,유상증자결정(제3자배정),이스트아시아홀딩스인베스트먼트리미티드
2021-07-18 17:44:00,코스닥,녹십자랩셀,증권신고서(합병),녹십자랩셀
2021-07-18 17:46:00,코스닥,엘아이에스,주주명부폐쇄기간 또는 기준일 설정,엘아이에스
2021-07-18 17:46:00,코스닥,연이비앤티,주주총회소집결의,연이비앤티
2021-07-18 17:47:00,코스닥,에이루트,권리락(무상증자),코스닥시장본부
2021-07-18 17:47:00,코스닥,피에이치씨,권리락(유상증자),코스닥시장본부
2021-07-18 17:50:00,코스닥,제노포커스,임원ㆍ주요주주특정증권등소유상황보고서,양택호
2021-07-18 17:52:00,코스닥,이엠앤아이,기준가산정 등에 관한 안내(자본감소),코스닥시장본부
2021-07-18 17:54:00,유가증권,효성첨단소재,단기차입금증가결정,효성첨단소재
2021-07-18 17:55:00,코스닥,코디,주식등의대량보유상황보고서(일반),시너지파트너스
2021-07-18 17:57:00,코스닥,코디,임원ㆍ주요주주특정증권등소유상황보고서,시너지파트너스
2021-07-18 18:04:00,코스닥,티움바이오,유형자산 양수 결정,티움바이오
2021-07-18 18:05:00,,,일일 회전율 상위 20종목-ELW제외(유가증권시장),유가증권시장본부
2021-07-18 18:05:00,,,대량매매내역(유가증권시장),유가증권시장본부
2021-07-18 18:05:00,,,자기주식매매 체결내역(유가증권시장),유가증권시장본부
2021-07-18 18:05:00,,,일일 회전율 상위 20종목-ELW포함(유가증권시장),유가증권시장본부
2021-07-18 18:06:00,,,자기주식매매체결내역(코스닥시장),코스닥시장본부
2021-07-18 18:07:00,유가증권,티와이홀딩스,회사합병 결정(자회사의 주요경영사항),티와이홀딩스
2021-07-18 18:07:00,,,자기주식매매 신청내역(유가증권시장),유가증권시장본부
2021-07-18 18:08:00,,,최근 20일중 최저(최고)가 대비 상승(하락)율 상위 10종목(코스닥시장),코스닥시장본부
2021-07-18 18:08:00,,,대량매매내역(코스닥시장),코스닥시장본부
2021-07-18 18:08:00,,,직전1개월 일평균대비 거래량 증가율 상위 10종목(코스닥시장),코스닥시장본부
2021-07-18 18:08:00,,,자기주식매매신청내역(코스닥시장),코스닥시장본부
2021-07-18 18:08:00,,,일중 변동성 상위 10종목(코스닥시장),코스닥시장본부
2021-07-18 18:08:00,,,일일회전율상위20종목(코스닥시장),코스닥시장본부
2021-07-18 18:09:00,유가증권,티와이홀딩스,금전대여 결정(자회사의 주요경영사항),티와이홀딩스
2021-07-18 18:11:00,코스닥,에코프로,공매도 과열종목 지정(공매도 거래 금지 적용),코스닥시장본부
2021-07-18 18:15:00,유가증권,AJ네트웍스,타인에대한채무보증결정,AJ네트웍스
2021-07-18 18:26:00,유가증권,미래산업,타법인주식및출자증권취득결정,미래산업
2021-07-19 07:30:00,유가증권,에이엔피,유상증자결정,에이엔피
2021-07-19 07:30:00,유가증권,하이트론씨스템즈,유상증자결정,하이트론씨스템즈
2021-07-19 07:30:00,코스닥,제노포커스,임원ㆍ주요주주특정증권등소유상황보고서,나종민
2021-07-19 07:30:00,유가증권,에이엔피,전환사채권발행결정,에이엔피
2021-07-19 08:40:00,유가증권,경동나비엔,주주명부폐쇄기간 또는 기준일 설정,경동나비엔
2021-07-19 08:42:00,코스닥,에코프로비엠,투자설명서,에코프로비엠
2021-07-19 08:55:00,유가증권,교보증권,증권발행실적보고서,교보증권
2021-07-19 08:55:00,유가증권,태영건설,투자설명서,태영건설
2021-07-19 09:03:00,유가증권,NH투자증권,증권발행실적보고서,엔에이치투자증권
2021-07-19 09:14:00,유가증권,한미반도체,영업(잠정)실적(공정공시),한미반도체
2021-07-19 09:15:00,유가증권,SG글로벌,주주명부폐쇄기간 또는 기준일 설정,SG글로벌
2021-07-19 09:25:00,코넥스,듀켐바이오,투자설명서,듀켐바이오
2021-07-19 09:37:00,유가증권,한화투자증권,증권발행실적보고서,한화투자증권
2021-07-19 09:41:00,코스닥,광진윈텍,유상증자최종발행가액확정,광진윈텍
2021-07-19 09:52:00,유가증권,삼성엔지니어링,임원ㆍ주요주주특정증권등소유상황보고서,윤형식
2021-07-19 09:53:00,유가증권,유안타증권,증권발행실적보고서,유안타증권
2021-07-19 09:58:00,유가증권,한화투자증권,증권발행실적보고서,한화투자증권
2021-07-19 10:03:00,코스닥,서부T&D,임원ㆍ주요주주특정증권등소유상황보고서,승만호
2021-07-19 10:05:00,코스닥,피에이치씨,단일판매ㆍ공급계약체결,피에이치씨
2021-07-19 10:13:00,코스닥,더네이쳐홀딩스,주권매매거래정지(무상증자),코스닥시장본부
2021-07-19 10:13:00,코스닥,더네이쳐홀딩스,무상증자결정,더네이쳐홀딩스
2021-07-19 10:25:00,코스닥,더네이쳐홀딩스,주주명부폐쇄기간 또는 기준일 설정,더네이쳐홀딩스
2021-07-19 10:27:00,유가증권,DB금융투자,증권발행실적보고서,DB금융투자
2021-07-19 10:44:00,유가증권,NH투자증권,증권발행실적보고서,엔에이치투자증권
2021-07-19 10:44:00,유가증권,현대차증권,증권발행실적보고서,현대차증권
2021-07-19 10:48:00,코스닥,에스에너지,유상증자최종발행가액확정,에스에너지
2021-07-19 10:49:00,유가증권,유안타증권,증권발행실적보고서,유안타증권
2021-07-19 10:51:00,유가증권,삼성증권,임원ㆍ주요주주특정증권등소유상황보고서,삼성생명보험
2021-07-19 10:52:00,유가증권,교보증권,증권발행실적보고서,교보증권
2021-07-19 10:55:00,유가증권,삼성카드,임원ㆍ주요주주특정증권등소유상황보고서,삼성생명보험
2021-07-19 10:57:00,유가증권,삼성화재해상보험,임원ㆍ주요주주특정증권등소유상황보고서,삼성생명보험
2021-07-19 11:04:00,유가증권,NH투자증권,증권발행실적보고서,엔에이치투자증권
2021-07-19 11:06:00,유가증권,남광토건,단일판매ㆍ공급계약체결,남광토건
2021-07-19 11:10:00,유가증권,사조산업,주식등의대량보유상황보고서(일반),주진우
2021-07-19 11:12:00,유가증권,NH투자증권,증권발행실적보고서,엔에이치투자증권
2021-07-19 11:14:00,유가증권,NH투자증권,증권발행실적보고서,엔에이치투자증권
2021-07-19 11:15:00,유가증권,사조산업,최대주주등소유주식변동신고서,사조산업
2021-07-19 11:18:00,코스닥,코리아에셋투자증권,주식등의대량보유상황보고서(일반),더케이파트너스 유한회사
2021-07-19 11:21:00,코스닥,와이오엠,주주총회소집공고,와이오엠
2021-07-19 11:22:00,코스닥,케이피에스,단일판매ㆍ공급계약체결,케이피에스
2021-07-19 11:23:00,코스닥,광진윈텍,임원ㆍ주요주주특정증권등소유상황보고서,신규진
2021-07-19 11:25:00,코스닥,바이오니아,임원ㆍ주요주주특정증권등소유상황보고서,김영훈
2021-07-19 11:33:00,유가증권,신영증권,증권발행실적보고서,신영증권
2021-07-19 11:39:00,유가증권,흥아해운,타법인주식및출자증권처분결정(자율공시),흥아해운
2021-07-19 11:46:00,유가증권,코스모신소재,신규시설투자등,코스모신소재
2021-07-19 13:06:00,유가증권,삼성증권,증권발행실적보고서,삼성증권
2021-07-19 13:11:00,유가증권,태영건설,증권발행실적보고서,태영건설
2021-07-19 13:14:00,유가증권,삼성증권,증권발행실적보고서,삼성증권
2021-07-19 13:16:00,유가증권,삼성증권,일괄신고추가서류(파생결합증권-주가연계증권),삼성증권
2021-07-19 13:17:00,유가증권,삼성증권,일괄신고추가서류(파생결합사채-주가연계파생결합사채),삼성증권
2021-07-19 13:18:00,유가증권,미래에셋증권,일괄신고추가서류(파생결합사채-주가연계파생결합사채),미래에셋증권
2021-07-19 13:18:00,유가증권,삼성증권,증권발행실적보고서,삼성증권
2021-07-19 13:21:00,유가증권,삼성증권,증권발행실적보고서,삼성증권
2021-07-19 13:21:00,코스닥,고영,기업설명회(IR) 개최,고영테크놀러지
2021-07-19 13:22:00,코스닥,제테마,투자판단 관련 주요경영사항(제테마더톡신주 200U(클리스트리디움 보툴리눔독소A형) 수출용 품목허가 신청),제테마
2021-07-19 13:24:00,코스닥,포티스,기타 경영사항(자율공시)(회생회사 (주)포티스 인가 전 M&A 공고),포티스
2021-07-19 13:27:00,유가증권,신영증권,증권발행실적보고서,신영증권
2021-07-19 13:28:00,코스닥,지더블유바이텍,주주총회소집공고,지더블유바이텍
2021-07-19 13:30:00,유가증권,삼성증권,투자설명서[일괄신고-사채],삼성증권
2021-07-19 13:31:00,코스닥,유진스팩4호,주주총회소집결의,유진기업인수목적4호
2021-07-19 13:32:00,코스닥,지더블유바이텍,참고서류,지더블유바이텍
2021-07-19 13:38:00,코스닥,모베이스전자,유상증자결정(제3자배정),모베이스전자
2021-07-19 13:38:00,코스닥,유진스팩4호,기업인수목적회사의정관변경결정,유진기업인수목적4호
2021-07-19 13:38:00,코스닥,유진스팩4호,기업인수목적회사의임원선임결정,유진기업인수목적4호
2021-07-19 13:38:00,코스닥,유진스팩4호,주주명부폐쇄기간 또는 기준일 설정,유진기업인수목적4호
2021-07-19 13:50:00,유가증권,대신증권,증권발행실적보고서,대신증권
2021-07-19 13:50:00,코스닥,모베이스,타법인주식및출자증권취득결정,모베이스
2021-07-19 13:50:00,코스닥,유진스팩4호,회사합병 결정,유진기업인수목적4호
2021-07-19 13:51:00,유가증권,미래에셋증권,투자설명서[일괄신고-사채],미래에셋증권
2021-07-19 13:51:00,코스닥,세코닉스,타법인주식및출자증권취득결정(세코닉스 베트남 법인),세코닉스
2021-07-19 13:53:00,유가증권,삼성증권,투자설명서[일괄신고-사채],삼성증권
2021-07-19 13:55:00,코스닥,엘오티베큠,임시주주총회결과,엘오티베큠
2021-07-19 13:58:00,코스닥,모베이스,유상증자결정(자율공시)(종속회사의 주요경영사항),모베이스
2021-07-19 14:00:00,유가증권,OCI,기업설명회(IR) 개최(안내공시),OCI
2021-07-19 14:02:00,코스닥,세코닉스,유상증자결정(종속회사의 주요경영사항),세코닉스
2021-07-19 14:04:00,유가증권,삼화페인트공업,주식등의대량보유상황보고서(일반),김장연
2021-07-19 14:05:00,유가증권,유진증권,증권발행실적보고서,유진투자증권
2021-07-19 14:08:00,유가증권,한온시스템,결산실적공시 예고(안내공시),한온시스템
2021-07-19 14:10:00,코스닥,엔에이치스팩16호,주식등의대량보유상황보고서(일반),엔에이치투자증권
2021-07-19 14:12:00,코스닥,상상인인더스트리,단일판매ㆍ공급계약체결,상상인인더스트리
2021-07-19 14:13:00,코스닥,EDGC,타법인주식및출자증권취득결정,이원다이애그노믹스
2021-07-19 14:19:00,유가증권,대신증권,일괄신고추가서류(파생결합사채-주가연계파생결합사채),대신증권
2021-07-19 14:19:00,유가증권,키움증권,일괄신고추가서류(파생결합증권-주가연계증권),키움증권
2021-07-19 14:20:00,코스닥,디지아이,주식등의대량보유상황보고서(일반),최관수
2021-07-19 14:21:00,유가증권,현대글로비스,기업설명회(IR) 개최(안내공시),현대글로비스
2021-07-19 14:23:00,코스닥,바디텍메드,신탁계약에의한 취득 상황보고서,바디텍메드
2021-07-19 14:26:00,코스닥,에스에너지,유상증자결정,에스에너지
2021-07-19 14:30:00,유가증권,키움증권,투자설명서[일괄신고-사채],키움증권
2021-07-19 14:33:00,유가증권,대신증권,투자설명서[일괄신고-사채],대신증권
2021-07-19 14:34:00,코스닥,에이씨티,기타 경영사항(자율공시)(소규모합병 승인 이사회 결의(주주총회 갈음) 결과보고),에이씨티
2021-07-19 14:38:00,코스닥,광진윈텍,유상증자결정(주주배정후 실권주 일반공모),광진윈텍
2021-07-19 14:39:00,코스닥,에스에너지,증권신고서(지분증권),에스에너지
2021-07-19 14:40:00,유가증권,케이티,임원ㆍ주요주주특정증권등소유상황보고서,최강림
2021-07-19 14:41:00,코스닥,광진윈텍,증권신고서(지분증권),광진윈텍
2021-07-19 14:42:00,유가증권,NH투자증권,증권발행실적보고서,엔에이치투자증권
2021-07-19 14:46:00,유가증권,케이티,임원ㆍ주요주주특정증권등소유상황보고서,최강림
2021-07-19 14:47:00,코스닥,광진윈텍,투자설명서,광진윈텍
2021-07-19 14:47:00,유가증권,키움증권,일괄신고추가서류(파생결합사채-주가연계파생결합사채),키움증권
2021-07-19 14:49:00,유가증권,케이티,임원ㆍ주요주주특정증권등소유상황보고서,김무성
2021-07-19 14:50:00,유가증권,키움증권,투자설명서[일괄신고-사채],키움증권
2021-07-19 14:51:00,유가증권,이스타코,최대주주등소유주식변동신고서,이스타코
2021-07-19 14:52:00,코스닥,켐온,신규시설투자등,켐온
2021-07-19 14:53:00,유가증권,케이티,임원ㆍ주요주주특정증권등소유상황보고서,김봉기
2021-07-19 14:54:00,코스닥,에이스토리,자기주식취득 신탁계약 체결 결정(연장결정),에이스토리
2021-07-19 14:56:00,유가증권,케이티,임원ㆍ주요주주특정증권등소유상황보고서,김영인
2021-07-19 14:59:00,코스닥,신테카바이오,임원ㆍ주요주주특정증권등소유상황보고서,양현진
2021-07-19 15:00:00,유가증권,케이티,임원ㆍ주요주주특정증권등소유상황보고서,김훈배
2021-07-19 15:02:00,코넥스,무진메디,주주총회소집 결의,무진메디
2021-07-19 15:02:00,코넥스,무진메디,주주명부폐쇄기간 또는 기준일 설정,무진메디
2021-07-19 15:03:00,유가증권,케이티,임원ㆍ주요주주특정증권등소유상황보고서,서창석
2021-07-19 15:04:00,코스닥,수성이노베이션,주주총회소집공고,수성이노베이션
2021-07-19 15:06:00,코스닥,동구바이오제약,주식등의대량보유상황보고서(일반),조용준
2021-07-19 15:06:00,유가증권,케이티,임원ㆍ주요주주특정증권등소유상황보고서,석은권
2021-07-19 15:10:00,유가증권,케이티,임원ㆍ주요주주특정증권등소유상황보고서,양율모
2021-07-19 15:13:00,유가증권,케이티,임원ㆍ주요주주특정증권등소유상황보고서,엄재민
2021-07-19 15:16:00,코스닥,내츄럴엔도텍,임원ㆍ주요주주특정증권등소유상황보고서,서흥
2021-07-19 15:17:00,코스닥,내츄럴엔도텍,주식등의대량보유상황보고서(일반),서흥
2021-07-19 15:17:00,유가증권,케이티,임원ㆍ주요주주특정증권등소유상황보고서,원흥재
2021-07-19 15:19:00,코스닥,한컴위드,임원ㆍ주요주주특정증권등소유상황보고서,김현수
2021-07-19 15:21:00,코스닥,에스에너지,투자설명서,에스에너지
2021-07-19 15:21:00,유가증권,케이티,임원ㆍ주요주주특정증권등소유상황보고서,유용규
2021-07-19 15:24:00,유가증권,케이티,임원ㆍ주요주주특정증권등소유상황보고서,유창규
2021-07-19 15:25:00,코스닥,구영테크,단일판매ㆍ공급계약체결,구영테크
2021-07-19 15:27:00,유가증권,태영건설,타인에대한채무보증결정,태영건설
2021-07-19 15:27:00,유가증권,케이티,임원ㆍ주요주주특정증권등소유상황보고서,조성은
2021-07-19 15:28:00,코스닥,신테카바이오,임원ㆍ주요주주특정증권등소유상황보고서,양현진
2021-07-19 15:31:00,유가증권,케이티,임원ㆍ주요주주특정증권등소유상황보고서,최시환
2021-07-19 15:33:00,코스닥,위메이드맥스,결산실적공시 예고,위메이드맥스
2021-07-19 15:33:00,코스닥,엠투엔,주식등의대량보유상황보고서(일반),디케이마린
2021-07-19 15:33:00,유가증권,티와이홀딩스,타인에대한채무보증결정(자회사의 주요경영사항),티와이홀딩스
2021-07-19 15:34:00,유가증권,케이티,임원ㆍ주요주주특정증권등소유상황보고서,홍성필
2021-07-19 15:36:00,코스닥,THE E&M,전환가액의조정,더이앤엠
2021-07-19 15:37:00,코스닥,비보존 헬스케어,"전환청구권행사(제13회차, 제14회차)",비보존 헬스케어
2021-07-19 15:37:00,코스닥,네오티스,주식등의대량보유상황보고서(일반),산은캐피탈
2021-07-19 15:39:00,코스닥,엠투엔,주식등의대량보유상황보고서(일반),디케이마린
2021-07-19 15:46:00,코스닥,올리패스,주식등의대량보유상황보고서(일반),정신
2021-07-19 15:47:00,코스닥,올리패스,임원ㆍ주요주주특정증권등소유상황보고서,정신
2021-07-19 15:48:00,코스닥,한국코퍼레이션,추가상장(국내사모 CB전환),코스닥시장본부
2021-07-19 15:50:00,코스닥,투비소프트,임시주주총회결과,투비소프트
2021-07-19 15:50:00,코스닥,바디텍메드,주식매수선택권부여에관한신고,바디텍메드
2021-07-19 15:50:00,코스닥,위메이드맥스,기업설명회(IR) 개최,위메이드맥스
2021-07-19 15:52:00,코스닥,한송네오텍,유형자산 양수 결정,한송네오텍
2021-07-19 15:55:00,유가증권,제일기획,결산실적공시 예고(안내공시),제일기획
2021-07-19 15:56:00,코스닥,카카오게임즈,주식매수선택권부여에관한신고,카카오게임즈
2021-07-19 15:58:00,코스닥,알티캐스트,주식등의대량보유상황보고서(일반),휴맥스
2021-07-19 15:59:00,코스닥,조이시티,추가상장(주식매수선택권 행사),코스닥시장본부
2021-07-19 15:59:00,코스닥,이노와이즈,소송 등의 제기ㆍ신청(경영권 분쟁 소송),이노와이즈
2021-07-19 16:00:00,코스닥,지나인제약,추가상장(제3자배정 유상증자),코스닥시장본부
2021-07-19 16:01:00,코스닥,에이디칩스,신주인수권증서 신규상장(에이디칩스 26R),코스닥시장본부
2021-07-19 16:02:00,유가증권,신일전자,[투자주의]단일계좌 거래량 상위종목,시장감시위원회
2021-07-19 16:02:00,유가증권,대한해운,주식등의대량보유상황보고서(일반),에스엠하이플러스
2021-07-19 16:02:00,유가증권,기업은행,임원ㆍ주요주주특정증권등소유상황보고서,김윤기
2021-07-19 16:03:00,코스닥,알파홀딩스,유형자산 양도 결정,알파홀딩스
2021-07-19 16:04:00,유가증권,카카오,유상증자결정(자율공시)(종속회사의 주요경영사항),카카오
2021-07-19 16:04:00,코스닥,한국캐피탈,증권발행실적보고서,한국캐피탈
2021-07-19 16:04:00,코스닥,지나인제약,기타시장안내(최대주주의 의무보유 관련),코스닥시장본부
2021-07-19 16:04:00,코스닥,디이엔티,단일판매ㆍ공급계약체결,디이엔티
2021-07-19 16:04:00,코스닥,차바이오텍,추가상장(국내사모 BW행사),코스닥시장본부
2021-07-19 16:06:00,코스닥,비보존 헬스케어,최대주주변경,비보존 헬스케어
2021-07-19 16:09:00,유가증권,기업은행,임원ㆍ주요주주특정증권등소유상황보고서,전규백
2021-07-19 16:09:00,유가증권,일진전기,(예고)단기과열종목(3거래일 단일가매매) 지정예고,유가증권시장본부
2021-07-19 16:09:00,유가증권,성문전자,"단기과열종목(가격괴리율, 3거래일 단일가매매) 지정 연장(성문전자우)",유가증권시장본부
2021-07-19 16:10:00,코넥스,단디바이오,매매거래정지 예고,시장감시위원회
2021-07-19 16:10:00,유가증권,메리츠증권,일괄신고추가서류(파생결합증권-주가연계증권),메리츠증권
2021-07-19 16:10:00,코스닥,나노,전환청구권행사,나노
2021-07-19 16:11:00,유가증권,메리츠증권,투자설명서[일괄신고-사채],메리츠증권
2021-07-19 16:11:00,코스닥,비보존 헬스케어,"전환청구권행사(제13회차, 제14회차)",비보존 헬스케어
2021-07-19 16:11:00,유가증권,금강공업,"단기과열종목(가격괴리율, 3거래일 단일가매매) 지정 연장(금강공업우)",유가증권시장본부
2021-07-19 16:11:00,유가증권,대원전선,"단기과열종목(가격괴리율, 3거래일 단일가매매) 지정 연장(대원전선우)",유가증권시장본부
2021-07-19 16:12:00,유가증권,크라운해태홀딩스,"단기과열종목(가격괴리율, 3거래일 단일가매매) 지정 연장(크라운해태홀딩스우)",유가증권시장본부
2021-07-19 16:12:00,유가증권,녹십자홀딩스,"단기과열종목(가격괴리율, 3거래일 단일가매매) 지정 연장(녹십자홀딩스2우)",유가증권시장본부
2021-07-19 16:12:00,유가증권,롯데지주,"단기과열종목(가격괴리율, 3거래일 단일가매매) 지정 연장(롯데지주우)",유가증권시장본부
2021-07-19 16:12:00,유가증권,서울식품공업,"단기과열종목(가격괴리율, 3거래일 단일가매매) 지정 연장(서울식품우)",유가증권시장본부
2021-07-19 16:13:00,유가증권,태양금속공업,"단기과열종목(가격괴리율, 3거래일 단일가매매) 지정 연장(태양금속우)",유가증권시장본부
2021-07-19 16:13:00,유가증권,진흥기업,"단기과열종목(가격괴리율, 3거래일 단일가매매) 지정 연장(진흥기업우B)",유가증권시장본부
2021-07-19 16:13:00,유가증권,동양,"단기과열종목(가격괴리율, 3거래일 단일가매매) 지정 연장(동양우)",유가증권시장본부
2021-07-19 16:14:00,유가증권,흥국화재,"단기과열종목(가격괴리율, 3거래일 단일가매매) 지정 연장(흥국화재우)",유가증권시장본부
2021-07-19 16:14:00,유가증권,SK증권,"단기과열종목(가격괴리율, 3거래일 단일가매매) 지정 연장(SK증권우)",유가증권시장본부
2021-07-19 16:15:00,유가증권,기업은행,임원ㆍ주요주주특정증권등소유상황보고서,박청준
2021-07-19 16:15:00,코스닥,아이텍,전환청구권행사,아이텍
2021-07-19 16:19:00,유가증권,일성신약,임원ㆍ주요주주특정증권등소유상황보고서,윤덕근
2021-07-19 16:20:00,코스닥,감성코퍼레이션,추가상장(국내사모 CB전환),코스닥시장본부
2021-07-19 16:20:00,코스닥,넥스트BT,추가상장(국내사모 CB전환),코스닥시장본부
2021-07-19 16:21:00,코스닥,옴니시스템,[투자주의]스팸관여과다종목,시장감시위원회
2021-07-19 16:21:00,코스닥,제일바이오,[투자주의]스팸관여과다종목,시장감시위원회
2021-07-19 16:21:00,코스닥,이루온,[투자주의]투자경고종목 지정해제 및 재지정 예고,시장감시위원회
2021-07-19 16:21:00,코스닥,KD,[투자주의]투자경고종목 지정해제 및 재지정 예고,시장감시위원회
2021-07-19 16:21:00,코스닥,오픈베이스,[투자주의]투자경고종목 지정해제 및 재지정 예고,시장감시위원회
2021-07-19 16:21:00,코스닥,에코프로에이치엔,[투자주의]투자경고종목 지정예고,시장감시위원회
2021-07-19 16:21:00,코스닥,씨이랩,[투자주의]15일간 상승종목의 당일 소수계좌 매수관여 과다종목,시장감시위원회
2021-07-19 16:21:00,코스닥,구영테크,[투자주의]종가급변종목,시장감시위원회
2021-07-19 16:21:00,유가증권,동원시스템즈,회사합병 결정,동원시스템즈
2021-07-19 16:24:00,코스닥,조이시티,추가상장(주식매수선택권 행사),코스닥시장본부
2021-07-19 16:25:00,유가증권,기업은행,임원ㆍ주요주주특정증권등소유상황보고서,문창환
2021-07-19 16:25:00,코스닥,CNT85,단일판매ㆍ공급계약체결,씨앤티85
2021-07-19 16:26:00,코스닥,피앤씨테크,임원ㆍ주요주주특정증권등소유상황보고서,윤영길
2021-07-19 16:28:00,코스닥,큐브앤컴퍼니,유상증자결정(제3자배정),큐브앤컴퍼니
2021-07-19 16:28:00,코스닥,대아티아이,타법인주식및출자증권취득결정,대아티아이
2021-07-19 16:30:00,코스닥,에코프로비엠,증권발행실적보고서,에코프로비엠
2021-07-19 16:32:00,코스닥,와이오엠,소송등의제기,와이오엠
2021-07-19 16:34:00,유가증권,동원시스템즈,주주총회소집결의,동원시스템즈
2021-07-19 16:35:00,코스닥,광진윈텍,단기과열종목(3거래일 단일가매매) 지정,코스닥시장본부
2021-07-19 16:35:00,유가증권,다우기술,주식등의대량보유상황보고서(일반),다우데이타
2021-07-19 16:35:00,코스닥,옴니시스템,(예고)단기과열종목(3거래일 단일가매매) 지정예고,코스닥시장본부
2021-07-19 16:35:00,코스닥,에스씨디,(예고)단기과열종목(3거래일 단일가매매) 지정예고,코스닥시장본부
2021-07-19 16:35:00,코스닥,브이원텍,사외이사의선임ㆍ해임또는중도퇴임에관한신고,브이원텍
2021-07-19 16:35:00,유가증권,대유플러스,추가상장(국내CB전환),유가증권시장본부
2021-07-19 16:36:00,유가증권,동원시스템즈,회사합병 결정(종속회사의 주요경영사항),동원시스템즈
2021-07-19 16:36:00,코스닥,솔루에타,전환가액의조정,솔루에타
2021-07-19 16:37:00,유가증권,메리츠증권,증권발행실적보고서,메리츠증권
2021-07-19 16:37:00,코스닥,휴온스글로벌,본점소재지변경,휴온스글로벌
2021-07-19 16:38:00,유가증권,이연제약,전환사채권발행결정,이연제약
2021-07-19 16:38:00,코스닥,윈하이텍,임원ㆍ주요주주특정증권등소유상황보고서,변천섭
2021-07-19 16:38:00,유가증권,메리츠증권,증권발행실적보고서,메리츠증권
2021-07-19 16:38:00,코스닥,휴온스,본점소재지변경,휴온스
2021-07-19 16:39:00,코스닥,윈하이텍,유동성공급계약의 해지,윈하이텍
2021-07-19 16:40:00,코스닥,휴메딕스,본점소재지변경,휴메딕스
2021-07-19 16:40:00,코스닥,스킨앤스킨,추가상장(타법인흡수합병),코스닥시장본부
2021-07-19 16:41:00,코스닥,핸디소프트,주식등의대량보유상황보고서(약식),다산네트웍스
2021-07-19 16:41:00,코스닥,이노와이즈,소송 등의 제기ㆍ신청(경영권 분쟁 소송),이노와이즈
2021-07-19 16:41:00,코스닥,씨유메디칼,전환가액의조정,씨유메디칼시스템
2021-07-19 16:42:00,유가증권,신한지주,지속가능경영보고서 등 관련사항(자율공시),신한금융지주회사
2021-07-19 16:42:00,코스닥,윈하이텍,자기주식처분결과보고서,윈하이텍
2021-07-19 16:43:00,코스닥,씨유메디칼,전환가액의조정,씨유메디칼시스템
2021-07-19 16:43:00,유가증권,우리들휴브레인,최대주주등소유주식변동신고서,우리들휴브레인
2021-07-19 16:45:00,코스닥,코디,주권 관련 사채권의 처분결정,코디
2021-07-19 16:46:00,코스닥,고바이오랩,유형자산 양수 결정,고바이오랩
2021-07-19 16:47:00,코스닥,조이시티,주식등의대량보유상황보고서(약식),디자인통
2021-07-19 16:48:00,코넥스,무진메디,주식등의대량보유상황보고서(일반),윤태종
2021-07-19 16:49:00,코스닥,인텍플러스,단일판매ㆍ공급계약체결,인텍플러스
2021-07-19 16:49:00,코스닥,신테카바이오,임원ㆍ주요주주특정증권등소유상황보고서,홍종희
2021-07-19 16:49:00,코스닥,이노뎁,추가상장(주식매수선택권행사),코스닥시장본부
2021-07-19 16:50:00,코스닥,큐브앤컴퍼니,경영권 변경 등에 관한 계약 체결,큐브앤컴퍼니
2021-07-19 16:50:00,코스닥,APS홀딩스,조회공시요구(현저한시황변동),코스닥시장본부
2021-07-19 16:52:00,코스닥,이녹스,교환청구권행사,이녹스
2021-07-19 16:52:00,유가증권,한창,타법인주식및출자증권취득결정,한창
2021-07-19 16:53:00,코스닥,위메이드,결산실적공시 예고,위메이드
2021-07-19 16:53:00,코스닥,서희건설,타인에대한채무보증결정,서희건설
2021-07-19 16:53:00,코스닥,웹케시,추가상장(유상증자(제3자배정)),코스닥시장본부
2021-07-19 16:53:00,유가증권,화승인더스트리,자기주식취득 신탁계약 체결 결정(연장결정),화승인더스트리
2021-07-19 16:53:00,유가증권,한창,타법인주식및출자증권취득결정,한창
2021-07-19 16:54:00,코스닥,위메이드,기업설명회(IR) 개최,위메이드
2021-07-19 16:57:00,코스닥,에이루트,기타 경영사항(자율공시)(제7회차 사모 전환사채 재매각),에이루트
2021-07-19 16:58:00,코스닥,아톤,전환사채권발행결정(제1회차),아톤
2021-07-19 16:58:00,코스닥,에이비프로바이오,전환가액의조정(제16회차),에이비프로바이오
2021-07-19 16:59:00,코스닥,아톤,신주인수권부사채권발행결정(제2회차),아톤
2021-07-19 16:59:00,코스닥,씨유메디칼,단일판매ㆍ공급계약체결,씨유메디칼시스템
2021-07-19 16:59:00,코스닥,GST,신탁계약해지결과보고서,글로벌스탠다드테크놀로지
2021-07-19 16:59:00,코스닥,신흥에스이씨,추가상장(국내사모 CB전환),코스닥시장본부
2021-07-19 17:02:00,코스닥,GST,자기주식취득 신탁계약 해지 결정,글로벌스탠다드테크놀로지
2021-07-19 17:04:00,유가증권,락앤락,신탁계약해지결과보고서,락앤락
2021-07-19 17:05:00,코스닥,KMH,최대주주 변경을 수반하는 주식 담보제공 계약 체결,케이엠에이치
2021-07-19 17:05:00,코스닥,KMH,자기주식취득결과보고서,케이엠에이치
2021-07-19 17:07:00,코스닥,KMH,공개매수결과보고서,케이엠에이치
2021-07-19 17:08:00,유가증권,종근당홀딩스,신탁계약에의한 취득 상황보고서,종근당홀딩스
2021-07-19 17:09:00,코스닥,메디포스트,타법인주식및출자증권취득결정(자율공시),메디포스트
2021-07-19 17:09:00,코스닥,신테카바이오,임원ㆍ주요주주특정증권등소유상황보고서,홍종희
2021-07-19 17:10:00,코스닥,메디포스트,기타 주요경영사항(타법인주식및출자증권취득결정(자율공시) 철회),메디포스트
2021-07-19 17:12:00,코스닥,TS트릴리온,주식등의대량보유상황보고서(일반),장기영
2021-07-19 17:12:00,코스닥,판타지오,전환사채권발행결정(제5회차),판타지오
2021-07-19 17:13:00,유가증권,센트럴인사이트,주주총회소집결의,센트럴인사이트
2021-07-19 17:14:00,코스닥,자안코스메틱,타법인주식및출자증권취득결정,자안코스메틱
2021-07-19 17:14:00,코스닥,신라젠,"전환가액의조정(제31회차, 제32회차, 제33회차)",신라젠
2021-07-19 17:14:00,코스닥,캐리소프트,임원ㆍ주요주주특정증권등소유상황보고서,김남식
2021-07-19 17:15:00,코스닥,이노뎁,추가상장(주식매수선택권행사),코스닥시장본부
2021-07-19 17:16:00,코스닥,캐리소프트,임원ㆍ주요주주특정증권등소유상황보고서,이성인
2021-07-19 17:17:00,유가증권,두산인프라코어,증권신고서(채무증권),두산인프라코어
2021-07-19 17:20:00,코스닥,오비고,주식등의대량보유상황보고서(약식),포스코기술투자
2021-07-19 17:20:00,코스닥,이노와이즈,임원ㆍ주요주주특정증권등소유상황보고서,비에스피리츠
2021-07-19 17:24:00,유가증권,하나금융지주,지주회사의 자회사 편입,하나금융지주
2021-07-19 17:24:00,코스닥,큐브앤컴퍼니,유상증자결정(제3자배정),큐브앤컴퍼니
2021-07-19 17:24:00,유가증권,이연제약,유상증자결정,이연제약
2021-07-19 17:24:00,코스닥,나노,조회공시요구(현저한시황변동)에대한답변(중요정보 없음),나노
2021-07-19 17:24:00,유가증권,미래에셋증권,증권발행실적보고서,미래에셋증권
2021-07-19 17:25:00,코스닥,쎄미시스코,주권매매거래정지(무상증자),코스닥시장본부
2021-07-19 17:25:00,코스닥,이노와이즈,주식등의대량보유상황보고서(약식),와이케이파트너스
2021-07-19 17:25:00,코스닥,쎄미시스코,무상증자결정,쎄미시스코
2021-07-19 17:27:00,코스닥,KMH,주식등의대량보유상황보고서(일반),최상주
2021-07-19 17:28:00,유가증권,롯데제과,기업설명회(IR) 개최(안내공시),롯데제과
2021-07-19 17:30:00,코스닥,한국캐피탈,일괄신고추가서류(채무증권),한국캐피탈
2021-07-19 17:30:00,유가증권,비케이탑스,전환사채권발행결정,비케이탑스
2021-07-19 17:31:00,유가증권,신영증권,증권발행실적보고서,신영증권
2021-07-19 17:34:00,,키움투자자산운용,ETF 추가 ㆍ 변경상장신청서(수량변경)(일괄공시),키움투자자산운용
2021-07-19 17:34:00,,미래에셋자산운용,ETF 추가 ㆍ 변경상장신청서(수량변경)(일괄공시),미래에셋자산운용
2021-07-19 17:34:00,,한국투자신탁운용,ETF 추가 ㆍ 변경상장신청서(수량변경)(일괄공시),한국투자신탁운용
2021-07-19 17:34:00,,케이비자산운용,ETF 추가 ㆍ 변경상장신청서(수량변경)(일괄공시),KB자산운용
2021-07-19 17:34:00,,한화자산운용,ETF 추가 ㆍ 변경상장신청서(수량변경)(일괄공시),한화자산운용
2021-07-19 17:34:00,,삼성자산운용,ETF 추가 ㆍ 변경상장신청서(수량변경)(일괄공시),삼성자산운용
2021-07-19 17:35:00,코스닥,엠에스오토텍,유상증자결정(종속회사의 주요경영사항),엠에스오토텍
2021-07-19 17:35:00,코스닥,한국캐피탈,투자설명서[일괄신고-사채],한국캐피탈
2021-07-19 17:35:00,코스닥,지니언스,기타 경영사항(특허권 취득)(자율공시)(IP 모빌리티 지원 방법 및 IP 모빌리티 제공 시스템),지니언스
2021-07-19 17:35:00,유가증권,아이에스동서,타인에대한채무보증결정,아이에스동서
2021-07-19 17:36:00,코스닥,아이엠,유상증자결정(제3자배정),아이엠
2021-07-19 17:37:00,코스닥,KMH,타법인주식및출자증권처분결정,케이엠에이치
2021-07-19 17:39:00,코스닥,큐브앤컴퍼니,증권 발행결과(자율공시)(제3자배정 유상증자),큐브앤컴퍼니
2021-07-19 17:40:00,코스닥,조이시티,단기차입금증가결정,조이시티
2021-07-19 17:41:00,유가증권,신영증권,증권발행실적보고서,신영증권
2021-07-19 17:42:00,코스닥,아시아경제,임원ㆍ주요주주특정증권등소유상황보고서,케이엠에이치
2021-07-19 17:42:00,코스닥,YTN,조회공시요구(현저한시황변동)에대한답변(미확정),와이티엔
2021-07-19 17:43:00,코스닥,아시아경제,주식등의대량보유상황보고서(일반),케이엠에이치
2021-07-19 17:44:00,유가증권,SK가스,증권신고서(채무증권),SK가스
2021-07-19 17:44:00,코스닥,엠에스오토텍,타법인주식및출자증권취득결정,엠에스오토텍
2021-07-19 17:44:00,유가증권,신영증권,증권발행실적보고서,신영증권
2021-07-19 17:45:00,유가증권,센트럴인사이트,주주총회소집공고,센트럴인사이트
2021-07-19 17:45:00,코스닥,큐리언트,기타시장안내(개선계획서 제출),코스닥시장본부
2021-07-19 17:45:00,코스닥,이디티,전환사채권발행결정(제3회차),이디티
2021-07-19 17:46:00,코스닥,동화기업,타인에대한채무보증결정,동화기업
2021-07-19 17:48:00,유가증권,신영증권,증권발행실적보고서,신영증권
2021-07-19 17:49:00,코스닥,자안코스메틱,자기주식 처분 결정,자안코스메틱
2021-07-19 17:49:00,유가증권,센트럴인사이트,참고서류,센트럴인사이트
2021-07-19 17:51:00,코스닥,지나인제약,주주총회소집결의,지나인제약
2021-07-19 17:52:00,유가증권,신영증권,증권발행실적보고서,신영증권
2021-07-19 17:56:00,유가증권,현대에너지솔루션,연결재무제표기준영업(잠정)실적(공정공시),현대에너지솔루션
2021-07-19 17:57:00,코스닥,자안바이오,전환가액의조정(제4회차),자안바이오
2021-07-19 17:57:00,코스닥,고바이오랩,유형자산 양수 결정,고바이오랩
2021-07-19 18:00:00,코스닥,동방선기,소송 등의 제기ㆍ신청(경영권 분쟁 소송)(주주총회소집허가),동방선기
2021-07-19 18:04:00,코스닥,쎄미시스코,주주명부폐쇄기간 또는 기준일 설정,쎄미시스코
2021-07-19 18:06:00,,,일일 회전율 상위 20종목-ELW제외(유가증권시장),유가증권시장본부
2021-07-19 18:06:00,,,일일 회전율 상위 20종목-ELW포함(유가증권시장),유가증권시장본부
2021-07-19 18:06:00,,,대량매매내역(유가증권시장),유가증권시장본부
2021-07-19 18:06:00,,,자기주식매매 체결내역(유가증권시장),유가증권시장본부
2021-07-19 18:10:00,,,자기주식매매 신청내역(유가증권시장),유가증권시장본부
2021-07-19 18:14:00,코스닥,더네이쳐홀딩스,기타 주요경영사항(TaylorMade Golf 그룹 인수 관련 전략적 투자자 선정 및 출자확약서 철회 합의에 따른 안내),더네이쳐홀딩스
2021-07-19 18:19:00,,,자기주식매매체결내역(코스닥시장),코스닥시장본부
2021-07-19 18:20:00,,,자기주식매매신청내역(코스닥시장),코스닥시장본부
2021-07-19 18:21:00,,,직전1개월 일평균대비 거래량 증가율 상위 10종목(코스닥시장),코스닥시장본부
2021-07-19 18:21:00,,,일일회전율상위20종목(코스닥시장),코스닥시장본부
2021-07-19 18:21:00,,,대량매매내역(코스닥시장),코스닥시장본부
2021-07-19 18:21:00,,,일중 변동성 상위 10종목(코스닥시장),코스닥시장본부
2021-07-19 18:21:00,,,최근 20일중 최저(최고)가 대비 상승(하락)율 상위 10종목(코스닥시장),코스닥시장본부
2021-07-19 18:23:00,코스닥,이디티,유형자산 양수 결정,이디티
2021-07-19 18:26:00,코스닥,에이치엘비생명과학,공매도 과열종목 지정(공매도 거래 금지 적용),코스닥시장본부
2021-07-19 18:26:00,코스닥,유비쿼스홀딩스,공매도 과열종목 지정(공매도 거래 금지 적용),코스닥시장본부
2021-07-19 18:28:00,코스닥,조이시티,연결재무제표 기준 영업(잠정)실적(공정공시),조이시티
2021-07-19 18:29:00,코스닥,비보존 헬스케어,최대주주변경,비보존 헬스케어
2021-07-19 18:41:00,코스닥,큐브앤컴퍼니,최대주주변경,큐브앤컴퍼니
2021-07-19 18:51:00,코스닥,이디티,전환사채권발행결정(제3회차),이디티
2021-07-20 07:30:00,유가증권,센트럴인사이트,참고서류,아쉬세븐
2021-07-20 07:50:00,유가증권,F&F,단기차입금증가결정,에프앤에프
2021-07-20 07:50:00,유가증권,F&F,타법인주식및출자증권취득결정,에프앤에프
2021-07-20 07:50:00,유가증권,이엔플러스,대표이사(대표집행임원) 변경(안내공시),이엔플러스
2021-07-20 07:50:00,유가증권,이엔플러스,전환사채권발행결정,이엔플러스
2021-07-20 08:02:00,유가증권,한국항공우주,단일판매ㆍ공급계약체결,한국항공우주산업
2021-07-20 08:30:00,유가증권,SK,지속가능경영보고서 등 관련사항(자율공시),SK
2021-07-20 08:32:00,유가증권,SK가스,투자설명서,SK가스
2021-07-20 09:13:00,코스닥,아시아경제,조회공시요구(풍문또는보도)(최대주주 지분 및 경영권 매각 추진설),코스닥시장본부
2021-07-20 09:13:00,코스닥,SK머티리얼즈,타법인주식및출자증권취득결정,에스케이 머티리얼즈
2021-07-20 09:21:00,유가증권,대유플러스,타인에대한채무보증결정,대유플러스
2021-07-20 09:25:00,코스닥,SK머티리얼즈,기업설명회(IR) 개최,에스케이 머티리얼즈
2021-07-20 09:27:00,코스닥,SK머티리얼즈,연결재무제표 기준 영업(잠정)실적(공정공시),에스케이 머티리얼즈
2021-07-20 09:28:00,유가증권,한국카본,단일판매ㆍ공급계약체결,한국카본
2021-07-20 09:29:00,코스닥,대한그린파워,단일판매ㆍ공급계약체결,대한그린파워
2021-07-20 09:30:00,유가증권,한국카본,단일판매ㆍ공급계약체결,한국카본
2021-07-20 09:32:00,코스닥,신테카바이오,임원ㆍ주요주주특정증권등소유상황보고서,홍종희
2021-07-20 09:39:00,유가증권,미래에셋증권,일괄신고추가서류(파생결합증권-주가연계증권),미래에셋증권
2021-07-20 09:47:00,유가증권,NH투자증권,증권발행실적보고서,엔에이치투자증권
2021-07-20 09:48:00,코스닥,수젠텍,단일판매ㆍ공급계약체결,수젠텍
2021-07-20 09:55:00,코스닥,디오,연결재무제표 기준 영업(잠정)실적(공정공시),디오
2021-07-20 09:55:00,유가증권,더블유게임즈,유상증자결정(종속회사의 주요경영사항),더블유게임즈
2021-07-20 09:55:00,유가증권,더블유게임즈,해외 증권시장 주권등 상장 결정(종속회사의 주요경영사항),더블유게임즈
2021-07-20 09:56:00,유가증권,포스코케미칼,임원ㆍ주요주주특정증권등소유상황보고서,최영
2021-07-20 10:20:00,유가증권,현대차증권,일괄신고추가서류(파생결합사채-주가연계파생결합사채),현대차증권
2021-07-20 10:21:00,코스닥,알로이스,신탁계약에의한 취득 상황보고서,알로이스
2021-07-20 10:21:00,코스닥,에이디엠코리아,주주총회소집공고,에이디엠코리아
2021-07-20 10:21:00,코스닥,아이텍,주식등의대량보유상황보고서(약식),카르니아투자조합
2021-07-20 10:38:00,코스닥,경동제약,현금ㆍ현물배당 결정,경동제약
2021-07-20 10:40:00,코스닥,블루베리 NFT,임시주주총회결과,블루베리엔에프티
2021-07-20 10:44:00,코스닥,블루베리 NFT,사외이사의선임ㆍ해임또는중도퇴임에관한신고,블루베리엔에프티
2021-07-20 10:45:00,코스닥,OQP,투자설명서,온코퀘스트파마슈티컬
2021-07-20 11:00:00,유가증권,웅진씽크빅,타법인주식및출자증권취득결정(자율공시),웅진씽크빅
2021-07-20 11:20:00,유가증권,만도,임시주주총회 결과,만도
2021-07-20 11:29:00,유가증권,유안타증권,증권발행실적보고서,유안타증권
2021-07-20 11:30:00,유가증권,NH투자증권,일괄신고추가서류(파생결합증권-주가연계증권),엔에이치투자증권
2021-07-20 11:30:00,유가증권,NH투자증권,일괄신고추가서류(파생결합증권-주식워런트증권),엔에이치투자증권
2021-07-20 11:33:00,코스닥,코디,임원ㆍ주요주주특정증권등소유상황보고서,육일수
2021-07-20 11:35:00,유가증권,동남합성,최대주주등소유주식변동신고서,동남합성
2021-07-20 11:46:00,코스닥,파멥신,기타 경영사항(특허권 취득)(자율공시)(항-VISTA 항체 및 이의 용도),파멥신
2021-07-20 11:48:00,유가증권,NH투자증권,투자설명서[일괄신고-사채],엔에이치투자증권
2021-07-20 11:49:00,코스닥,디케이티,전환사채권발행결정(제1회차),디케이티
2021-07-20 11:50:00,유가증권,제이준코스메틱,유상증자 신주발행가액(안내공시),제이준코스메틱
2021-07-20 11:51:00,유가증권,제이준코스메틱,유무상증자결정,제이준코스메틱
2021-07-20 11:52:00,유가증권,제이준코스메틱,증권신고서(지분증권),제이준코스메틱
2021-07-20 11:53:00,유가증권,제이준코스메틱,투자설명서,제이준코스메틱
2021-07-20 12:56:00,유가증권,NH투자증권,투자설명서[일괄신고-사채],엔에이치투자증권
2021-07-20 13:07:00,유가증권,교보증권,증권발행실적보고서,교보증권
2021-07-20 13:10:00,유가증권,삼성증권,일괄신고추가서류(파생결합사채-주가연계파생결합사채),삼성증권
2021-07-20 13:11:00,유가증권,유안타증권,증권발행실적보고서,유안타증권
2021-07-20 13:11:00,유가증권,미래에셋증권,일괄신고추가서류(파생결합증권-주가연계증권),미래에셋증권
2021-07-20 13:20:00,코스닥,스타모빌리티,임시주주총회결과,스타모빌리티
2021-07-20 13:21:00,유가증권,유안타증권,증권발행실적보고서,유안타증권
2021-07-20 13:21:00,코스닥,스타모빌리티,상호변경안내,스타모빌리티
2021-07-20 13:21:00,코스닥,에코프로비엠,주식선물 2단계 가격제한폭 확대요건 도달(하락),파생상품시장본부
2021-07-20 13:24:00,유가증권,삼성증권,투자설명서[일괄신고-사채],삼성증권
2021-07-20 13:32:00,유가증권,현대차증권,투자설명서[일괄신고-사채],현대차증권
2021-07-20 13:34:00,코스닥,대호특수강,영업(잠정)실적(공정공시),대호특수강
2021-07-20 13:48:00,유가증권,키움증권,증권발행실적보고서,키움증권
2021-07-20 13:50:00,코넥스,유비온,감사보고서 제출(제19기(2017.10.1.~2018.9.30.)),유비온
2021-07-20 13:57:00,코스닥,시큐브,기타 경영사항(특허권 취득)(자율공시)(공간분할 세그먼트에 대한 동적이동 추적 기반 수기서명 인증 시스템 및 방법),시큐브
2021-07-20 13:58:00,유가증권,제주은행,결산실적공시 예고(안내공시),제주은행
2021-07-20 13:58:00,코스닥,메디아나,연결재무제표 기준 영업(잠정)실적(공정공시),메디아나
2021-07-20 14:10:00,코스닥,엔에이치스팩16호,주식등의대량보유상황보고서(일반),김진석
2021-07-20 14:10:00,코스닥,APS홀딩스,조회공시요구(현저한시황변동)에대한답변(중요정보 없음),에이피에스홀딩스
2021-07-20 14:14:00,코스닥,엔에이치스팩16호,임원ㆍ주요주주특정증권등소유상황보고서,김진석
2021-07-20 14:19:00,코스닥,엔에이치스팩16호,주식등의대량보유상황보고서(일반),코오롱인베스트먼트
2021-07-20 14:19:00,코스닥,엔에이치스팩16호,임원ㆍ주요주주특정증권등소유상황보고서,김진성
2021-07-20 14:20:00,코스닥,코디,임원ㆍ주요주주특정증권등소유상황보고서,육일수
2021-07-20 14:21:00,코스닥,아즈텍WB,전환사채권발행결정(제3회차),아즈텍더블유비이
2021-07-20 14:25:00,유가증권,미래에셋증권,일괄신고추가서류(파생결합증권-주가연계증권),미래에셋증권
2021-07-20 14:30:00,코스닥,엔에이치스팩16호,임원ㆍ주요주주특정증권등소유상황보고서,김봉균
2021-07-20 14:31:00,코스닥,에스트래픽,단일판매ㆍ공급계약체결(자율공시),에스트래픽
2021-07-20 14:32:00,유가증권,NH투자증권,증권발행실적보고서,엔에이치투자증권
2021-07-20 14:32:00,코넥스,유비온,감사보고서 제출(제20기(2018.10.1.~2019.9.30.)),유비온
2021-07-20 14:37:00,유가증권,한진중공업,단일판매ㆍ공급계약체결,한진중공업
2021-07-20 14:41:00,유가증권,NH투자증권,증권발행실적보고서,엔에이치투자증권
2021-07-20 14:53:00,유가증권,메리츠증권,일괄신고추가서류(파생결합증권-주가연계증권),메리츠증권
2021-07-20 14:55:00,코스닥,엠에프엠코리아,주식등의대량보유상황보고서(일반),엠에프엠홀딩스
2021-07-20 14:57:00,코스닥,해성옵틱스,증권 발행결과(자율공시),해성옵틱스
2021-07-20 14:58:00,유가증권,유안타증권,일괄신고추가서류(파생결합증권-주가연계증권),유안타증권
2021-07-20 15:00:00,유가증권,메리츠증권,투자설명서[일괄신고-사채],메리츠증권
2021-07-20 15:04:00,유가증권,미래에셋증권,일괄신고추가서류(파생결합증권-주가연계증권),미래에셋증권
2021-07-20 15:05:00,유가증권,NH투자증권,일괄신고추가서류(파생결합증권-주가연계증권),엔에이치투자증권
2021-07-20 15:05:00,유가증권,미래에셋증권,투자설명서[일괄신고-사채],미래에셋증권
2021-07-20 15:05:00,유가증권,유안타증권,투자설명서[일괄신고-사채],유안타증권
2021-07-20 15:05:00,코스닥,서한,단일판매ㆍ공급계약체결,서한
2021-07-20 15:06:00,코스닥,베노홀딩스,임시주주총회결과,베노홀딩스
2021-07-20 15:07:00,유가증권,NH투자증권,투자설명서[일괄신고-사채],엔에이치투자증권
2021-07-20 15:07:00,유가증권,미래에셋증권,투자설명서[일괄신고-사채],미래에셋증권
2021-07-20 15:12:00,유가증권,미래에셋증권,투자설명서[일괄신고-사채],미래에셋증권
2021-07-20 15:16:00,코스닥,비츠로테크,전환청구권행사,비츠로테크
2021-07-20 15:17:00,유가증권,오리온,연결재무제표기준영업(잠정)실적(공정공시),오리온
2021-07-20 15:19:00,코스닥,에스트래픽,임시주주총회결과,에스트래픽
2021-07-20 15:19:00,유가증권,미래에셋증권,투자설명서[일괄신고-사채],미래에셋증권
2021-07-20 15:23:00,유가증권,유안타증권,일괄신고추가서류(파생결합증권-주가연계증권),유안타증권
2021-07-20 15:31:00,코넥스,에스앤디,유상증자결정(일반공모),에스앤디
2021-07-20 15:32:00,코스닥,해성옵틱스,증권발행실적보고서,해성옵틱스
2021-07-20 15:33:00,코스닥,디자인,임원ㆍ주요주주특정증권등소유상황보고서,김태억
2021-07-20 15:34:00,유가증권,유안타증권,투자설명서[일괄신고-사채],유안타증권
2021-07-20 15:34:00,코스닥,KB오토시스,주식등의대량보유상황보고서(일반),김용웅
2021-07-20 15:35:00,코넥스,아이피몬스터,주식등의대량보유상황보고서(일반),웰리브
2021-07-20 15:36:00,코스닥,고영,주식등의대량보유상황보고서(일반),고영홀딩스
2021-07-20 15:37:00,코스닥,비덴트,주식등의대량보유상황보고서(일반),위메이드
2021-07-20 15:38:00,코스닥,재영솔루텍,신주인수권증권 변경상장(신주인수권 행사),코스닥시장본부
2021-07-20 15:38:00,코스닥,재영솔루텍,추가상장(국내공모 BW행사),코스닥시장본부
2021-07-20 15:38:00,코스닥,서플러스글로벌,참고서류,서플러스글로벌
2021-07-20 15:39:00,유가증권,미래에셋증권,증권발행실적보고서,미래에셋증권
2021-07-20 15:40:00,코스닥,고영,임원ㆍ주요주주특정증권등소유상황보고서,이기준
2021-07-20 15:40:00,코스닥,CNT85,단일판매ㆍ공급계약체결,씨앤티85
2021-07-20 15:41:00,코스닥,파트론,임원ㆍ주요주주특정증권등소유상황보고서,김종구
2021-07-20 15:41:00,유가증권,미래에셋증권,증권발행실적보고서,미래에셋증권
2021-07-20 15:42:00,코스닥,디자인,추가상장(국내사모 CB전환),코스닥시장본부
2021-07-20 15:42:00,코스닥,디자인,추가상장(주식매수선택권행사),코스닥시장본부
2021-07-20 15:42:00,코스닥,대원,추가상장(국내사모 CB전환),코스닥시장본부
2021-07-20 15:43:00,유가증권,현대위아,특수관계인으로부터기타유가증권매수,현대위아
2021-07-20 15:44:00,코스닥,에이루트,사업보고서(일반법인),에이루트
2021-07-20 15:44:00,코스닥,경남제약헬스케어,증권 발행결과(자율공시),경남제약헬스케어
2021-07-20 15:45:00,유가증권,미래에셋증권,증권발행실적보고서,미래에셋증권
2021-07-20 15:45:00,코스닥,에스피지,주식등의대량보유상황보고서(일반),이준호
2021-07-20 15:46:00,코넥스,에스알바이오텍,주식등의대량보유상황보고서(약식),코어자산운용
2021-07-20 15:46:00,코스닥,미코,추가상장(국내사모 CB전환),코스닥시장본부
2021-07-20 15:46:00,코스닥,아시아경제,주식등의대량보유상황보고서(일반),케이엠에이치
2021-07-20 15:48:00,코스닥,SGA,추가상장(국내사모 CB전환),코스닥시장본부
2021-07-20 15:49:00,코스닥,삼강엠앤티,추가상장(국내사모 CB전환),코스닥시장본부
2021-07-20 15:49:00,코스닥,이노메트리,추가상장(주식매수선택권행사),코스닥시장본부
2021-07-20 15:49:00,유가증권,두산인프라코어,회사분할합병으로 인한 변경상장 기준가격결정방법 안내(분할합병존속법인),유가증권시장본부
2021-07-20 15:50:00,코스닥,KMH,주식등의대량보유상황보고서(일반),최상주
2021-07-20 15:51:00,코스닥,일야,유형자산 양도 결정,일야
2021-07-20 15:52:00,유가증권,대유플러스,불성실공시법인지정예고,유가증권시장본부
2021-07-20 15:53:00,코스닥,대신밸런스제7호스팩,주권매매거래정지(SPAC 합병(예비심사청구대상)),코스닥시장본부
2021-07-20 15:53:00,코스닥,대신밸런스제7호스팩,회사합병 결정,대신밸런스제7호기업인수목적
2021-07-20 15:55:00,코스닥,네오이뮨텍,사업보고서(일반법인),네오이뮨텍
2021-07-20 15:57:00,코스닥,에스와이,주식등의대량보유상황보고서(일반),홍영돈
2021-07-20 15:57:00,코스닥,THE MIDONG,유상증자결정(제3자배정),더 미동
2021-07-20 15:57:00,코스닥,컴퍼니케이,기타 경영사항(자율공시)(스마트코리아 컴퍼니케이 언택트펀드 결성),컴퍼니케이파트너스
2021-07-20 15:58:00,유가증권,국제약품,임원ㆍ주요주주특정증권등소유상황보고서,이호성
2021-07-20 16:00:00,유가증권,NH투자증권,일괄신고추가서류(파생결합증권-주가연계증권),엔에이치투자증권
2021-07-20 16:02:00,코스닥,코디,주권 관련 사채권 양도 결정,코디
2021-07-20 16:02:00,코넥스,단디바이오,매매거래정지 예고,시장감시위원회
2021-07-20 16:03:00,코스닥,특수건설,신주인수권증서 신규상장(특수건설9R),코스닥시장본부
2021-07-20 16:04:00,코스닥,펩트론,주식등의대량보유상황보고서(일반),최호일
2021-07-20 16:06:00,유가증권,진흥기업,임원ㆍ주요주주특정증권등소유상황보고서,우리은행
2021-07-20 16:07:00,코스닥,네이처셀,추가상장(주식매수선택권행사),코스닥시장본부
2021-07-20 16:08:00,코스닥,삼성스팩2호,[투자주의]단일계좌 거래량 상위종목,시장감시위원회
2021-07-20 16:08:00,코스닥,디지아이,[투자주의]15일간 상승종목의 당일 소수계좌 매수관여 과다종목,시장감시위원회
2021-07-20 16:08:00,코스닥,씨이랩,[투자주의]15일간 상승종목의 당일 소수계좌 매수관여 과다종목,시장감시위원회
2021-07-20 16:08:00,코스닥,코나아이,신탁계약에의한 취득 상황보고서,코나아이
2021-07-20 16:08:00,코스닥,네이처셀,[투자주의]투자경고종목 지정해제 및 재지정 예고,시장감시위원회
2021-07-20 16:08:00,코스닥,오하임아이엔티,[투자주의]스팸관여과다종목,시장감시위원회
2021-07-20 16:08:00,코스닥,메디콕스,추가상장(국내사모 CB전환),코스닥시장본부
2021-07-20 16:08:00,코스닥,에이루트,[투자주의]투자경고종목 지정예고,시장감시위원회
2021-07-20 16:09:00,유가증권,교보증권,일괄신고추가서류(파생결합증권-주가연계증권),교보증권
2021-07-20 16:09:00,유가증권,NH투자증권,투자설명서[일괄신고-사채],엔에이치투자증권
2021-07-20 16:09:00,코스닥,초록뱀컴퍼니,추가상장(우선주의 보통주전환),코스닥시장본부
2021-07-20 16:09:00,코스닥,신원종합개발,추가상장(국내사모 CB전환),코스닥시장본부
2021-07-20 16:09:00,유가증권,일성건설,[투자주의]투자경고종목 지정해제 및 재지정 예고,시장감시위원회
2021-07-20 16:09:00,유가증권,한전산업,[투자주의]투자경고종목 지정해제 및 재지정 예고,시장감시위원회
2021-07-20 16:09:00,코스닥,한국캐피탈,증권발행실적보고서,한국캐피탈
2021-07-20 16:10:00,코스닥,파멥신,신주인수권증서 신규상장(파멥신18R),코스닥시장본부
2021-07-20 16:11:00,유가증권,교보증권,투자설명서[일괄신고-사채],교보증권
2021-07-20 16:11:00,유가증권,JB금융지주,기업설명회(IR) 개최(안내공시),JB금융지주
2021-07-20 16:12:00,코스닥,시스웍,추가상장(주식매수선택권행사),코스닥시장본부
2021-07-20 16:12:00,코스닥,에스엠,추가상장(주식매수선택권행사),코스닥시장본부
2021-07-20 16:12:00,코스닥,소리바다,변경상장(감자(무상)),코스닥시장본부
2021-07-20 16:13:00,코스닥,소리바다,주권매매거래정지기간변경(감자 주권 변경상장),코스닥시장본부
2021-07-20 16:14:00,유가증권,한화생명,임원ㆍ주요주주특정증권등소유상황보고서,
2021-07-20 16:14:00,코스닥,이화전기,단일판매ㆍ공급계약체결,이화전기공업
2021-07-20 16:14:00,유가증권,미래에셋증권,증권발행실적보고서,미래에셋증권
2021-07-20 16:17:00,유가증권,NH투자증권,일괄신고추가서류(파생결합증권-주가연계증권),엔에이치투자증권
2021-07-20 16:19:00,코스닥,휴메딕스,기업설명회(IR) 개최,휴메딕스
2021-07-20 16:20:00,코스닥,네오위즈,주식등의대량보유상황보고서(일반),나성균
2021-07-20 16:22:00,코스닥,케이피에프,증권 발행결과(자율공시),케이피에프
2021-07-20 16:23:00,코넥스,아이피몬스터,주식등의대량보유상황보고서(일반),웰리브
2021-07-20 16:23:00,유가증권,기업은행,결산실적공시 예고(안내공시),중소기업은행
2021-07-20 16:24:00,코스닥,엘앤에프,주식등의대량보유상황보고서(일반),새로닉스
2021-07-20 16:24:00,유가증권,메리츠증권,증권발행실적보고서,메리츠증권
2021-07-20 16:25:00,유가증권,NH투자증권,투자설명서[일괄신고-사채],엔에이치투자증권
2021-07-20 16:25:00,코스닥,네오위즈,임원ㆍ주요주주특정증권등소유상황보고서,박성준
2021-07-20 16:26:00,코스닥,코리아에셋투자증권,단기과열종목(3거래일 단일가매매) 지정,코스닥시장본부
2021-07-20 16:26:00,코스닥,대호특수강,"단기과열종목(가격괴리율, 3거래일 단일가매매) 지정 연장(대호특수강우)",코스닥시장본부
2021-07-20 16:26:00,코스닥,메카로,회사합병 결정(소규모합병),메카로
2021-07-20 16:26:00,코스닥,에쎈테크,(예고)단기과열종목(3거래일 단일가매매) 지정예고,코스닥시장본부
2021-07-20 16:26:00,코스닥,와이제이엠게임즈,(예고)단기과열종목(3거래일 단일가매매) 지정예고,코스닥시장본부
2021-07-20 16:27:00,유가증권,교보증권,일괄신고추가서류(파생결합증권-주가연계증권),교보증권
2021-07-20 16:29:00,유가증권,메리츠증권,증권발행실적보고서,메리츠증권
2021-07-20 16:29:00,유가증권,LX홀딩스,"단기과열종목(가격괴리율, 3거래일 단일가매매) 지정 연장(LX홀딩스1우)",유가증권시장본부
2021-07-20 16:31:00,유가증권,그린케미칼,현금ㆍ현물 배당 결정,그린케미칼
2021-07-20 16:32:00,유가증권,교보증권,투자설명서[일괄신고-사채],교보증권
2021-07-20 16:32:00,코스닥,이디티,투자판단 관련 주요경영사항(경영지배인 사임의 건),이디티
2021-07-20 16:32:00,코스닥,이디티,증권 발행결과(자율공시)(제3자배정 유상증자),이디티
